-- Generated by Craft v2.6.2796 on Jul 11, 2016, 1:34:11 AM.

--
-- Disable foreign key checks and autocommit.
--

SET FOREIGN_KEY_CHECKS = 0;
SET SQL_MODE = "NO_AUTO_VALUE_ON_ZERO";
SET AUTOCOMMIT = 0;
SET NAMES utf8;


DROP TABLE IF EXISTS `craft_assetfiles`;


--
-- Schema for table `craft_assetfiles`
--
CREATE TABLE `craft_assetfiles` (
  `id` int(11) NOT NULL,
  `sourceId` int(11) DEFAULT NULL,
  `folderId` int(11) NOT NULL,
  `filename` varchar(255) COLLATE utf8_unicode_ci NOT NULL,
  `kind` varchar(50) COLLATE utf8_unicode_ci NOT NULL DEFAULT 'unknown',
  `width` int(11) unsigned DEFAULT NULL,
  `height` int(11) unsigned DEFAULT NULL,
  `size` bigint(20) unsigned DEFAULT NULL,
  `dateModified` datetime DEFAULT NULL,
  `dateCreated` datetime NOT NULL,
  `dateUpdated` datetime NOT NULL,
  `uid` char(36) COLLATE utf8_unicode_ci NOT NULL DEFAULT '0',
  PRIMARY KEY (`id`),
  UNIQUE KEY `craft_assetfiles_filename_folderId_unq_idx` (`filename`,`folderId`),
  KEY `craft_assetfiles_sourceId_fk` (`sourceId`),
  KEY `craft_assetfiles_folderId_fk` (`folderId`)
) ENGINE=InnoDB DEFAULT CHARSET=utf8 COLLATE=utf8_unicode_ci;

--
-- Data for table `craft_assetfiles`
--

INSERT INTO `craft_assetfiles` (`id`, `sourceId`, `folderId`, `filename`, `kind`, `width`, `height`, `size`, `dateModified`, `dateCreated`, `dateUpdated`, `uid`) VALUES
 ('97', '1', '1', 'apple-touch-icon-precomposed.png', 'image', '144', '144', '1050', '2016-05-04 19:15:20', '2016-06-30 21:11:53', '2016-06-30 21:11:53', '6220c147-82bc-4373-9c4b-e4fbb6c4d4fe'),
 ('98', '1', '2', 'placeholder.png', 'image', '2400', '1600', '83258', '2016-05-20 06:44:49', '2016-06-30 21:11:53', '2016-06-30 21:11:53', 'e047dd39-2c70-47dc-92da-ae97e00e937d'),
 ('99', '1', '2', 'logo.svg', 'image', '2000', '477', '881', '2016-05-04 19:15:20', '2016-06-30 21:11:53', '2016-06-30 21:11:53', 'f8428636-c080-4b1f-93f8-958b2009be42'),
 ('100', '1', '2', 'text.png', 'image', '24', '24', '2821', '2016-05-04 19:15:20', '2016-06-30 21:11:54', '2016-06-30 21:11:54', 'cf48a9ec-f795-499a-a315-dc271efa9099'),
 ('101', '1', '1', 'logo-reverse.svg', 'image', '1000', '652', '1801', '2016-05-04 19:15:20', '2016-06-30 21:11:54', '2016-06-30 21:11:54', 'cf254e75-e7d6-4779-8fa1-cea02d3105ec'),
 ('102', '1', '1', 'logo.svg', 'image', '100', '65', '1650', '2016-05-20 05:54:47', '2016-06-30 21:11:54', '2016-06-30 21:11:54', 'a57c905d-b8b6-410e-965b-5da4b8db0ec2');



DROP TABLE IF EXISTS `craft_assetfolders`;


--
-- Schema for table `craft_assetfolders`
--
CREATE TABLE `craft_assetfolders` (
  `id` int(11) NOT NULL AUTO_INCREMENT,
  `parentId` int(11) DEFAULT NULL,
  `sourceId` int(11) DEFAULT NULL,
  `name` varchar(255) COLLATE utf8_unicode_ci NOT NULL,
  `path` varchar(255) COLLATE utf8_unicode_ci DEFAULT NULL,
  `dateCreated` datetime NOT NULL,
  `dateUpdated` datetime NOT NULL,
  `uid` char(36) COLLATE utf8_unicode_ci NOT NULL DEFAULT '0',
  PRIMARY KEY (`id`),
  UNIQUE KEY `craft_assetfolders_name_parentId_sourceId_unq_idx` (`name`,`parentId`,`sourceId`),
  KEY `craft_assetfolders_parentId_fk` (`parentId`),
  KEY `craft_assetfolders_sourceId_fk` (`sourceId`)
) ENGINE=InnoDB AUTO_INCREMENT=3 DEFAULT CHARSET=utf8 COLLATE=utf8_unicode_ci;

--
-- Data for table `craft_assetfolders`
--

INSERT INTO `craft_assetfolders` (`id`, `parentId`, `sourceId`, `name`, `path`, `dateCreated`, `dateUpdated`, `uid`) VALUES
 ('1', NULL, '1', 'Article images', '', '2015-05-15 21:39:23', '2015-05-15 21:39:23', '6ecf1e41-655a-4d3b-beb9-4ea10668f60d'),
 ('2', '1', '1', 'livewires', 'livewires/', '2016-06-30 21:11:52', '2016-06-30 21:11:52', 'f0ec7a68-07d0-4dbc-91b1-299b3a1243a7');



DROP TABLE IF EXISTS `craft_assetindexdata`;


--
-- Schema for table `craft_assetindexdata`
--
CREATE TABLE `craft_assetindexdata` (
  `id` int(11) NOT NULL AUTO_INCREMENT,
  `sessionId` varchar(36) COLLATE utf8_unicode_ci NOT NULL DEFAULT '',
  `sourceId` int(10) NOT NULL,
  `offset` int(10) NOT NULL,
  `uri` varchar(255) COLLATE utf8_unicode_ci DEFAULT NULL,
  `size` bigint(20) unsigned DEFAULT NULL,
  `recordId` int(10) DEFAULT NULL,
  `dateCreated` datetime NOT NULL,
  `dateUpdated` datetime NOT NULL,
  `uid` char(36) COLLATE utf8_unicode_ci NOT NULL DEFAULT '0',
  PRIMARY KEY (`id`),
  UNIQUE KEY `craft_assetindexdata_sessionId_sourceId_offset_unq_idx` (`sessionId`,`sourceId`,`offset`),
  KEY `craft_assetindexdata_sourceId_fk` (`sourceId`)
) ENGINE=InnoDB DEFAULT CHARSET=utf8 COLLATE=utf8_unicode_ci;

DROP TABLE IF EXISTS `craft_assetsources`;


--
-- Schema for table `craft_assetsources`
--
CREATE TABLE `craft_assetsources` (
  `id` int(11) NOT NULL AUTO_INCREMENT,
  `name` varchar(255) COLLATE utf8_unicode_ci NOT NULL,
  `handle` varchar(255) COLLATE utf8_unicode_ci NOT NULL,
  `type` varchar(150) COLLATE utf8_unicode_ci NOT NULL,
  `settings` text COLLATE utf8_unicode_ci,
  `sortOrder` smallint(6) unsigned DEFAULT NULL,
  `fieldLayoutId` int(10) DEFAULT NULL,
  `dateCreated` datetime NOT NULL,
  `dateUpdated` datetime NOT NULL,
  `uid` char(36) COLLATE utf8_unicode_ci NOT NULL DEFAULT '0',
  PRIMARY KEY (`id`),
  UNIQUE KEY `craft_assetsources_name_unq_idx` (`name`),
  UNIQUE KEY `craft_assetsources_handle_unq_idx` (`handle`),
  KEY `craft_assetsources_fieldLayoutId_fk` (`fieldLayoutId`)
) ENGINE=InnoDB AUTO_INCREMENT=2 DEFAULT CHARSET=utf8 COLLATE=utf8_unicode_ci;

--
-- Data for table `craft_assetsources`
--

INSERT INTO `craft_assetsources` (`id`, `name`, `handle`, `type`, `settings`, `sortOrder`, `fieldLayoutId`, `dateCreated`, `dateUpdated`, `uid`) VALUES
 ('1', 'Article images', 'articleImages', 'Local', '{\"path\":\"img\\/\",\"publicURLs\":\"1\",\"url\":\"\\/img\\/\"}', '1', '414', '2015-05-15 21:39:23', '2016-06-15 00:44:10', '473a5d2b-d024-40c4-99e7-793297204ba6');



DROP TABLE IF EXISTS `craft_assettransformindex`;


--
-- Schema for table `craft_assettransformindex`
--
CREATE TABLE `craft_assettransformindex` (
  `id` int(11) NOT NULL AUTO_INCREMENT,
  `fileId` int(11) NOT NULL,
  `filename` varchar(255) COLLATE utf8_unicode_ci DEFAULT NULL,
  `format` varchar(255) COLLATE utf8_unicode_ci DEFAULT NULL,
  `location` varchar(255) COLLATE utf8_unicode_ci NOT NULL,
  `sourceId` int(11) DEFAULT NULL,
  `fileExists` tinyint(1) DEFAULT NULL,
  `inProgress` tinyint(1) DEFAULT NULL,
  `dateIndexed` datetime DEFAULT NULL,
  `dateCreated` datetime NOT NULL,
  `dateUpdated` datetime NOT NULL,
  `uid` char(36) COLLATE utf8_unicode_ci NOT NULL DEFAULT '0',
  PRIMARY KEY (`id`),
  KEY `craft_assettransformindex_sourceId_fileId_location_idx` (`sourceId`,`fileId`,`location`)
) ENGINE=InnoDB DEFAULT CHARSET=utf8 COLLATE=utf8_unicode_ci;

DROP TABLE IF EXISTS `craft_assettransforms`;


--
-- Schema for table `craft_assettransforms`
--
CREATE TABLE `craft_assettransforms` (
  `id` int(11) NOT NULL AUTO_INCREMENT,
  `name` varchar(255) COLLATE utf8_unicode_ci NOT NULL,
  `handle` varchar(255) COLLATE utf8_unicode_ci NOT NULL,
  `mode` enum('stretch','fit','crop') COLLATE utf8_unicode_ci NOT NULL DEFAULT 'crop',
  `position` enum('top-left','top-center','top-right','center-left','center-center','center-right','bottom-left','bottom-center','bottom-right') COLLATE utf8_unicode_ci NOT NULL DEFAULT 'center-center',
  `height` int(10) DEFAULT NULL,
  `width` int(10) DEFAULT NULL,
  `format` varchar(255) COLLATE utf8_unicode_ci DEFAULT NULL,
  `quality` int(10) DEFAULT NULL,
  `dimensionChangeTime` datetime DEFAULT NULL,
  `dateCreated` datetime NOT NULL,
  `dateUpdated` datetime NOT NULL,
  `uid` char(36) COLLATE utf8_unicode_ci NOT NULL DEFAULT '0',
  PRIMARY KEY (`id`),
  UNIQUE KEY `craft_assettransforms_name_unq_idx` (`name`),
  UNIQUE KEY `craft_assettransforms_handle_unq_idx` (`handle`)
) ENGINE=InnoDB DEFAULT CHARSET=utf8 COLLATE=utf8_unicode_ci;

DROP TABLE IF EXISTS `craft_categories`;


--
-- Schema for table `craft_categories`
--
CREATE TABLE `craft_categories` (
  `id` int(11) NOT NULL,
  `groupId` int(11) NOT NULL,
  `dateCreated` datetime NOT NULL,
  `dateUpdated` datetime NOT NULL,
  `uid` char(36) COLLATE utf8_unicode_ci NOT NULL DEFAULT '0',
  PRIMARY KEY (`id`),
  KEY `craft_categories_groupId_fk` (`groupId`)
) ENGINE=InnoDB DEFAULT CHARSET=utf8 COLLATE=utf8_unicode_ci;

DROP TABLE IF EXISTS `craft_categorygroups`;


--
-- Schema for table `craft_categorygroups`
--
CREATE TABLE `craft_categorygroups` (
  `id` int(11) NOT NULL AUTO_INCREMENT,
  `structureId` int(11) NOT NULL,
  `fieldLayoutId` int(11) DEFAULT NULL,
  `name` varchar(255) COLLATE utf8_unicode_ci NOT NULL,
  `handle` varchar(255) COLLATE utf8_unicode_ci NOT NULL,
  `hasUrls` tinyint(1) unsigned NOT NULL DEFAULT '1',
  `template` varchar(500) COLLATE utf8_unicode_ci DEFAULT NULL,
  `dateCreated` datetime NOT NULL,
  `dateUpdated` datetime NOT NULL,
  `uid` char(36) COLLATE utf8_unicode_ci NOT NULL DEFAULT '0',
  PRIMARY KEY (`id`),
  UNIQUE KEY `craft_categorygroups_name_unq_idx` (`name`),
  UNIQUE KEY `craft_categorygroups_handle_unq_idx` (`handle`),
  KEY `craft_categorygroups_structureId_fk` (`structureId`),
  KEY `craft_categorygroups_fieldLayoutId_fk` (`fieldLayoutId`)
) ENGINE=InnoDB DEFAULT CHARSET=utf8 COLLATE=utf8_unicode_ci;

DROP TABLE IF EXISTS `craft_categorygroups_i18n`;


--
-- Schema for table `craft_categorygroups_i18n`
--
CREATE TABLE `craft_categorygroups_i18n` (
  `id` int(11) NOT NULL AUTO_INCREMENT,
  `groupId` int(11) NOT NULL,
  `locale` char(12) COLLATE utf8_unicode_ci NOT NULL,
  `urlFormat` text COLLATE utf8_unicode_ci,
  `nestedUrlFormat` text COLLATE utf8_unicode_ci,
  `dateCreated` datetime NOT NULL,
  `dateUpdated` datetime NOT NULL,
  `uid` char(36) COLLATE utf8_unicode_ci NOT NULL DEFAULT '0',
  PRIMARY KEY (`id`),
  UNIQUE KEY `craft_categorygroups_i18n_groupId_locale_unq_idx` (`groupId`,`locale`),
  KEY `craft_categorygroups_i18n_locale_fk` (`locale`)
) ENGINE=InnoDB DEFAULT CHARSET=utf8 COLLATE=utf8_unicode_ci;

DROP TABLE IF EXISTS `craft_content`;


--
-- Schema for table `craft_content`
--
CREATE TABLE `craft_content` (
  `id` int(11) NOT NULL AUTO_INCREMENT,
  `elementId` int(11) NOT NULL,
  `locale` char(12) COLLATE utf8_unicode_ci NOT NULL,
  `title` varchar(255) COLLATE utf8_unicode_ci DEFAULT NULL,
  `field_imageSize` text COLLATE utf8_unicode_ci,
  `field_imagePosition` varchar(255) COLLATE utf8_unicode_ci DEFAULT NULL,
  `field_imageFinePosition` text COLLATE utf8_unicode_ci,
  `field_imageRepeat` varchar(255) COLLATE utf8_unicode_ci DEFAULT '',
  `field_fixedPosition` tinyint(1) unsigned NOT NULL DEFAULT '0',
  `field_websiteUrl` text COLLATE utf8_unicode_ci,
  `field_altText` text COLLATE utf8_unicode_ci,
  `field_caption` text COLLATE utf8_unicode_ci,
  `field_credit` text COLLATE utf8_unicode_ci,
  `field_imageCreditUrl` text COLLATE utf8_unicode_ci,
  `field_imageCreditOrganization` text COLLATE utf8_unicode_ci,
  `field_imageCreditOrgUrl` text COLLATE utf8_unicode_ci,
  `field_heading` text COLLATE utf8_unicode_ci,
  `field_subhead` text COLLATE utf8_unicode_ci,
  `field_gtm` text COLLATE utf8_unicode_ci,
  `field_width` varchar(255) COLLATE utf8_unicode_ci DEFAULT 'full',
  `field_pushLeft` varchar(255) COLLATE utf8_unicode_ci DEFAULT '',
  `field_pushRight` varchar(255) COLLATE utf8_unicode_ci DEFAULT '',
  `field_customClass` text COLLATE utf8_unicode_ci,
  `field_customColour` char(7) COLLATE utf8_unicode_ci DEFAULT NULL,
  `field_markdown` tinyint(1) unsigned NOT NULL DEFAULT '0',
  `field_text` text COLLATE utf8_unicode_ci,
  `field_colour` varchar(255) COLLATE utf8_unicode_ci DEFAULT 'transparent',
  `field_anchorName` text COLLATE utf8_unicode_ci,
  `field_rowType` varchar(255) COLLATE utf8_unicode_ci DEFAULT 'standard',
  `field_captionPosition` varchar(255) COLLATE utf8_unicode_ci DEFAULT 'leftBottom',
  `field_quoteType` varchar(255) COLLATE utf8_unicode_ci DEFAULT NULL,
  `field_float` varchar(255) COLLATE utf8_unicode_ci DEFAULT NULL,
  `field_language` varchar(255) COLLATE utf8_unicode_ci DEFAULT NULL,
  `field_dividerType` varchar(255) COLLATE utf8_unicode_ci DEFAULT 'standardRule',
  `field_embedCode` text COLLATE utf8_unicode_ci,
  `field_table` text COLLATE utf8_unicode_ci,
  `field_tableType` varchar(255) COLLATE utf8_unicode_ci DEFAULT 'invisible',
  `field_blankOutText` tinyint(1) unsigned NOT NULL DEFAULT '0',
  `field_placeholderSize` text COLLATE utf8_unicode_ci,
  `field_placeholderText` text COLLATE utf8_unicode_ci,
  `field_fieldName` text COLLATE utf8_unicode_ci,
  `field_fieldType` varchar(255) COLLATE utf8_unicode_ci DEFAULT 'text',
  `field_fieldOptions` text COLLATE utf8_unicode_ci,
  `field_required` tinyint(1) unsigned NOT NULL DEFAULT '0',
  `field_formAction` text COLLATE utf8_unicode_ci,
  `field_redirect` text COLLATE utf8_unicode_ci,
  `field_value` text COLLATE utf8_unicode_ci,
  `field_optionFieldType` varchar(255) COLLATE utf8_unicode_ci DEFAULT NULL,
  `field_errorMessage` text COLLATE utf8_unicode_ci,
  `field_thankYouMessage` text COLLATE utf8_unicode_ci,
  `field_fieldLabel` text COLLATE utf8_unicode_ci,
  `field_buttonColour` varchar(255) COLLATE utf8_unicode_ci DEFAULT 'default',
  `field_optionFormat` varchar(255) COLLATE utf8_unicode_ci DEFAULT 'normal',
  `field_headSnippets` text COLLATE utf8_unicode_ci,
  `field_listingSection` varchar(255) COLLATE utf8_unicode_ci DEFAULT NULL,
  `field_limit` int(10) unsigned DEFAULT '0',
  `field_footerSnippets` text COLLATE utf8_unicode_ci,
  `field_buttonType` varchar(255) COLLATE utf8_unicode_ci DEFAULT '',
  `field_fieldWidth` varchar(255) COLLATE utf8_unicode_ci DEFAULT '',
  `field_textAlignment` varchar(255) COLLATE utf8_unicode_ci DEFAULT NULL,
  `dateCreated` datetime NOT NULL,
  `dateUpdated` datetime NOT NULL,
  `uid` char(36) COLLATE utf8_unicode_ci NOT NULL DEFAULT '0',
  PRIMARY KEY (`id`),
  UNIQUE KEY `craft_content_elementId_locale_unq_idx` (`elementId`,`locale`),
  KEY `craft_content_title_idx` (`title`),
  KEY `craft_content_locale_fk` (`locale`)
) ENGINE=InnoDB AUTO_INCREMENT=110 DEFAULT CHARSET=utf8 COLLATE=utf8_unicode_ci;

--
-- Data for table `craft_content`
--

INSERT INTO `craft_content` (`id`, `elementId`, `locale`, `title`, `field_imageSize`, `field_imagePosition`, `field_imageFinePosition`, `field_imageRepeat`, `field_fixedPosition`, `field_websiteUrl`, `field_altText`, `field_caption`, `field_credit`, `field_imageCreditUrl`, `field_imageCreditOrganization`, `field_imageCreditOrgUrl`, `field_heading`, `field_subhead`, `field_gtm`, `field_width`, `field_pushLeft`, `field_pushRight`, `field_customClass`, `field_customColour`, `field_markdown`, `field_text`, `field_colour`, `field_anchorName`, `field_rowType`, `field_captionPosition`, `field_quoteType`, `field_float`, `field_language`, `field_dividerType`, `field_embedCode`, `field_table`, `field_tableType`, `field_blankOutText`, `field_placeholderSize`, `field_placeholderText`, `field_fieldName`, `field_fieldType`, `field_fieldOptions`, `field_required`, `field_formAction`, `field_redirect`, `field_value`, `field_optionFieldType`, `field_errorMessage`, `field_thankYouMessage`, `field_fieldLabel`, `field_buttonColour`, `field_optionFormat`, `field_headSnippets`, `field_listingSection`, `field_limit`, `field_footerSnippets`, `field_buttonType`, `field_fieldWidth`, `field_textAlignment`, `dateCreated`, `dateUpdated`, `uid`) VALUES
 ('1', '1', 'en_us', NULL, NULL, NULL, NULL, '', '0', NULL, NULL, NULL, NULL, NULL, NULL, NULL, NULL, NULL, NULL, 'full', NULL, NULL, NULL, NULL, '0', NULL, 'transparent', NULL, 'standard', 'leftBottom', NULL, NULL, NULL, 'standardRule', NULL, NULL, 'invisible', '0', NULL, NULL, NULL, NULL, NULL, '0', NULL, NULL, NULL, NULL, NULL, NULL, NULL, 'default', 'normal', NULL, NULL, '0', NULL, '', '', NULL, '2015-05-15 20:59:38', '2015-05-15 20:59:38', 'bba6efc1-4a23-42cb-acb1-515af914d7b5'),
 ('2', '2', 'en_us', 'Home', NULL, NULL, NULL, '', '0', NULL, NULL, NULL, NULL, NULL, NULL, NULL, 'Louder Than Ten', ' Editorial System', NULL, 'full', NULL, NULL, NULL, NULL, '0', NULL, 'transparent', NULL, 'standard', 'leftBottom', NULL, NULL, NULL, 'standardRule', NULL, NULL, 'invisible', '0', NULL, NULL, NULL, NULL, NULL, '0', NULL, NULL, NULL, NULL, NULL, NULL, NULL, 'default', 'normal', NULL, NULL, '0', NULL, '', '', NULL, '2015-05-15 20:59:41', '2016-05-22 02:33:49', '0513e76f-97b1-479d-9db2-20887c18f0a4'),
 ('5', '8', 'en_us', NULL, NULL, NULL, NULL, '', '0', NULL, NULL, NULL, '&copy; Louder Than Ten. Rapidly built with [Live Wires](http://www.livewires.io).', NULL, NULL, NULL, NULL, NULL, '', 'full', NULL, NULL, NULL, NULL, '0', NULL, 'transparent', NULL, 'standard', 'leftBottom', NULL, NULL, NULL, 'standardRule', NULL, NULL, 'invisible', '0', NULL, NULL, NULL, NULL, NULL, '0', NULL, NULL, NULL, NULL, NULL, NULL, NULL, 'default', 'normal', NULL, NULL, '0', NULL, '', '', NULL, '2016-05-11 20:23:33', '2016-05-20 06:16:36', '6cd7ec2b-2686-45d7-a9c1-fe338a2ac935'),
 ('6', '13', 'en_us', NULL, NULL, NULL, NULL, '', '0', NULL, NULL, NULL, NULL, NULL, NULL, NULL, NULL, NULL, NULL, 'full', NULL, NULL, '', '#000000', '0', NULL, 'transparent', '', 'standard', 'leftBottom', NULL, NULL, NULL, 'standardRule', NULL, NULL, 'invisible', '0', NULL, NULL, NULL, NULL, NULL, '0', NULL, NULL, NULL, NULL, NULL, NULL, NULL, 'default', 'normal', NULL, NULL, '0', NULL, '', '', NULL, '2016-05-18 00:33:32', '2016-05-20 05:27:37', '48915912-7833-4e7c-ae92-9e867782fb1b'),
 ('7', '14', 'en_us', NULL, NULL, NULL, NULL, '', '0', NULL, NULL, NULL, NULL, NULL, NULL, NULL, NULL, NULL, NULL, 'full', '', '', '', NULL, '1', 'Test text.', 'transparent', NULL, 'standard', 'leftBottom', NULL, 'left', NULL, 'standardRule', NULL, NULL, 'invisible', '0', NULL, NULL, NULL, NULL, NULL, '0', NULL, NULL, NULL, NULL, NULL, NULL, NULL, 'default', 'normal', NULL, NULL, '0', NULL, '', '', NULL, '2016-05-18 00:33:32', '2016-05-20 05:27:37', '380b4827-a702-42f6-9547-618412fc1daa'),
 ('8', '15', 'en_us', NULL, NULL, NULL, NULL, '', '0', NULL, NULL, NULL, NULL, NULL, NULL, NULL, NULL, NULL, NULL, 'full', '', '', '', NULL, '0', NULL, 'transparent', NULL, 'standard', 'leftBottom', NULL, NULL, NULL, 'standardRule', NULL, NULL, 'invisible', '0', NULL, NULL, NULL, NULL, NULL, '0', NULL, NULL, NULL, NULL, NULL, NULL, NULL, 'default', 'normal', NULL, NULL, '0', NULL, '', '', NULL, '2016-05-18 00:53:45', '2016-05-20 05:27:37', 'ba253b2f-b37d-48b1-85f2-1f88e12e26d6'),
 ('9', '16', 'en_us', NULL, NULL, NULL, NULL, '', '0', NULL, NULL, NULL, NULL, NULL, NULL, NULL, NULL, NULL, NULL, 'full', '', '', '', '#000000', '0', NULL, 'reverse', '', 'standard', 'leftBottom', NULL, NULL, NULL, 'standardRule', NULL, NULL, 'invisible', '0', NULL, NULL, NULL, NULL, NULL, '0', NULL, NULL, NULL, NULL, NULL, NULL, NULL, 'default', 'normal', NULL, NULL, '0', NULL, '', '', NULL, '2016-05-18 00:53:45', '2016-05-20 05:27:37', 'f11f2eb3-69c0-4a50-b6c8-4f313a291d44'),
 ('10', '17', 'en_us', NULL, NULL, NULL, NULL, '', '0', NULL, NULL, NULL, NULL, NULL, NULL, NULL, NULL, NULL, NULL, 'c3x2', 'pl3', '', '', NULL, '1', 'Another piece of text', 'transparent', NULL, 'standard', 'leftBottom', NULL, 'left', NULL, 'standardRule', NULL, NULL, 'invisible', '0', NULL, NULL, NULL, NULL, NULL, '0', NULL, NULL, NULL, NULL, NULL, NULL, NULL, 'default', 'normal', NULL, NULL, '0', NULL, '', '', NULL, '2016-05-18 00:53:45', '2016-05-20 05:27:37', 'f9d0fbd5-c2ff-4de1-b3f2-22cb7a5273b3'),
 ('11', '18', 'en_us', NULL, NULL, NULL, NULL, '', '0', NULL, NULL, NULL, NULL, NULL, NULL, NULL, NULL, NULL, NULL, 'c5x3', '', '', '', NULL, '0', 'Some text', 'transparent', NULL, 'standard', 'leftBottom', 'externalQuote', 'left', NULL, 'standardRule', NULL, NULL, 'invisible', '0', NULL, NULL, NULL, NULL, NULL, '0', NULL, NULL, NULL, NULL, NULL, NULL, NULL, 'default', 'normal', NULL, NULL, '0', NULL, '', '', NULL, '2016-05-18 00:53:45', '2016-05-20 05:27:37', 'f3c4c878-c68c-4c01-aef7-ec1dd77009f3'),
 ('13', '20', 'en_us', NULL, NULL, NULL, NULL, '', '0', NULL, NULL, NULL, NULL, NULL, NULL, NULL, NULL, NULL, NULL, 'full', '', '', '', '#000000', '0', NULL, 'transparent', '', 'standard', 'leftBottom', NULL, NULL, NULL, 'standardRule', NULL, NULL, 'invisible', '0', NULL, NULL, NULL, NULL, NULL, '0', NULL, NULL, NULL, NULL, NULL, NULL, NULL, 'default', 'normal', NULL, NULL, '0', NULL, '', '', NULL, '2016-05-19 23:24:07', '2016-05-20 05:23:49', 'f64aaf70-3128-499c-b176-22b7a788d7a5'),
 ('14', '21', 'en_us', NULL, NULL, NULL, NULL, '', '0', NULL, NULL, NULL, NULL, NULL, NULL, NULL, NULL, NULL, NULL, 'c2', 'pl6', '', '', NULL, '1', '## Here\'s a subsection in a row\r\n\r\nasdfasdfa sdflk asdfl kjasd;fl kjads;lfkjadsl;fk jasd;lkf jasd;lkf jads;lk fjasd;lk fjads;lk fjasd;lkf jasd;lkfj asd;lkjf a;sldkjf sd;alkj f;dlsakj fasd;lkfj sdlknf asdlkjnf ;alkjf a;lsdkjf ;alsdkj fa;sldkj fas;dlkjf as;lkj fdasl;k f', 'transparent', NULL, 'standard', 'leftBottom', NULL, 'left', NULL, 'standardRule', NULL, NULL, 'invisible', '0', NULL, NULL, NULL, NULL, NULL, '0', NULL, NULL, NULL, NULL, NULL, NULL, NULL, 'default', 'normal', NULL, NULL, '0', NULL, '', '', NULL, '2016-05-19 23:24:07', '2016-05-20 05:23:49', '653ae24a-5435-408e-b178-a4835a127767'),
 ('15', '22', 'en_us', NULL, NULL, NULL, NULL, '', '0', NULL, NULL, NULL, NULL, NULL, NULL, NULL, NULL, NULL, NULL, 'c3', '', '', '', '#000000', '1', '### This is a callout\r\n\r\nadsf asdf \r\nasdf asdf asd\r\n asdf asdf asdf\r\n asdf asdf asdf asdf asd\r\n', 'reverse', NULL, 'standard', 'leftBottom', NULL, 'right', NULL, 'standardRule', NULL, NULL, 'invisible', '0', NULL, NULL, NULL, NULL, NULL, '0', NULL, NULL, NULL, NULL, NULL, NULL, NULL, 'default', 'normal', NULL, NULL, '0', NULL, '', '', NULL, '2016-05-19 23:24:07', '2016-05-20 05:23:49', '0057712b-a53d-47d9-82c3-c1073b4a6cab'),
 ('16', '23', 'en_us', NULL, NULL, NULL, NULL, '', '0', NULL, NULL, NULL, NULL, NULL, NULL, NULL, NULL, NULL, NULL, 'full', '', '', '', '#000000', '0', NULL, 'reverse', '', 'row--tight', 'leftBottom', NULL, NULL, NULL, 'standardRule', NULL, NULL, 'invisible', '0', NULL, NULL, NULL, NULL, NULL, '0', NULL, NULL, NULL, NULL, NULL, NULL, NULL, 'default', 'normal', NULL, NULL, '0', NULL, '', '', NULL, '2016-05-19 23:24:07', '2016-05-20 05:23:49', '6332cf17-baf5-448f-85e1-bfc57a7353e1'),
 ('18', '25', 'en_us', NULL, NULL, NULL, NULL, '', '0', NULL, NULL, NULL, NULL, NULL, NULL, NULL, NULL, NULL, NULL, 'c3x2', 'pl3', '', '', NULL, '1', '### More test', 'transparent', NULL, 'standard', 'leftBottom', NULL, 'left', NULL, 'standardRule', NULL, NULL, 'invisible', '0', NULL, NULL, NULL, NULL, NULL, '0', NULL, NULL, NULL, NULL, NULL, NULL, NULL, 'default', 'normal', NULL, NULL, '0', NULL, '', '', NULL, '2016-05-19 23:26:35', '2016-05-20 05:23:49', '2d1aa871-dc99-4bc9-b21f-ed0db2aa2a2e'),
 ('19', '26', 'en_us', NULL, NULL, NULL, NULL, '', '0', NULL, NULL, NULL, NULL, NULL, NULL, NULL, NULL, NULL, NULL, 'full', '', '', '', '#000000', '0', NULL, 'transparent', '', 'standard', 'leftBottom', NULL, NULL, NULL, 'standardRule', NULL, NULL, 'invisible', '0', NULL, NULL, NULL, NULL, NULL, '0', NULL, NULL, NULL, NULL, NULL, NULL, NULL, 'default', 'normal', NULL, NULL, '0', NULL, '', '', NULL, '2016-05-20 06:08:15', '2016-05-22 02:03:46', '40435f88-0480-420e-be0c-1ce03b73fa96'),
 ('20', '27', 'en_us', NULL, NULL, NULL, NULL, '', '0', NULL, NULL, NULL, NULL, NULL, NULL, NULL, NULL, NULL, NULL, 'c3x2', '', '', '', NULL, '1', '##Your Live Wires playground\r\n\r\n<p class=\"lead\">Today we stop making trash and, instead, start building living, breathing beauties that will look and act the way they were imagined.</p>\r\n\r\nGood stuff! You’ve downloaded and set up Live Wires successfully on your machine. Here\'s how it works:\r\n\r\nLive Wires is a platform-agnostic design framework made with Sass that allows you to create responsive grey-box wireframes and prototypes in HTML & SCSS. You can keep all your code without needing to create static mock ups or other deliverables you end up throwing away.', 'transparent', NULL, 'standard', 'leftBottom', NULL, 'left', NULL, 'standardRule', NULL, NULL, 'invisible', '0', NULL, NULL, NULL, NULL, NULL, '0', NULL, NULL, NULL, NULL, NULL, NULL, NULL, 'default', 'normal', NULL, NULL, '0', NULL, '', '', NULL, '2016-05-20 06:08:15', '2016-05-22 02:03:46', '5c0d8709-fff2-4e45-bdab-8cb6dac03dfa'),
 ('21', '28', 'en_us', NULL, NULL, NULL, NULL, '', '0', NULL, NULL, NULL, NULL, NULL, NULL, NULL, NULL, NULL, NULL, 'c3', '', '', '', NULL, '1', '###Recommended workflow\r\n\r\n####Step one\r\n\r\nBegin by creating your low-fidelity wireframes right here. This page will act as the index or home page of your project. Feel free to delete or overwrite the content on this page with your own.\r\n\r\n####Step two\r\n\r\nUse the [linked style guide](/guide/) to style your elements, components, and modules.\r\n\r\n####Step three\r\n\r\nRefine your templates and share with your team or clients as fully-responsive high-fidelity prototypes.', 'transparent', NULL, 'standard', 'leftBottom', NULL, 'left', NULL, 'standardRule', NULL, NULL, 'invisible', '0', NULL, NULL, NULL, NULL, NULL, '0', NULL, NULL, NULL, NULL, NULL, NULL, NULL, 'default', 'normal', NULL, NULL, '0', NULL, '', '', NULL, '2016-05-20 06:08:15', '2016-05-22 02:03:46', '9aa40a09-bb99-4b65-8b93-0eecd4bfd8d1'),
 ('22', '29', 'en_us', NULL, NULL, NULL, NULL, '', '0', NULL, NULL, NULL, NULL, NULL, NULL, NULL, NULL, NULL, NULL, 'full', '', '', '', '#000000', '0', NULL, 'reverse', '', 'standard', 'leftBottom', NULL, NULL, NULL, 'standardRule', NULL, NULL, 'invisible', '0', NULL, NULL, NULL, NULL, NULL, '0', NULL, NULL, NULL, NULL, NULL, NULL, NULL, 'default', 'normal', NULL, NULL, '0', NULL, '', '', NULL, '2016-05-20 06:08:15', '2016-05-22 02:03:46', 'd86edb2a-2248-48ae-8dfe-7b24cfb80acb'),
 ('23', '30', 'en_us', NULL, NULL, NULL, NULL, '', '0', NULL, NULL, NULL, NULL, NULL, NULL, NULL, NULL, NULL, NULL, 'c2', '', '', '', NULL, '1', '### Support\r\n \r\nSubmit your bug reports, pull requests, and questions to [GitHub](https://github.com/louderthanten/livewires/issues).', 'transparent', NULL, 'standard', 'leftBottom', NULL, 'left', NULL, 'standardRule', NULL, NULL, 'invisible', '0', NULL, NULL, NULL, NULL, NULL, '0', NULL, NULL, NULL, NULL, NULL, NULL, NULL, 'default', 'normal', NULL, NULL, '0', NULL, '', '', NULL, '2016-05-20 06:08:15', '2016-05-22 02:03:46', '6b884aa3-3496-4b5c-97cc-a10a2223cd72'),
 ('24', '31', 'en_us', NULL, NULL, NULL, NULL, '', '0', NULL, NULL, NULL, NULL, NULL, NULL, NULL, NULL, NULL, NULL, 'c2', '', '', '', NULL, '1', '###About\r\n\r\n[Follow us on Twitter](http://twitter.com/louderthanten) and stay tuned for more detailed video how-tos about this design workflow.\r\n\r\nLive Wires is built by [Louder Than Ten](https://louderthanten.com).', 'transparent', NULL, 'standard', 'leftBottom', NULL, 'left', NULL, 'standardRule', NULL, NULL, 'invisible', '0', NULL, NULL, NULL, NULL, NULL, '0', NULL, NULL, NULL, NULL, NULL, NULL, NULL, 'default', 'normal', NULL, NULL, '0', NULL, '', '', NULL, '2016-05-20 06:08:15', '2016-05-22 02:03:46', '31ecae8d-0d1e-460f-97d8-2fa3c7382771'),
 ('32', '41', 'en_us', NULL, NULL, NULL, NULL, '', '0', NULL, NULL, NULL, NULL, NULL, NULL, NULL, NULL, NULL, NULL, 'full', '', '', '', '#000000', '0', NULL, 'transparent', '', 'standard', 'leftBottom', NULL, NULL, NULL, 'standardRule', NULL, NULL, 'invisible', '0', NULL, NULL, NULL, NULL, NULL, '0', NULL, NULL, NULL, NULL, NULL, NULL, NULL, 'default', 'normal', NULL, NULL, '0', NULL, '', '', NULL, '2016-05-22 02:29:07', '2016-05-22 05:01:12', '95184e64-2679-4cfe-ab9d-29188588d40d'),
 ('33', '42', 'en_us', NULL, NULL, NULL, NULL, '', '0', NULL, NULL, NULL, NULL, NULL, NULL, NULL, NULL, NULL, NULL, 'full', '', '', '', '#000000', '1', 'Some text', 'transparent', NULL, 'standard', 'leftBottom', NULL, 'left', NULL, 'standardRule', NULL, NULL, 'invisible', '0', NULL, NULL, NULL, NULL, NULL, '0', NULL, NULL, NULL, NULL, NULL, NULL, NULL, 'default', 'normal', NULL, NULL, '0', NULL, '', '', NULL, '2016-05-22 02:29:07', '2016-05-22 05:01:12', 'a3a85883-3b06-4e4c-a985-0b158b0d3a8f'),
 ('36', '46', 'en_us', NULL, NULL, NULL, NULL, '', '0', NULL, NULL, NULL, NULL, NULL, NULL, NULL, NULL, NULL, NULL, 'full', '', '', '', '#000000', '0', NULL, 'transparent', '', 'standard', 'leftBottom', NULL, NULL, NULL, 'standardRule', NULL, NULL, 'invisible', '0', NULL, NULL, NULL, 'text', NULL, '0', NULL, NULL, NULL, NULL, NULL, NULL, NULL, 'default', 'normal', NULL, NULL, '0', NULL, '', '', NULL, '2016-05-22 04:32:55', '2016-05-22 17:04:39', '29bae6dc-7c2f-4119-99df-7410c4fa3560'),
 ('37', '47', 'en_us', NULL, NULL, NULL, NULL, '', '0', NULL, NULL, NULL, NULL, NULL, NULL, NULL, NULL, NULL, NULL, 'full', '', '', '', NULL, '0', NULL, 'transparent', '', 'standard', 'leftBottom', NULL, 'left', NULL, 'standardRule', NULL, NULL, 'invisible', '0', NULL, NULL, NULL, 'text', NULL, '0', '', '', '', NULL, NULL, '', NULL, 'default', 'normal', NULL, NULL, '0', NULL, '', '', NULL, '2016-05-22 04:32:55', '2016-05-22 04:32:55', 'f663d764-a0d1-47de-a063-47d28e7a15f7'),
 ('40', '50', 'en_us', NULL, NULL, NULL, NULL, '', '0', NULL, NULL, NULL, NULL, NULL, NULL, NULL, NULL, NULL, NULL, 'full', '', '', '', NULL, '0', NULL, 'transparent', '', 'standard', 'leftBottom', NULL, NULL, NULL, 'standardRule', NULL, NULL, 'invisible', '0', NULL, NULL, 'name', 'text', NULL, '1', NULL, NULL, '', NULL, 'Please enter your name', NULL, 'Name', 'default', 'normal', NULL, NULL, '0', NULL, '', '', NULL, '2016-05-22 05:01:12', '2016-05-22 05:01:12', '134beb92-7f55-461b-bad9-0e3e0aa0ffc2'),
 ('41', '51', 'en_us', NULL, NULL, NULL, NULL, '', '0', NULL, NULL, NULL, NULL, NULL, NULL, NULL, NULL, NULL, NULL, 'full', '', '', '', NULL, '0', NULL, 'transparent', '', 'standard', 'leftBottom', NULL, NULL, NULL, 'standardRule', NULL, NULL, 'invisible', '0', NULL, NULL, 'email', 'email', NULL, '1', NULL, NULL, '', NULL, 'Enter a valid email address', NULL, 'Email', 'default', 'normal', NULL, NULL, '0', NULL, '', '', NULL, '2016-05-22 05:01:12', '2016-05-22 05:01:12', '2c581ccd-24d1-4b19-9e2e-84ea703c3713'),
 ('54', '64', 'en_us', NULL, NULL, NULL, NULL, '', '0', NULL, NULL, NULL, NULL, NULL, NULL, NULL, NULL, NULL, NULL, 'c5x3', '', '', '', '#000000', '0', '###Contact ', 'reverse', '', 'standard', 'leftBottom', NULL, 'left', NULL, 'standardRule', NULL, NULL, 'invisible', '0', NULL, NULL, NULL, 'text', NULL, '0', '', '', 'Getin in touch', NULL, NULL, '', NULL, 'blue', 'normal', NULL, NULL, '0', NULL, '', '', NULL, '2016-05-22 16:26:54', '2016-05-22 17:04:39', '31f1ac35-31a1-4d25-9ffd-62d34962e34f'),
 ('55', '65', 'en_us', NULL, NULL, NULL, NULL, '', '0', NULL, NULL, NULL, NULL, NULL, NULL, NULL, NULL, NULL, NULL, 'full', '', '', '', NULL, '0', NULL, 'transparent', '', 'standard', 'leftBottom', NULL, NULL, NULL, 'standardRule', NULL, NULL, 'invisible', '0', NULL, 'EG) Bobby Bower', '', 'text', NULL, '0', NULL, NULL, '', NULL, '', NULL, 'Name', 'default', 'normal', NULL, NULL, '0', NULL, '', '', NULL, '2016-05-22 16:26:54', '2016-05-22 17:04:39', '5dfb22ca-9072-4203-9fbf-327bd0fd1138'),
 ('56', '66', 'en_us', NULL, NULL, NULL, NULL, '', '0', NULL, NULL, NULL, NULL, NULL, NULL, NULL, NULL, NULL, NULL, 'c5x2', '', '', '', '#000000', '1', '### Contact info\r\n\r\n123 Address', 'subtle', NULL, 'standard', 'leftBottom', NULL, 'right', NULL, 'standardRule', NULL, NULL, 'invisible', '0', NULL, NULL, NULL, 'text', NULL, '0', NULL, NULL, NULL, NULL, NULL, NULL, NULL, 'default', 'normal', NULL, NULL, '0', NULL, '', '', NULL, '2016-05-22 16:26:54', '2016-05-22 17:04:39', '24c1ff90-7598-44bf-b296-b051411c1155'),
 ('57', '67', 'en_us', NULL, NULL, NULL, NULL, '', '0', NULL, NULL, NULL, NULL, NULL, NULL, NULL, NULL, NULL, NULL, 'full', '', '', '', NULL, '0', NULL, 'transparent', '', 'standard', 'leftBottom', NULL, NULL, NULL, 'standardRule', NULL, NULL, 'invisible', '0', NULL, 'your@emailhere.com', '', 'email', NULL, '1', NULL, NULL, '', NULL, '', NULL, 'Email', 'default', 'normal', NULL, NULL, '0', NULL, '', '', NULL, '2016-05-22 16:51:30', '2016-05-22 17:04:39', '0e946393-c905-41d0-9532-613b3a38aa3c'),
 ('58', '68', 'en_us', NULL, NULL, NULL, NULL, '', '0', NULL, NULL, NULL, NULL, NULL, NULL, NULL, NULL, NULL, NULL, 'full', '', '', '', NULL, '0', NULL, 'transparent', '', 'standard', 'leftBottom', NULL, NULL, NULL, 'standardRule', NULL, NULL, 'invisible', '0', NULL, NULL, '', 'text', '[{\"col1\":\"I agree to the terms and conditions\",\"col2\":\"agree\",\"col3\":\"1\"}]', '1', NULL, NULL, NULL, 'checkbox', NULL, NULL, '', 'default', 'normal', NULL, NULL, '0', NULL, '', '', NULL, '2016-05-22 16:51:30', '2016-05-22 17:04:39', '15e080c4-1c9d-4b35-8a6d-fc6864fcb3e2'),
 ('60', '70', 'en_us', NULL, NULL, NULL, NULL, '', '0', NULL, NULL, NULL, NULL, NULL, NULL, NULL, NULL, NULL, NULL, 'full', '', '', '', '#000000', '0', NULL, 'reverse', '', 'standard', 'leftBottom', NULL, NULL, NULL, 'standardRule', NULL, NULL, 'invisible', '0', NULL, NULL, NULL, 'text', NULL, '0', NULL, NULL, NULL, NULL, NULL, NULL, NULL, 'default', 'normal', NULL, NULL, '0', NULL, '', '', NULL, '2016-05-25 00:29:56', '2016-05-25 00:30:12', '9dff04e6-a0ef-41dc-a663-5ce05a0286e5'),
 ('61', '71', 'en_us', NULL, NULL, NULL, NULL, '', '0', NULL, NULL, NULL, NULL, NULL, NULL, NULL, NULL, NULL, NULL, 'full', '', '', '', NULL, '1', '## Text code\r\n\r\nHere we are.', 'transparent', NULL, 'standard', 'leftBottom', NULL, 'left', NULL, 'standardRule', NULL, NULL, 'invisible', '0', NULL, NULL, NULL, 'text', NULL, '0', NULL, NULL, NULL, NULL, NULL, NULL, NULL, 'default', 'normal', NULL, NULL, '0', NULL, '', '', NULL, '2016-05-25 00:29:57', '2016-05-25 00:30:12', '5119c8ff-58c2-4a16-8373-3ff6795f5227'),
 ('63', '73', 'en_us', NULL, NULL, NULL, NULL, '', '0', NULL, NULL, NULL, NULL, NULL, NULL, NULL, NULL, NULL, NULL, 'full', '', '', '', '#000000', '0', NULL, 'blue', '', 'standard', 'leftBottom', NULL, NULL, NULL, 'standardRule', NULL, NULL, 'invisible', '0', NULL, NULL, NULL, 'text', NULL, '0', NULL, NULL, NULL, NULL, NULL, NULL, NULL, 'default', 'normal', NULL, NULL, '0', NULL, '', '', NULL, '2016-05-27 06:50:27', '2016-05-27 06:50:27', 'fccb4528-768e-4ef2-986f-0d1205e58790'),
 ('64', '74', 'en_us', NULL, NULL, NULL, NULL, '', '0', NULL, NULL, NULL, NULL, NULL, NULL, NULL, NULL, NULL, NULL, 'c3x2', '', '', '', NULL, '1', '## Text', 'transparent', NULL, 'standard', 'leftBottom', NULL, 'left', NULL, 'standardRule', NULL, NULL, 'invisible', '0', NULL, NULL, NULL, 'text', NULL, '0', NULL, NULL, NULL, NULL, NULL, NULL, NULL, 'default', 'normal', NULL, NULL, '0', NULL, '', '', NULL, '2016-05-27 06:50:27', '2016-05-27 06:50:27', '604074a1-8eb6-4a88-b2a0-b404533f8a1b'),
 ('65', '75', 'en_us', NULL, NULL, NULL, NULL, '', '0', NULL, NULL, NULL, NULL, NULL, NULL, NULL, NULL, NULL, NULL, 'c3', '', '', '', '#000000', '1', '### Text', 'transparent', NULL, 'standard', 'leftBottom', NULL, 'left', NULL, 'standardRule', NULL, NULL, 'invisible', '0', NULL, NULL, NULL, 'text', NULL, '0', NULL, NULL, NULL, NULL, NULL, NULL, NULL, 'default', 'normal', NULL, NULL, '0', NULL, '', '', NULL, '2016-05-27 06:50:27', '2016-05-27 06:50:27', 'b9777f8c-041e-4660-a14c-0afac4ffc82b'),
 ('67', '77', 'en_us', NULL, NULL, NULL, NULL, '', '0', NULL, NULL, NULL, NULL, NULL, NULL, NULL, NULL, NULL, NULL, 'full', '', '', '', '#000000', '0', NULL, 'transparent', '', 'standard', 'leftBottom', NULL, NULL, NULL, 'standardRule', NULL, NULL, 'invisible', '0', NULL, NULL, NULL, 'text', NULL, '0', NULL, NULL, NULL, NULL, NULL, NULL, NULL, 'default', 'normal', NULL, NULL, '0', NULL, '', '', NULL, '2016-06-26 00:08:06', '2016-06-26 00:08:06', 'ec64d8aa-7912-4cda-9f86-ce5ab2a3bf97'),
 ('68', '78', 'en_us', NULL, NULL, NULL, NULL, '', '0', NULL, NULL, NULL, NULL, NULL, NULL, NULL, NULL, NULL, NULL, 'full', '', '', '', NULL, '1', 'Donec id elit non mi porta gravida at eget metus. Duis mollis, est non commodo luctus, nisi erat porttitor ligula, eget lacinia odio sem nec elit. Morbi leo risus, porta ac consectetur ac, vestibulum at eros. Nulla vitae elit libero, a pharetra augue.\r\n\r\nNullam quis risus eget urna mollis ornare vel eu leo. Cras justo odio, dapibus ac facilisis in, egestas eget quam. Nullam quis risus eget urna mollis ornare vel eu leo. Vivamus sagittis lacus vel augue laoreet rutrum faucibus dolor auctor. Cum sociis natoque penatibus et magnis dis parturient montes, nascetur ridiculus mus.\r\n\r\nVestibulum id ligula porta felis euismod semper. Donec sed odio dui. Nulla vitae elit libero, a pharetra augue. Vivamus sagittis lacus vel augue laoreet rutrum faucibus dolor auctor. Morbi leo risus, porta ac consectetur ac, vestibulum at eros. Morbi leo risus, porta ac consectetur ac, vestibulum at eros.', 'transparent', NULL, 'standard', 'leftBottom', NULL, 'left', NULL, 'standardRule', NULL, NULL, 'invisible', '0', NULL, NULL, NULL, 'text', NULL, '0', NULL, NULL, NULL, NULL, NULL, NULL, NULL, 'default', 'normal', NULL, NULL, '0', NULL, '', '', NULL, '2016-06-26 00:08:06', '2016-06-26 00:08:06', 'da9b6c89-22c4-4723-aff1-faed1fe4a5b4'),
 ('70', '80', 'en_us', NULL, NULL, NULL, NULL, '', '0', NULL, NULL, NULL, NULL, NULL, NULL, NULL, NULL, NULL, NULL, 'full', '', '', '', '#000000', '0', NULL, 'transparent', '', 'standard', 'leftBottom', NULL, NULL, NULL, 'standardRule', NULL, NULL, 'invisible', '0', NULL, NULL, NULL, 'text', NULL, '0', NULL, NULL, NULL, NULL, NULL, NULL, NULL, 'default', 'normal', NULL, NULL, '0', NULL, '', '', NULL, '2016-06-26 00:08:40', '2016-06-26 00:08:40', '4dbda3a5-a86b-4b9f-a865-a01424d41c17'),
 ('71', '81', 'en_us', NULL, NULL, NULL, NULL, '', '0', NULL, NULL, NULL, NULL, NULL, NULL, NULL, NULL, NULL, NULL, 'full', '', '', '', NULL, '1', 'Donec id elit non mi porta gravida at eget metus. Duis mollis, est non commodo luctus, nisi erat porttitor ligula, eget lacinia odio sem nec elit. Morbi leo risus, porta ac consectetur ac, vestibulum at eros. Nulla vitae elit libero, a pharetra augue.\r\n\r\nNullam quis risus eget urna mollis ornare vel eu leo. Cras justo odio, dapibus ac facilisis in, egestas eget quam. Nullam quis risus eget urna mollis ornare vel eu leo. Vivamus sagittis lacus vel augue laoreet rutrum faucibus dolor auctor. Cum sociis natoque penatibus et magnis dis parturient montes, nascetur ridiculus mus.\r\n\r\nVestibulum id ligula porta felis euismod semper. Donec sed odio dui. Nulla vitae elit libero, a pharetra augue. Vivamus sagittis lacus vel augue laoreet rutrum faucibus dolor auctor. Morbi leo risus, porta ac consectetur ac, vestibulum at eros. Morbi leo risus, porta ac consectetur ac, vestibulum at eros.', 'transparent', NULL, 'standard', 'leftBottom', NULL, 'left', NULL, 'standardRule', NULL, NULL, 'invisible', '0', NULL, NULL, NULL, 'text', NULL, '0', NULL, NULL, NULL, NULL, NULL, NULL, NULL, 'default', 'normal', NULL, NULL, '0', NULL, '', '', NULL, '2016-06-26 00:08:40', '2016-06-26 00:08:40', 'd2f68ad0-1719-4423-911d-60ea5ae15d6d'),
 ('73', '83', 'en_us', NULL, NULL, NULL, NULL, '', '0', NULL, NULL, NULL, NULL, NULL, NULL, NULL, NULL, NULL, NULL, 'full', '', '', '', '#000000', '0', NULL, 'transparent', '', 'standard', 'leftBottom', NULL, NULL, NULL, 'standardRule', NULL, NULL, 'invisible', '0', NULL, NULL, NULL, 'text', NULL, '0', NULL, NULL, NULL, NULL, NULL, NULL, NULL, 'default', 'normal', NULL, NULL, '0', NULL, '', '', NULL, '2016-06-26 00:09:02', '2016-06-26 00:09:02', 'eca8b36f-4c6d-4a00-8202-2d10495491cf'),
 ('74', '84', 'en_us', NULL, NULL, NULL, NULL, '', '0', NULL, NULL, NULL, NULL, NULL, NULL, NULL, NULL, NULL, NULL, 'full', '', '', '', NULL, '1', 'Donec id elit non mi porta gravida at eget metus. Duis mollis, est non commodo luctus, nisi erat porttitor ligula, eget lacinia odio sem nec elit. Morbi leo risus, porta ac consectetur ac, vestibulum at eros. Nulla vitae elit libero, a pharetra augue.\r\n\r\nNullam quis risus eget urna mollis ornare vel eu leo. Cras justo odio, dapibus ac facilisis in, egestas eget quam. Nullam quis risus eget urna mollis ornare vel eu leo. Vivamus sagittis lacus vel augue laoreet rutrum faucibus dolor auctor. Cum sociis natoque penatibus et magnis dis parturient montes, nascetur ridiculus mus.\r\n\r\nVestibulum id ligula porta felis euismod semper. Donec sed odio dui. Nulla vitae elit libero, a pharetra augue. Vivamus sagittis lacus vel augue laoreet rutrum faucibus dolor auctor. Morbi leo risus, porta ac consectetur ac, vestibulum at eros. Morbi leo risus, porta ac consectetur ac, vestibulum at eros.', 'transparent', NULL, 'standard', 'leftBottom', NULL, 'left', NULL, 'standardRule', NULL, NULL, 'invisible', '0', NULL, NULL, NULL, 'text', NULL, '0', NULL, NULL, NULL, NULL, NULL, NULL, NULL, 'default', 'normal', NULL, NULL, '0', NULL, '', '', NULL, '2016-06-26 00:09:02', '2016-06-26 00:09:02', '39cc4d4a-825b-447f-b384-b485452696ea'),
 ('76', '86', 'en_us', NULL, NULL, NULL, NULL, '', '0', NULL, NULL, NULL, NULL, NULL, NULL, NULL, NULL, NULL, NULL, 'full', '', '', '', '#000000', '0', NULL, 'transparent', '', 'standard', 'leftBottom', NULL, NULL, NULL, 'standardRule', NULL, NULL, 'invisible', '0', NULL, NULL, NULL, 'text', NULL, '0', NULL, NULL, NULL, NULL, NULL, NULL, NULL, 'default', 'normal', NULL, NULL, '0', NULL, '', '', NULL, '2016-06-26 00:09:56', '2016-06-26 00:09:56', 'd6a990cb-e868-4322-9c33-f9bd6f0d2237'),
 ('77', '87', 'en_us', NULL, NULL, NULL, NULL, '', '0', NULL, NULL, NULL, NULL, NULL, NULL, NULL, NULL, NULL, NULL, 'full', '', '', '', '#000000', '1', '## Here are some entries.', 'transparent', '', 'standard', 'leftBottom', NULL, 'left', NULL, 'standardRule', NULL, NULL, 'invisible', '0', NULL, NULL, NULL, 'text', NULL, '0', NULL, NULL, NULL, NULL, NULL, NULL, NULL, 'default', 'normal', NULL, 'news', '3', NULL, '', '', NULL, '2016-06-26 00:09:56', '2016-06-26 00:11:34', 'c78b7553-e9d0-4b26-8446-099786108fe8'),
 ('80', '90', 'en_us', NULL, NULL, NULL, NULL, '', '0', NULL, NULL, NULL, NULL, NULL, NULL, NULL, NULL, NULL, NULL, 'full', '', '', '', '#000000', '0', NULL, 'subtle', '', 'standard', 'leftBottom', NULL, NULL, NULL, 'standardRule', NULL, NULL, 'invisible', '0', NULL, NULL, NULL, 'text', NULL, '0', NULL, NULL, NULL, NULL, NULL, NULL, NULL, 'default', 'normal', NULL, NULL, '0', NULL, '', '', NULL, '2016-06-30 19:11:07', '2016-06-30 19:11:07', '32ab69da-2a16-46bd-9d12-d67e4c09505f'),
 ('81', '91', 'en_us', NULL, NULL, NULL, NULL, '', '0', NULL, NULL, NULL, NULL, NULL, NULL, NULL, NULL, NULL, NULL, 'c2', '', '', '', '#000000', '0', NULL, 'reverse', NULL, 'standard', 'leftBottom', NULL, 'left', NULL, 'standardRule', NULL, NULL, 'invisible', '0', NULL, NULL, NULL, 'text', NULL, '0', NULL, NULL, NULL, NULL, NULL, NULL, NULL, 'default', 'normal', NULL, NULL, '0', NULL, '', '', NULL, '2016-06-30 19:11:07', '2016-06-30 19:11:07', '738ed2fb-f6b7-445c-9a81-95dda11942b0'),
 ('82', '92', 'en_us', NULL, NULL, NULL, NULL, '', '0', '', NULL, NULL, NULL, NULL, NULL, NULL, NULL, NULL, NULL, 'full', '', '', '', NULL, '0', NULL, 'transparent', '', 'standard', 'leftBottom', NULL, 'left', NULL, 'standardRule', NULL, NULL, 'invisible', '0', '', '', NULL, 'text', NULL, '0', NULL, NULL, NULL, NULL, NULL, NULL, NULL, 'default', 'normal', NULL, NULL, '0', NULL, '', '', NULL, '2016-06-30 19:11:07', '2016-06-30 19:11:07', 'c06a5b70-8a6f-466e-80b9-476e8317828f'),
 ('83', '93', 'en_us', NULL, NULL, NULL, NULL, '', '0', NULL, NULL, NULL, NULL, NULL, NULL, NULL, NULL, NULL, NULL, 'full', '', '', '', NULL, '1', '## Here is some text\r\n\r\nIn callout. We\'re truly talking Matrix now', 'transparent', NULL, 'standard', 'leftBottom', NULL, 'left', NULL, 'standardRule', NULL, NULL, 'invisible', '0', NULL, NULL, NULL, 'text', NULL, '0', NULL, NULL, NULL, NULL, NULL, NULL, NULL, 'default', 'normal', NULL, NULL, '0', NULL, '', '', NULL, '2016-06-30 19:11:07', '2016-06-30 19:11:07', 'c7a1627b-d6c5-4ecf-8883-cf4398af90ef'),
 ('84', '94', 'en_us', NULL, NULL, NULL, NULL, '', '0', NULL, NULL, NULL, NULL, NULL, NULL, NULL, NULL, NULL, NULL, 'full', '', '', '', NULL, '1', '## Here is some main Text', 'transparent', NULL, 'standard', 'leftBottom', NULL, 'left', NULL, 'standardRule', NULL, NULL, 'invisible', '0', NULL, NULL, NULL, 'text', NULL, '0', NULL, NULL, NULL, NULL, NULL, NULL, NULL, 'default', 'normal', NULL, NULL, '0', NULL, '', '', NULL, '2016-06-30 19:11:07', '2016-06-30 19:11:07', 'e918fef0-db30-4d4d-8dba-7415dd3aab67'),
 ('85', '95', 'en_us', NULL, NULL, NULL, NULL, '', '0', NULL, NULL, NULL, NULL, NULL, NULL, NULL, NULL, NULL, NULL, 'full', '', '', '', NULL, '0', NULL, 'transparent', NULL, 'standard', 'leftBottom', NULL, NULL, NULL, 'rule--hairline', NULL, NULL, 'invisible', '0', NULL, NULL, NULL, 'text', NULL, '0', NULL, NULL, NULL, NULL, NULL, NULL, NULL, 'default', 'normal', NULL, NULL, '0', NULL, '', '', NULL, '2016-06-30 21:05:58', '2016-06-30 21:05:58', 'e439bf70-d9ed-4a7a-ac3c-595362697b36'),
 ('86', '96', 'en_us', NULL, NULL, NULL, NULL, '', '0', NULL, NULL, NULL, NULL, NULL, NULL, NULL, NULL, NULL, NULL, 'full', '', '', '', NULL, '1', 'Some more text', 'transparent', NULL, 'standard', 'leftBottom', NULL, 'left', NULL, 'standardRule', NULL, NULL, 'invisible', '0', NULL, NULL, NULL, 'text', NULL, '0', NULL, NULL, NULL, NULL, NULL, NULL, NULL, 'default', 'normal', NULL, NULL, '0', NULL, '', '', NULL, '2016-06-30 21:05:58', '2016-06-30 21:05:58', '77d9fbd4-9f8a-4fba-b407-e5e511d5e6b3'),
 ('87', '97', 'en_us', 'Apple Touch Icon Precomposed', NULL, NULL, NULL, '', '0', NULL, NULL, NULL, NULL, NULL, NULL, NULL, NULL, NULL, NULL, 'full', '', '', NULL, NULL, '0', NULL, 'transparent', NULL, 'standard', 'leftBottom', NULL, NULL, NULL, 'standardRule', NULL, NULL, 'invisible', '0', NULL, NULL, NULL, 'text', NULL, '0', NULL, NULL, NULL, NULL, NULL, NULL, NULL, 'default', 'normal', NULL, NULL, '0', NULL, '', '', NULL, '2016-06-30 21:11:53', '2016-06-30 21:11:53', '112aa597-4d3d-4b07-b7ba-66672078a769'),
 ('88', '98', 'en_us', 'Placeholder', NULL, NULL, NULL, '', '0', NULL, NULL, NULL, NULL, NULL, NULL, NULL, NULL, NULL, NULL, 'full', '', '', NULL, NULL, '0', NULL, 'transparent', NULL, 'standard', 'leftBottom', NULL, NULL, NULL, 'standardRule', NULL, NULL, 'invisible', '0', NULL, NULL, NULL, 'text', NULL, '0', NULL, NULL, NULL, NULL, NULL, NULL, NULL, 'default', 'normal', NULL, NULL, '0', NULL, '', '', NULL, '2016-06-30 21:11:53', '2016-06-30 21:11:53', '48468ed7-e714-4126-aa00-c96f989d07a7'),
 ('89', '99', 'en_us', 'Logo', NULL, NULL, NULL, '', '0', NULL, NULL, NULL, NULL, NULL, NULL, NULL, NULL, NULL, NULL, 'full', '', '', NULL, NULL, '0', NULL, 'transparent', NULL, 'standard', 'leftBottom', NULL, NULL, NULL, 'standardRule', NULL, NULL, 'invisible', '0', NULL, NULL, NULL, 'text', NULL, '0', NULL, NULL, NULL, NULL, NULL, NULL, NULL, 'default', 'normal', NULL, NULL, '0', NULL, '', '', NULL, '2016-06-30 21:11:53', '2016-06-30 21:11:53', 'f7a9e61a-bd4d-4eff-9ace-abea641fa070'),
 ('90', '100', 'en_us', 'Text', NULL, NULL, NULL, '', '0', NULL, NULL, NULL, NULL, NULL, NULL, NULL, NULL, NULL, NULL, 'full', '', '', NULL, NULL, '0', NULL, 'transparent', NULL, 'standard', 'leftBottom', NULL, NULL, NULL, 'standardRule', NULL, NULL, 'invisible', '0', NULL, NULL, NULL, 'text', NULL, '0', NULL, NULL, NULL, NULL, NULL, NULL, NULL, 'default', 'normal', NULL, NULL, '0', NULL, '', '', NULL, '2016-06-30 21:11:54', '2016-06-30 21:11:54', '3039e1ff-4e8c-4ad9-a55d-cf1f83be4f95'),
 ('91', '101', 'en_us', 'Logo Reverse', NULL, NULL, NULL, '', '0', NULL, NULL, NULL, NULL, NULL, NULL, NULL, NULL, NULL, NULL, 'full', '', '', NULL, NULL, '0', NULL, 'transparent', NULL, 'standard', 'leftBottom', NULL, NULL, NULL, 'standardRule', NULL, NULL, 'invisible', '0', NULL, NULL, NULL, 'text', NULL, '0', NULL, NULL, NULL, NULL, NULL, NULL, NULL, 'default', 'normal', NULL, NULL, '0', NULL, '', '', NULL, '2016-06-30 21:11:54', '2016-06-30 21:11:54', 'c466e58a-ec43-425f-9b5e-5ddb4ef16c97'),
 ('92', '102', 'en_us', 'Logo', NULL, NULL, NULL, '', '0', NULL, NULL, NULL, NULL, NULL, NULL, NULL, NULL, NULL, NULL, 'full', '', '', NULL, NULL, '0', NULL, 'transparent', NULL, 'standard', 'leftBottom', NULL, NULL, NULL, 'standardRule', NULL, NULL, 'invisible', '0', NULL, NULL, NULL, 'text', NULL, '0', NULL, NULL, NULL, NULL, NULL, NULL, NULL, 'default', 'normal', NULL, NULL, '0', NULL, '', '', NULL, '2016-06-30 21:11:54', '2016-06-30 21:11:54', '1e4b8ddf-3639-46fb-8780-cb4e927b7bf1'),
 ('94', '104', 'en_us', NULL, NULL, NULL, NULL, '', '0', NULL, NULL, NULL, NULL, NULL, NULL, NULL, NULL, NULL, NULL, 'full', '', '', '', '#000000', '0', NULL, 'reverse', '', 'standard', 'leftBottom', NULL, NULL, NULL, 'standardRule', NULL, NULL, 'invisible', '0', NULL, NULL, NULL, 'text', NULL, '0', NULL, NULL, NULL, NULL, NULL, NULL, NULL, 'default', 'normal', NULL, NULL, '0', NULL, '', '', NULL, '2016-07-01 23:10:41', '2016-07-01 23:10:41', '08879f95-56fa-44fa-8f4f-de1adedae5f4'),
 ('95', '105', 'en_us', NULL, NULL, NULL, NULL, '', '0', NULL, NULL, NULL, NULL, NULL, NULL, NULL, NULL, NULL, NULL, 'full', '', '', '', NULL, '1', '## Some text', 'transparent', '', 'standard', 'leftBottom', NULL, 'left', NULL, 'standardRule', NULL, NULL, 'invisible', '0', NULL, NULL, NULL, 'text', NULL, '0', NULL, NULL, NULL, NULL, NULL, NULL, NULL, 'default', 'normal', NULL, NULL, '0', NULL, '', '', NULL, '2016-07-01 23:10:41', '2016-07-01 23:10:41', '06889f9c-8f96-47d4-adbb-7557a09abbc8'),
 ('97', '107', 'en_us', NULL, NULL, NULL, NULL, '', '0', NULL, NULL, NULL, NULL, NULL, NULL, NULL, NULL, NULL, NULL, 'full', '', '', '', NULL, '1', '### Callout texts', 'transparent', '', 'standard', 'leftBottom', NULL, 'left', NULL, 'standardRule', NULL, NULL, 'invisible', '0', NULL, NULL, NULL, 'text', NULL, '0', NULL, NULL, NULL, NULL, NULL, NULL, NULL, 'default', 'normal', NULL, NULL, '0', NULL, '', '', NULL, '2016-07-01 23:10:41', '2016-07-07 21:46:43', '3e6dee80-6d41-439b-b95f-f9240c0070f3'),
 ('98', '108', 'en_us', NULL, NULL, NULL, NULL, '', '0', '', NULL, NULL, NULL, NULL, NULL, NULL, NULL, NULL, NULL, 'full', '', '', '', NULL, '0', NULL, 'transparent', '', 'standard', 'leftBottom', NULL, 'left', NULL, 'standardRule', NULL, NULL, 'invisible', '0', '', '', NULL, 'text', NULL, '0', NULL, NULL, NULL, NULL, NULL, NULL, NULL, 'default', 'normal', NULL, NULL, '0', NULL, '', '', NULL, '2016-07-07 21:46:43', '2016-07-07 21:46:43', 'd75315d1-fc96-4c30-a649-21dc501ed3a3'),
 ('99', '109', 'en_us', NULL, NULL, NULL, NULL, '', '0', NULL, NULL, NULL, NULL, NULL, NULL, NULL, NULL, NULL, NULL, 'full', '', '', '', '#000000', '0', NULL, 'transparent', '', 'standard', 'leftBottom', NULL, NULL, NULL, 'standardRule', NULL, NULL, 'invisible', '0', NULL, NULL, NULL, 'text', NULL, '0', NULL, NULL, NULL, NULL, NULL, NULL, NULL, 'default', 'normal', NULL, NULL, '0', NULL, '', '', NULL, '2016-07-08 00:23:19', '2016-07-08 00:23:19', '6c616e37-9b15-43d8-8cc4-f5a04bf0b26b'),
 ('100', '110', 'en_us', NULL, NULL, NULL, NULL, '', '0', NULL, NULL, NULL, NULL, NULL, NULL, NULL, NULL, NULL, NULL, 'full', '', '', '', '#000000', '0', NULL, 'subtle', '', 'standard', 'leftBottom', NULL, 'left', NULL, 'standardRule', NULL, NULL, 'invisible', '0', NULL, NULL, NULL, 'text', NULL, '0', '', '', NULL, NULL, NULL, '', NULL, 'default', 'normal', NULL, NULL, '0', NULL, '', '', NULL, '2016-07-08 00:23:19', '2016-07-08 00:23:19', '822c0067-bdb2-4a09-a40d-34407af84edb'),
 ('101', '111', 'en_us', NULL, NULL, NULL, NULL, '', '0', NULL, NULL, NULL, NULL, NULL, NULL, NULL, NULL, NULL, NULL, 'full', '', '', '', NULL, '1', '## Form intro text', 'transparent', '', 'standard', 'leftBottom', NULL, 'left', NULL, 'standardRule', NULL, NULL, 'invisible', '0', NULL, NULL, NULL, 'text', NULL, '0', NULL, NULL, NULL, NULL, NULL, NULL, NULL, 'default', 'normal', NULL, NULL, '0', NULL, '', '', NULL, '2016-07-08 00:23:19', '2016-07-08 00:23:19', 'd5da2af1-20ed-4b6c-a8a1-72fb2187d1bb'),
 ('102', '112', 'en_us', NULL, NULL, NULL, NULL, '', '0', NULL, NULL, NULL, NULL, NULL, NULL, NULL, NULL, NULL, NULL, 'full', '', '', '', NULL, '0', NULL, 'transparent', '', 'standard', 'leftBottom', NULL, NULL, NULL, 'standardRule', NULL, NULL, 'invisible', '0', NULL, '', '', 'text', NULL, '0', NULL, NULL, '', NULL, '', NULL, 'Text label', 'default', 'normal', NULL, NULL, '0', NULL, '', 'half', NULL, '2016-07-08 00:23:19', '2016-07-08 00:23:19', '4bb5fb64-d7c1-4d69-a4f8-74fd61ed8ae6'),
 ('103', '113', 'en_us', NULL, NULL, NULL, NULL, '', '0', NULL, NULL, NULL, NULL, NULL, NULL, NULL, NULL, NULL, NULL, 'full', '', '', 'clear', NULL, '0', NULL, 'transparent', '', 'standard', 'leftBottom', NULL, NULL, NULL, 'standardRule', NULL, NULL, 'invisible', '0', NULL, '', '', 'text', NULL, '0', NULL, NULL, '', NULL, '', NULL, 'Second text field', 'default', 'normal', NULL, NULL, '0', NULL, '', '', NULL, '2016-07-08 00:23:19', '2016-07-08 00:23:19', '78e1c931-bcfa-4867-bb3c-f1f6bbe0961a'),
 ('104', '114', 'en_us', NULL, NULL, NULL, NULL, '', '0', NULL, NULL, NULL, NULL, NULL, NULL, NULL, NULL, NULL, NULL, 'full', '', '', '', '#000000', '0', NULL, 'transparent', '', 'standard', 'leftBottom', NULL, NULL, NULL, 'standardRule', NULL, NULL, 'invisible', '0', NULL, NULL, NULL, 'text', NULL, '0', NULL, NULL, NULL, NULL, NULL, NULL, NULL, 'default', 'normal', NULL, NULL, '0', NULL, '', '', NULL, '2016-07-08 00:34:05', '2016-07-08 00:34:05', 'b18679cf-eb17-4f30-8d58-a02e5b0e9c10'),
 ('105', '115', 'en_us', NULL, NULL, NULL, NULL, '', '0', NULL, NULL, NULL, NULL, NULL, NULL, NULL, NULL, NULL, NULL, 'full', '', '', '', NULL, '1', '## Here is some text', 'transparent', '', 'standard', 'leftBottom', NULL, 'left', NULL, 'standardRule', NULL, NULL, 'invisible', '0', NULL, NULL, NULL, 'text', NULL, '0', NULL, NULL, NULL, NULL, NULL, NULL, NULL, 'default', 'normal', NULL, NULL, '0', NULL, '', '', 'center', '2016-07-08 00:34:05', '2016-07-08 00:34:05', '1b3eeeac-a3e2-4993-a100-454fb571639c'),
 ('107', '117', 'en_us', NULL, NULL, NULL, NULL, '', '0', NULL, NULL, NULL, NULL, NULL, NULL, NULL, NULL, NULL, NULL, 'full', '', '', '', '#000000', '0', NULL, 'transparent', '', 'standard', 'leftBottom', NULL, NULL, NULL, 'standardRule', NULL, NULL, 'invisible', '0', NULL, NULL, NULL, 'text', NULL, '0', NULL, NULL, NULL, NULL, NULL, NULL, NULL, 'default', 'normal', NULL, NULL, '0', NULL, '', '', 'left', '2016-07-08 21:15:10', '2016-07-08 21:15:10', '5e011547-299e-4956-a5e5-f9c6d04464ae'),
 ('108', '118', 'en_us', NULL, NULL, NULL, NULL, '', '0', NULL, NULL, NULL, NULL, NULL, NULL, NULL, NULL, NULL, NULL, 'full', '', '', '', '#000000', '0', NULL, 'transparent', '', 'standard', 'leftBottom', NULL, 'left', NULL, 'standardRule', NULL, NULL, 'invisible', '0', NULL, NULL, NULL, 'text', NULL, '0', '', '', NULL, NULL, NULL, '', NULL, 'default', 'normal', NULL, NULL, '0', NULL, '', '', NULL, '2016-07-08 21:15:10', '2016-07-08 21:15:10', '834117ff-a725-4f00-be29-1df66a962e4f'),
 ('109', '119', 'en_us', NULL, NULL, NULL, NULL, '', '0', NULL, NULL, NULL, NULL, NULL, NULL, NULL, NULL, NULL, NULL, 'full', '', '', '', NULL, '0', NULL, 'transparent', '', 'standard', 'leftBottom', NULL, NULL, NULL, 'standardRule', NULL, NULL, 'invisible', '0', NULL, NULL, '', 'text', '[{\"col1\":\"asdfasdf\",\"col2\":\"asdf\",\"col3\":\"\"},{\"col1\":\"asdfasdf\",\"col2\":\"asdfas\",\"col3\":\"\"},{\"col1\":\"asdfasdf\",\"col2\":\"asdfasdf\",\"col3\":\"\"}]', '0', NULL, NULL, NULL, 'select', NULL, NULL, 'test', 'default', 'normal', NULL, NULL, '0', NULL, '', '', NULL, '2016-07-08 21:15:10', '2016-07-08 21:17:40', '2698b00a-acac-4172-a66b-39531775e842');



DROP TABLE IF EXISTS `craft_deprecationerrors`;


--
-- Schema for table `craft_deprecationerrors`
--
CREATE TABLE `craft_deprecationerrors` (
  `id` int(11) NOT NULL AUTO_INCREMENT,
  `key` varchar(255) COLLATE utf8_unicode_ci NOT NULL,
  `fingerprint` varchar(255) COLLATE utf8_unicode_ci NOT NULL,
  `lastOccurrence` datetime NOT NULL,
  `file` varchar(255) COLLATE utf8_unicode_ci NOT NULL,
  `line` smallint(6) unsigned NOT NULL,
  `class` varchar(255) COLLATE utf8_unicode_ci DEFAULT NULL,
  `method` varchar(255) COLLATE utf8_unicode_ci DEFAULT NULL,
  `template` varchar(255) COLLATE utf8_unicode_ci DEFAULT NULL,
  `templateLine` smallint(6) unsigned DEFAULT NULL,
  `message` varchar(255) COLLATE utf8_unicode_ci DEFAULT NULL,
  `traces` text COLLATE utf8_unicode_ci,
  `dateCreated` datetime NOT NULL,
  `dateUpdated` datetime NOT NULL,
  `uid` char(36) COLLATE utf8_unicode_ci NOT NULL DEFAULT '0',
  PRIMARY KEY (`id`),
  UNIQUE KEY `craft_deprecationerrors_key_fingerprint_unq_idx` (`key`,`fingerprint`)
) ENGINE=InnoDB DEFAULT CHARSET=utf8 COLLATE=utf8_unicode_ci;

DROP TABLE IF EXISTS `craft_elementindexsettings`;


--
-- Schema for table `craft_elementindexsettings`
--
CREATE TABLE `craft_elementindexsettings` (
  `id` int(11) NOT NULL AUTO_INCREMENT,
  `type` varchar(150) COLLATE utf8_unicode_ci NOT NULL,
  `settings` text COLLATE utf8_unicode_ci,
  `dateCreated` datetime NOT NULL,
  `dateUpdated` datetime NOT NULL,
  `uid` char(36) COLLATE utf8_unicode_ci NOT NULL DEFAULT '0',
  PRIMARY KEY (`id`),
  UNIQUE KEY `craft_elementindexsettings_type_unq_idx` (`type`)
) ENGINE=InnoDB AUTO_INCREMENT=2 DEFAULT CHARSET=utf8 COLLATE=utf8_unicode_ci;

--
-- Data for table `craft_elementindexsettings`
--

INSERT INTO `craft_elementindexsettings` (`id`, `type`, `settings`, `dateCreated`, `dateUpdated`, `uid`) VALUES
 ('1', 'Entry', '{\"sourceOrder\":[[\"key\",\"*\"],[\"heading\",\"Site\"],[\"key\",\"section:3\"],[\"key\",\"singles\"]],\"sources\":{\"singles\":{\"tableAttributes\":{\"1\":\"uri\",\"2\":\"slug\"}},\"section:3\":{\"tableAttributes\":{\"1\":\"uri\"}}}}', '2016-05-11 20:55:21', '2016-05-20 07:11:49', '4ca22e99-05f4-4ce4-9460-9c4b03e5be3e');



DROP TABLE IF EXISTS `craft_elements`;


--
-- Schema for table `craft_elements`
--
CREATE TABLE `craft_elements` (
  `id` int(11) NOT NULL AUTO_INCREMENT,
  `type` varchar(150) COLLATE utf8_unicode_ci NOT NULL,
  `enabled` tinyint(1) unsigned NOT NULL DEFAULT '1',
  `archived` tinyint(1) unsigned NOT NULL DEFAULT '0',
  `dateCreated` datetime NOT NULL,
  `dateUpdated` datetime NOT NULL,
  `uid` char(36) COLLATE utf8_unicode_ci NOT NULL DEFAULT '0',
  PRIMARY KEY (`id`),
  KEY `craft_elements_type_idx` (`type`),
  KEY `craft_elements_enabled_idx` (`enabled`),
  KEY `craft_elements_archived_dateCreated_idx` (`archived`,`dateCreated`)
) ENGINE=InnoDB AUTO_INCREMENT=120 DEFAULT CHARSET=utf8 COLLATE=utf8_unicode_ci;

--
-- Data for table `craft_elements`
--

INSERT INTO `craft_elements` (`id`, `type`, `enabled`, `archived`, `dateCreated`, `dateUpdated`, `uid`) VALUES
 ('1', 'User', '1', '0', '2015-05-15 20:59:38', '2015-05-15 20:59:38', '72722068-0cb6-431b-a999-fd3feb46ab5f'),
 ('2', 'Entry', '1', '0', '2015-05-15 20:59:41', '2016-05-22 02:33:49', '7983c128-079f-4e7e-bc29-8387b8b6dab5'),
 ('8', 'GlobalSet', '1', '0', '2016-05-11 20:23:33', '2016-05-20 06:16:36', 'f3e6540a-f878-41ce-a6ac-51b849628b3f'),
 ('13', 'Neo_Block', '1', '0', '2016-05-18 00:33:32', '2016-05-20 05:27:37', '6ff33de7-4823-466c-9d8b-585ad1bbe8ae'),
 ('14', 'Neo_Block', '1', '0', '2016-05-18 00:33:32', '2016-05-20 05:27:37', '442b5244-a819-4d98-adbb-0a9193e9fdf9'),
 ('15', 'Neo_Block', '1', '0', '2016-05-18 00:53:45', '2016-05-20 05:27:37', '661ba01e-a4b2-435b-b9a7-19d227286d93'),
 ('16', 'Neo_Block', '1', '0', '2016-05-18 00:53:45', '2016-05-20 05:27:37', '9046e385-b2a6-46fb-b7c0-e7efa5980382'),
 ('17', 'Neo_Block', '1', '0', '2016-05-18 00:53:45', '2016-05-20 05:27:37', '8f758f7a-c20a-45e0-9bf8-d9fcf833a62f'),
 ('18', 'Neo_Block', '1', '0', '2016-05-18 00:53:45', '2016-05-20 05:27:37', '345c5782-2202-4a91-a73d-4ec3ee705b7e'),
 ('20', 'Neo_Block', '1', '0', '2016-05-19 23:24:07', '2016-05-20 05:23:49', 'af8420a6-2c08-4ed9-ac71-d025db2aa269'),
 ('21', 'Neo_Block', '1', '0', '2016-05-19 23:24:07', '2016-05-20 05:23:49', 'd8112834-429b-4838-ad2d-36e20e3f51a8'),
 ('22', 'Neo_Block', '1', '0', '2016-05-19 23:24:07', '2016-05-20 05:23:49', 'ea245a63-1e1a-4124-9a0c-712d4c5770ba'),
 ('23', 'Neo_Block', '1', '0', '2016-05-19 23:24:07', '2016-05-20 05:23:49', 'dd04d419-51bf-4795-b1e2-a50a2d64cc92'),
 ('25', 'Neo_Block', '1', '0', '2016-05-19 23:26:35', '2016-05-20 05:23:49', '9ee9fffc-a89c-4ada-97ea-5a3da67326e4'),
 ('26', 'Neo_Block', '1', '0', '2016-05-20 06:08:15', '2016-05-22 02:03:46', '4b05da16-0605-4efe-aa50-c985b60fd427'),
 ('27', 'Neo_Block', '1', '0', '2016-05-20 06:08:15', '2016-05-22 02:03:46', '3a7a8b94-cd3d-4c95-b435-343a39523546'),
 ('28', 'Neo_Block', '1', '0', '2016-05-20 06:08:15', '2016-05-22 02:03:46', 'a2f2306a-d8dc-4501-9acf-f9e59d56a517'),
 ('29', 'Neo_Block', '1', '0', '2016-05-20 06:08:15', '2016-05-22 02:03:46', '39955f7b-9765-4729-a8d1-fdf651755b29'),
 ('30', 'Neo_Block', '1', '0', '2016-05-20 06:08:15', '2016-05-22 02:03:46', '01971bc2-32dc-4386-af6c-e99de0a39b8a'),
 ('31', 'Neo_Block', '1', '0', '2016-05-20 06:08:15', '2016-05-22 02:03:46', '5f4c941b-a3f5-419a-931e-4be80edfa33a'),
 ('41', 'Neo_Block', '1', '0', '2016-05-22 02:29:07', '2016-05-22 05:01:12', '20d4ec29-8a89-4779-9ffe-b03582118e9b'),
 ('42', 'Neo_Block', '1', '0', '2016-05-22 02:29:07', '2016-05-22 05:01:12', '56f3fe96-2db0-461b-8054-ca328ea8bfae'),
 ('46', 'Neo_Block', '1', '0', '2016-05-22 04:32:55', '2016-05-22 17:04:39', '5dceca88-b10c-4c07-85a3-8fbfc1a59005'),
 ('47', 'Neo_Block', '1', '0', '2016-05-22 04:32:55', '2016-05-22 04:32:55', 'e0fc56e9-1773-48bb-ba04-592e3f601d38'),
 ('50', 'Neo_Block', '1', '0', '2016-05-22 05:01:12', '2016-05-22 05:01:12', '3b7135d2-901f-484e-a2cf-2d5791cc4856'),
 ('51', 'Neo_Block', '1', '0', '2016-05-22 05:01:12', '2016-05-22 05:01:12', '8de120ca-cf79-49d7-a75a-00d1e14afdc6'),
 ('64', 'Neo_Block', '1', '0', '2016-05-22 16:26:54', '2016-05-22 17:04:39', 'ae99d427-d064-49f8-ac1b-59e3a0ff69ab'),
 ('65', 'Neo_Block', '1', '0', '2016-05-22 16:26:54', '2016-05-22 17:04:39', 'd5add628-8b8c-4546-ad6c-8804981abb66'),
 ('66', 'Neo_Block', '1', '0', '2016-05-22 16:26:54', '2016-05-22 17:04:39', 'fd035db2-4668-4782-8dde-97c248e8fe44'),
 ('67', 'Neo_Block', '1', '0', '2016-05-22 16:51:30', '2016-05-22 17:04:39', '1a836216-60dc-460d-bcd5-02f8be16aab4'),
 ('68', 'Neo_Block', '1', '0', '2016-05-22 16:51:30', '2016-05-22 17:04:39', '113e7498-a976-43f0-adbf-800b340c0a96'),
 ('70', 'Neo_Block', '1', '0', '2016-05-25 00:29:56', '2016-05-25 00:30:12', '71a714af-ac8b-412d-8c59-e21299577655'),
 ('71', 'Neo_Block', '1', '0', '2016-05-25 00:29:57', '2016-05-25 00:30:12', '108d822a-44cb-4f2c-bef7-6689894966f2'),
 ('73', 'Neo_Block', '1', '0', '2016-05-27 06:50:27', '2016-05-27 06:50:27', '8f907887-5fce-4952-b59c-29a3b6a99c14'),
 ('74', 'Neo_Block', '1', '0', '2016-05-27 06:50:27', '2016-05-27 06:50:27', '38c46f65-48af-4600-8ef4-fd6cdcb07b59'),
 ('75', 'Neo_Block', '1', '0', '2016-05-27 06:50:27', '2016-05-27 06:50:27', '14e15573-630e-4e0c-863e-250378fb947f'),
 ('77', 'Neo_Block', '1', '0', '2016-06-26 00:08:06', '2016-06-26 00:08:06', '6382cd60-c9cf-421c-88a3-da31bf513b53'),
 ('78', 'Neo_Block', '1', '0', '2016-06-26 00:08:06', '2016-06-26 00:08:06', 'd6b190bf-b231-4d99-bdec-aeba94961e24'),
 ('80', 'Neo_Block', '1', '0', '2016-06-26 00:08:40', '2016-06-26 00:08:40', '54efc654-c1c8-48ef-bd49-8c4bbfd17830'),
 ('81', 'Neo_Block', '1', '0', '2016-06-26 00:08:40', '2016-06-26 00:08:40', '5a97c994-98b3-4293-aa8e-24e8b0597409'),
 ('83', 'Neo_Block', '1', '0', '2016-06-26 00:09:02', '2016-06-26 00:09:02', 'e0945800-5a15-4cd8-9d1f-d638a3fe93f3'),
 ('84', 'Neo_Block', '1', '0', '2016-06-26 00:09:02', '2016-06-26 00:09:02', 'cdf58391-1236-4a56-a816-9a8929df3325'),
 ('86', 'Neo_Block', '1', '0', '2016-06-26 00:09:56', '2016-06-26 00:09:56', 'f4227a1d-964d-4ee5-a649-57490f1e2729'),
 ('87', 'Neo_Block', '1', '0', '2016-06-26 00:09:56', '2016-06-26 00:11:34', '3da11dfd-b9bc-4b39-872b-c82cbf0bb7ee'),
 ('90', 'Neo_Block', '1', '0', '2016-06-30 19:11:07', '2016-06-30 19:11:07', '9e1d4f1f-3e07-4bd7-99b5-837b9bba6bf3'),
 ('91', 'Neo_Block', '1', '0', '2016-06-30 19:11:07', '2016-06-30 19:11:07', '703efb63-ce7b-4e41-b7b9-772fe1c68665'),
 ('92', 'Neo_Block', '1', '0', '2016-06-30 19:11:07', '2016-06-30 19:11:07', 'a87270e9-2522-4f37-95d1-89d64cd6171d'),
 ('93', 'Neo_Block', '1', '0', '2016-06-30 19:11:07', '2016-06-30 19:11:07', '7a3db425-746d-49f0-b11c-df204f2f6ece'),
 ('94', 'Neo_Block', '1', '0', '2016-06-30 19:11:07', '2016-06-30 19:11:07', 'ea181b67-6375-426a-b3c2-7dc6095e3a2e'),
 ('95', 'Neo_Block', '1', '0', '2016-06-30 21:05:58', '2016-06-30 21:05:58', '3a284f1b-6aca-41a8-a286-59fd37f260d5'),
 ('96', 'Neo_Block', '1', '0', '2016-06-30 21:05:58', '2016-06-30 21:05:58', '3d149334-e97b-492f-bcbb-4b422f2036f4'),
 ('97', 'Asset', '1', '0', '2016-06-30 21:11:53', '2016-06-30 21:11:53', '0811e918-ded2-4c60-84ca-0b9b9d94474a'),
 ('98', 'Asset', '1', '0', '2016-06-30 21:11:53', '2016-06-30 21:11:53', '41483134-c883-4983-a4c3-d2e03f227aa3'),
 ('99', 'Asset', '1', '0', '2016-06-30 21:11:53', '2016-06-30 21:11:53', '66fdd9b9-b437-4271-9719-bf6753bb2f9a'),
 ('100', 'Asset', '1', '0', '2016-06-30 21:11:54', '2016-06-30 21:11:54', '5f16ab61-7d53-4bd8-a9ea-1ce1e3fd3f5f'),
 ('101', 'Asset', '1', '0', '2016-06-30 21:11:54', '2016-06-30 21:11:54', '21f25d4a-abea-4e6b-94a0-8faccca9b7ee'),
 ('102', 'Asset', '1', '0', '2016-06-30 21:11:54', '2016-06-30 21:11:54', '9139b6af-a700-4646-9056-ea0d867cb0b6'),
 ('104', 'Neo_Block', '1', '0', '2016-07-01 23:10:41', '2016-07-01 23:10:41', '66d4b971-75e0-41dc-be6a-53e69bdbb0e5'),
 ('105', 'Neo_Block', '1', '0', '2016-07-01 23:10:41', '2016-07-01 23:10:41', 'b54a1724-8094-4181-896d-ab9c3b0e0e6f'),
 ('107', 'Neo_Block', '1', '0', '2016-07-01 23:10:41', '2016-07-07 21:46:43', 'e1c227f9-b0f5-4436-8faa-3a4799cb084b'),
 ('108', 'Neo_Block', '1', '0', '2016-07-07 21:46:43', '2016-07-07 21:46:43', 'd82308f9-b3e2-45d1-8c91-8668cd8ce08b'),
 ('109', 'Neo_Block', '1', '0', '2016-07-08 00:23:19', '2016-07-08 00:23:19', 'ee184500-5811-4e72-98bb-ddc6e7b76e18'),
 ('110', 'Neo_Block', '1', '0', '2016-07-08 00:23:19', '2016-07-08 00:23:19', '9055be03-f39b-4b5d-b7dc-a5bdd7dc9c50'),
 ('111', 'Neo_Block', '1', '0', '2016-07-08 00:23:19', '2016-07-08 00:23:19', 'bce65a88-dcbe-411d-9c62-b7bdb6253b82'),
 ('112', 'Neo_Block', '1', '0', '2016-07-08 00:23:19', '2016-07-08 00:23:19', '83a7b0c4-9357-4010-a6a4-9a7ca29a010e'),
 ('113', 'Neo_Block', '1', '0', '2016-07-08 00:23:19', '2016-07-08 00:23:19', 'bf60e8d0-65c9-40d5-a346-9b8d8d204427'),
 ('114', 'Neo_Block', '1', '0', '2016-07-08 00:34:05', '2016-07-08 00:34:05', 'f4b99616-f2d7-44c7-815e-79dae9f48224'),
 ('115', 'Neo_Block', '1', '0', '2016-07-08 00:34:05', '2016-07-08 00:34:05', 'cba02575-a6c4-47a9-bd6e-2ff504e9a4f7'),
 ('117', 'Neo_Block', '1', '0', '2016-07-08 21:15:10', '2016-07-08 21:15:10', '61e55d39-860b-4951-a306-718d6f38828d'),
 ('118', 'Neo_Block', '1', '0', '2016-07-08 21:15:10', '2016-07-08 21:15:10', '91f02e46-05a3-4609-940d-72ee8e697d87'),
 ('119', 'Neo_Block', '1', '0', '2016-07-08 21:15:10', '2016-07-08 21:17:40', 'cd772b01-cfcd-4e92-a37c-d608863d926c');



DROP TABLE IF EXISTS `craft_elements_i18n`;


--
-- Schema for table `craft_elements_i18n`
--
CREATE TABLE `craft_elements_i18n` (
  `id` int(11) NOT NULL AUTO_INCREMENT,
  `elementId` int(11) NOT NULL,
  `locale` char(12) COLLATE utf8_unicode_ci NOT NULL,
  `slug` varchar(255) COLLATE utf8_unicode_ci DEFAULT NULL,
  `uri` varchar(255) COLLATE utf8_unicode_ci DEFAULT NULL,
  `enabled` tinyint(1) unsigned NOT NULL DEFAULT '1',
  `dateCreated` datetime NOT NULL,
  `dateUpdated` datetime NOT NULL,
  `uid` char(36) COLLATE utf8_unicode_ci NOT NULL DEFAULT '0',
  PRIMARY KEY (`id`),
  UNIQUE KEY `craft_elements_i18n_elementId_locale_unq_idx` (`elementId`,`locale`),
  UNIQUE KEY `craft_elements_i18n_uri_locale_unq_idx` (`uri`,`locale`),
  KEY `craft_elements_i18n_slug_locale_idx` (`slug`,`locale`),
  KEY `craft_elements_i18n_enabled_idx` (`enabled`),
  KEY `craft_elements_i18n_locale_fk` (`locale`)
) ENGINE=InnoDB AUTO_INCREMENT=120 DEFAULT CHARSET=utf8 COLLATE=utf8_unicode_ci;

--
-- Data for table `craft_elements_i18n`
--

INSERT INTO `craft_elements_i18n` (`id`, `elementId`, `locale`, `slug`, `uri`, `enabled`, `dateCreated`, `dateUpdated`, `uid`) VALUES
 ('1', '1', 'en_us', '', NULL, '1', '2015-05-15 20:59:38', '2015-05-15 20:59:38', 'c6430f47-9a89-48fe-81a3-6e646a8d53a5'),
 ('2', '2', 'en_us', 'homepage', '__home__', '1', '2015-05-15 20:59:41', '2016-05-22 02:33:49', '5a7f2ba1-1bf2-469c-b0ca-b019c87f3615'),
 ('8', '8', 'en_us', '', NULL, '1', '2016-05-11 20:23:33', '2016-05-20 06:16:36', '4c5539de-da80-4abb-ae6f-b189bb52d1d4'),
 ('13', '13', 'en_us', '', NULL, '1', '2016-05-18 00:33:32', '2016-05-20 05:27:37', '32a61f95-c59c-4eb8-97d6-91e71b9747dd'),
 ('14', '14', 'en_us', '', NULL, '1', '2016-05-18 00:33:32', '2016-05-20 05:27:37', '6f78ce4c-efd5-47f5-a7d6-338df6d6f7f1'),
 ('15', '15', 'en_us', '', NULL, '1', '2016-05-18 00:53:45', '2016-05-20 05:27:37', '2072c6bc-5904-4624-b71c-ca2443e190c6'),
 ('16', '16', 'en_us', '', NULL, '1', '2016-05-18 00:53:45', '2016-05-20 05:27:37', '162892b1-1cdc-443e-851b-03d03cfd353d'),
 ('17', '17', 'en_us', '', NULL, '1', '2016-05-18 00:53:45', '2016-05-20 05:27:37', 'e919ec91-c5c0-4491-989c-57ca03d2c569'),
 ('18', '18', 'en_us', '', NULL, '1', '2016-05-18 00:53:45', '2016-05-20 05:27:37', 'abb692d5-56ab-4498-843e-17366800a007'),
 ('20', '20', 'en_us', '', NULL, '1', '2016-05-19 23:24:07', '2016-05-20 05:23:49', '2ec4b1f1-3bcb-43c8-8a79-07e61f1ed248'),
 ('21', '21', 'en_us', '', NULL, '1', '2016-05-19 23:24:07', '2016-05-20 05:23:49', '6bf5866b-8f22-4b48-8920-e7c008758aef'),
 ('22', '22', 'en_us', '', NULL, '1', '2016-05-19 23:24:07', '2016-05-20 05:23:49', '448cdbfa-84b7-4040-a20c-f26b8fd011da'),
 ('23', '23', 'en_us', '', NULL, '1', '2016-05-19 23:24:07', '2016-05-20 05:23:49', 'fd17bef7-3852-4e5d-9174-fe8683c68692'),
 ('25', '25', 'en_us', '', NULL, '1', '2016-05-19 23:26:35', '2016-05-20 05:23:49', 'f68ab7a3-4218-4eb6-91a0-59a9f291c497'),
 ('26', '26', 'en_us', '', NULL, '1', '2016-05-20 06:08:15', '2016-05-22 02:03:46', '8fcce2e0-9154-4bf2-834e-d401b0089ead'),
 ('27', '27', 'en_us', '', NULL, '1', '2016-05-20 06:08:15', '2016-05-22 02:03:46', '0cfc4112-4990-43a9-adff-33f941672dd7'),
 ('28', '28', 'en_us', '', NULL, '1', '2016-05-20 06:08:15', '2016-05-22 02:03:46', '75a75fd7-245e-4002-80e8-58727473e2c1'),
 ('29', '29', 'en_us', '', NULL, '1', '2016-05-20 06:08:15', '2016-05-22 02:03:46', 'e64f1d04-3e41-4f1a-8ada-f339028f6e77'),
 ('30', '30', 'en_us', '', NULL, '1', '2016-05-20 06:08:15', '2016-05-22 02:03:46', '75b5fbf0-7fab-4646-bf73-4b6ec1bdf2c7'),
 ('31', '31', 'en_us', '', NULL, '1', '2016-05-20 06:08:15', '2016-05-22 02:03:46', '75efeb45-4015-4d8a-8486-a64f227882c9'),
 ('41', '41', 'en_us', '', NULL, '1', '2016-05-22 02:29:07', '2016-05-22 05:01:12', '8e6f2807-01f3-44c9-bb80-e3905d02be85'),
 ('42', '42', 'en_us', '', NULL, '1', '2016-05-22 02:29:07', '2016-05-22 05:01:12', '83479ad5-9177-428e-9ee8-28a687be5e66'),
 ('46', '46', 'en_us', '', NULL, '1', '2016-05-22 04:32:55', '2016-05-22 17:04:39', '2f6456df-fa36-439a-bebc-8e94fc3f59e9'),
 ('47', '47', 'en_us', '', NULL, '1', '2016-05-22 04:32:55', '2016-05-22 04:32:55', '29832a84-498f-4a55-bb17-8c6c26aa2a88'),
 ('50', '50', 'en_us', '', NULL, '1', '2016-05-22 05:01:12', '2016-05-22 05:01:12', '151ee492-a0e6-4856-8ceb-954e20fb287f'),
 ('51', '51', 'en_us', '', NULL, '1', '2016-05-22 05:01:12', '2016-05-22 05:01:12', 'c9501e1c-8a8b-426d-92c2-5523604f02f4'),
 ('64', '64', 'en_us', '', NULL, '1', '2016-05-22 16:26:54', '2016-05-22 17:04:39', '3387775e-b646-47fa-889f-c42252890140'),
 ('65', '65', 'en_us', '', NULL, '1', '2016-05-22 16:26:54', '2016-05-22 17:04:39', '19e7dae7-7ce0-4d0c-a2fe-2815ddc6d227'),
 ('66', '66', 'en_us', '', NULL, '1', '2016-05-22 16:26:54', '2016-05-22 17:04:39', '31def876-04eb-4aae-8d1a-4851b0d7d2e0'),
 ('67', '67', 'en_us', '', NULL, '1', '2016-05-22 16:51:30', '2016-05-22 17:04:39', '7940c677-c9f6-4ab8-97d7-9896138fbf9b'),
 ('68', '68', 'en_us', '', NULL, '1', '2016-05-22 16:51:30', '2016-05-22 17:04:39', '0c978fcb-a756-4ce3-8346-c7db16004363'),
 ('70', '70', 'en_us', '', NULL, '1', '2016-05-25 00:29:56', '2016-05-25 00:30:12', '30a398e4-ad6a-4710-8595-7da6f25c02f8'),
 ('71', '71', 'en_us', '', NULL, '1', '2016-05-25 00:29:57', '2016-05-25 00:30:12', '6de6628a-3c7a-49a4-9256-226dbbee5dcd'),
 ('73', '73', 'en_us', '', NULL, '1', '2016-05-27 06:50:27', '2016-05-27 06:50:27', '572996b4-dcd5-4feb-aff8-42ac06669b6d'),
 ('74', '74', 'en_us', '', NULL, '1', '2016-05-27 06:50:27', '2016-05-27 06:50:27', '9894c423-e077-4abc-bef9-cd430a519c12'),
 ('75', '75', 'en_us', '', NULL, '1', '2016-05-27 06:50:27', '2016-05-27 06:50:27', '54c0f360-3089-4a17-ba58-9f1ae0b20657'),
 ('77', '77', 'en_us', '', NULL, '1', '2016-06-26 00:08:06', '2016-06-26 00:08:06', '20b8e24e-c346-488c-bf7d-7e033ae78a9b'),
 ('78', '78', 'en_us', '', NULL, '1', '2016-06-26 00:08:06', '2016-06-26 00:08:06', '194ddfdc-ceba-4792-ac0a-49939e9f757f'),
 ('80', '80', 'en_us', '', NULL, '1', '2016-06-26 00:08:40', '2016-06-26 00:08:40', '205c2073-00b6-4b33-81f0-4fa1a0cd23f1'),
 ('81', '81', 'en_us', '', NULL, '1', '2016-06-26 00:08:40', '2016-06-26 00:08:40', '2b962688-e5a4-4938-bdfa-d63a6ed5bf53'),
 ('83', '83', 'en_us', '', NULL, '1', '2016-06-26 00:09:02', '2016-06-26 00:09:02', '7321d500-1631-4ae0-a526-4413092c676e'),
 ('84', '84', 'en_us', '', NULL, '1', '2016-06-26 00:09:02', '2016-06-26 00:09:02', 'd162d600-68f6-48df-9cce-3bd39432bc88'),
 ('86', '86', 'en_us', '', NULL, '1', '2016-06-26 00:09:56', '2016-06-26 00:09:56', '43a2f01e-b68d-464c-844d-dbeff04ff612'),
 ('87', '87', 'en_us', '', NULL, '1', '2016-06-26 00:09:56', '2016-06-26 00:11:34', '5a04cb97-1f28-4925-94c3-9fb0134f2125'),
 ('90', '90', 'en_us', '', NULL, '1', '2016-06-30 19:11:07', '2016-06-30 19:11:07', '522e326e-8c13-4641-80fe-bbec91a7281c'),
 ('91', '91', 'en_us', '', NULL, '1', '2016-06-30 19:11:07', '2016-06-30 19:11:07', '296715eb-abd0-433e-b135-f56b02fea0bf'),
 ('92', '92', 'en_us', '', NULL, '1', '2016-06-30 19:11:07', '2016-06-30 19:11:07', 'fcb1e258-2ac7-46b9-82aa-68b641e3bc84'),
 ('93', '93', 'en_us', '', NULL, '1', '2016-06-30 19:11:07', '2016-06-30 19:11:07', 'b95560ca-431d-4572-94d0-1ce56802872f'),
 ('94', '94', 'en_us', '', NULL, '1', '2016-06-30 19:11:07', '2016-06-30 19:11:07', 'c525990a-38b2-47fd-91dd-5ce554271c70'),
 ('95', '95', 'en_us', '', NULL, '1', '2016-06-30 21:05:58', '2016-06-30 21:05:58', '8f675ee9-0376-4b19-a2d6-d6cf56445602'),
 ('96', '96', 'en_us', '', NULL, '1', '2016-06-30 21:05:58', '2016-06-30 21:05:58', '990c308c-ef49-4ce2-88f5-d2b0b573b67e'),
 ('97', '97', 'en_us', 'apple-touch-icon-precomposed', NULL, '1', '2016-06-30 21:11:53', '2016-06-30 21:11:53', '9fde20f7-6506-45f8-b51b-2353d3bc3b33'),
 ('98', '98', 'en_us', 'placeholder', NULL, '1', '2016-06-30 21:11:53', '2016-06-30 21:11:53', '5f087256-9575-4dcd-a821-8a23a1458f23'),
 ('99', '99', 'en_us', 'logo', NULL, '1', '2016-06-30 21:11:53', '2016-06-30 21:11:53', '581e080a-bd77-489f-ada3-9ec4266130a5'),
 ('100', '100', 'en_us', 'text', NULL, '1', '2016-06-30 21:11:54', '2016-06-30 21:11:54', '88103914-ad90-4281-8e57-15a77ff4d82c'),
 ('101', '101', 'en_us', 'logo-reverse', NULL, '1', '2016-06-30 21:11:54', '2016-06-30 21:11:54', 'f0eaba1d-1c95-48ff-b223-e038bf7e7cff'),
 ('102', '102', 'en_us', 'logo', NULL, '1', '2016-06-30 21:11:54', '2016-06-30 21:11:54', '3f2dc2b5-9925-4e51-9baf-eed8abd5b23d'),
 ('104', '104', 'en_us', '', NULL, '1', '2016-07-01 23:10:41', '2016-07-01 23:10:41', 'c18f2710-8e5b-46ef-802f-d5b5a14eb6f4'),
 ('105', '105', 'en_us', '', NULL, '1', '2016-07-01 23:10:41', '2016-07-01 23:10:41', '59ffab06-fa15-48ca-ad99-3d9328302689'),
 ('107', '107', 'en_us', '', NULL, '1', '2016-07-01 23:10:41', '2016-07-07 21:46:43', '12384a30-b52f-4b25-871b-23cd66a0889b'),
 ('108', '108', 'en_us', '', NULL, '1', '2016-07-07 21:46:43', '2016-07-07 21:46:43', '3a4c2377-b61a-4e0b-8060-306de5f6da8d'),
 ('109', '109', 'en_us', '', NULL, '1', '2016-07-08 00:23:19', '2016-07-08 00:23:19', '9c0343f4-3204-46ec-8bde-c44c9591d40a'),
 ('110', '110', 'en_us', '', NULL, '1', '2016-07-08 00:23:19', '2016-07-08 00:23:19', 'ac78be56-f8d1-480d-9e8a-a53fa8088ede'),
 ('111', '111', 'en_us', '', NULL, '1', '2016-07-08 00:23:19', '2016-07-08 00:23:19', 'dcb2fa08-d675-4c94-98af-c921eacfdbe1'),
 ('112', '112', 'en_us', '', NULL, '1', '2016-07-08 00:23:19', '2016-07-08 00:23:19', 'bc43f7b1-7dc4-4320-b9f7-e49dd5c6fe99'),
 ('113', '113', 'en_us', '', NULL, '1', '2016-07-08 00:23:19', '2016-07-08 00:23:19', 'b087aa7c-af0d-44e6-a047-04c89758ab57'),
 ('114', '114', 'en_us', '', NULL, '1', '2016-07-08 00:34:05', '2016-07-08 00:34:05', 'a64bed1d-0841-4c19-b483-8ce6725ec827'),
 ('115', '115', 'en_us', '', NULL, '1', '2016-07-08 00:34:05', '2016-07-08 00:34:05', 'd36e161d-3272-49b0-bd2a-6eeef06b79c1'),
 ('117', '117', 'en_us', '', NULL, '1', '2016-07-08 21:15:10', '2016-07-08 21:15:10', '56263149-928e-422b-b46c-2accfd56aa39'),
 ('118', '118', 'en_us', '', NULL, '1', '2016-07-08 21:15:10', '2016-07-08 21:15:10', 'ebb87371-d3d6-4db0-99a6-796c37959b87'),
 ('119', '119', 'en_us', '', NULL, '1', '2016-07-08 21:15:10', '2016-07-08 21:17:40', '05d31ee4-ce1d-45fc-8509-94096b302d7f');



DROP TABLE IF EXISTS `craft_emailmessages`;


--
-- Schema for table `craft_emailmessages`
--
CREATE TABLE `craft_emailmessages` (
  `id` int(11) NOT NULL AUTO_INCREMENT,
  `key` char(150) COLLATE utf8_unicode_ci NOT NULL,
  `locale` char(12) COLLATE utf8_unicode_ci NOT NULL,
  `subject` varchar(1000) COLLATE utf8_unicode_ci NOT NULL,
  `body` text COLLATE utf8_unicode_ci NOT NULL,
  `dateCreated` datetime NOT NULL,
  `dateUpdated` datetime NOT NULL,
  `uid` char(36) COLLATE utf8_unicode_ci NOT NULL DEFAULT '0',
  PRIMARY KEY (`id`),
  UNIQUE KEY `craft_emailmessages_key_locale_unq_idx` (`key`,`locale`),
  KEY `craft_emailmessages_locale_fk` (`locale`)
) ENGINE=InnoDB DEFAULT CHARSET=utf8 COLLATE=utf8_unicode_ci;

DROP TABLE IF EXISTS `craft_entries`;


--
-- Schema for table `craft_entries`
--
CREATE TABLE `craft_entries` (
  `id` int(11) NOT NULL,
  `sectionId` int(11) NOT NULL,
  `typeId` int(11) DEFAULT NULL,
  `authorId` int(11) DEFAULT NULL,
  `postDate` datetime DEFAULT NULL,
  `expiryDate` datetime DEFAULT NULL,
  `dateCreated` datetime NOT NULL,
  `dateUpdated` datetime NOT NULL,
  `uid` char(36) COLLATE utf8_unicode_ci NOT NULL DEFAULT '0',
  PRIMARY KEY (`id`),
  KEY `craft_entries_sectionId_idx` (`sectionId`),
  KEY `craft_entries_typeId_idx` (`typeId`),
  KEY `craft_entries_postDate_idx` (`postDate`),
  KEY `craft_entries_expiryDate_idx` (`expiryDate`),
  KEY `craft_entries_authorId_fk` (`authorId`)
) ENGINE=InnoDB DEFAULT CHARSET=utf8 COLLATE=utf8_unicode_ci;

--
-- Data for table `craft_entries`
--

INSERT INTO `craft_entries` (`id`, `sectionId`, `typeId`, `authorId`, `postDate`, `expiryDate`, `dateCreated`, `dateUpdated`, `uid`) VALUES
 ('2', '1', '1', NULL, '2016-05-22 02:33:47', NULL, '2015-05-15 20:59:41', '2016-05-22 02:33:47', 'dd438059-508c-49d1-98c1-8e7d124aa79d');



DROP TABLE IF EXISTS `craft_entrydrafts`;


--
-- Schema for table `craft_entrydrafts`
--
CREATE TABLE `craft_entrydrafts` (
  `id` int(11) NOT NULL AUTO_INCREMENT,
  `entryId` int(11) NOT NULL,
  `sectionId` int(11) NOT NULL,
  `creatorId` int(11) NOT NULL,
  `locale` char(12) COLLATE utf8_unicode_ci NOT NULL,
  `name` varchar(255) COLLATE utf8_unicode_ci NOT NULL,
  `notes` tinytext COLLATE utf8_unicode_ci,
  `data` mediumtext COLLATE utf8_unicode_ci NOT NULL,
  `dateCreated` datetime NOT NULL,
  `dateUpdated` datetime NOT NULL,
  `uid` char(36) COLLATE utf8_unicode_ci NOT NULL DEFAULT '0',
  PRIMARY KEY (`id`),
  KEY `craft_entrydrafts_entryId_locale_idx` (`entryId`,`locale`),
  KEY `craft_entrydrafts_sectionId_fk` (`sectionId`),
  KEY `craft_entrydrafts_creatorId_fk` (`creatorId`),
  KEY `craft_entrydrafts_locale_fk` (`locale`)
) ENGINE=InnoDB DEFAULT CHARSET=utf8 COLLATE=utf8_unicode_ci;

DROP TABLE IF EXISTS `craft_entrytypes`;


--
-- Schema for table `craft_entrytypes`
--
CREATE TABLE `craft_entrytypes` (
  `id` int(11) NOT NULL AUTO_INCREMENT,
  `sectionId` int(11) NOT NULL,
  `fieldLayoutId` int(11) DEFAULT NULL,
  `name` varchar(255) COLLATE utf8_unicode_ci NOT NULL,
  `handle` varchar(255) COLLATE utf8_unicode_ci NOT NULL,
  `hasTitleField` tinyint(1) unsigned NOT NULL DEFAULT '1',
  `titleLabel` varchar(255) COLLATE utf8_unicode_ci DEFAULT 'Title',
  `titleFormat` varchar(255) COLLATE utf8_unicode_ci DEFAULT NULL,
  `sortOrder` smallint(6) unsigned DEFAULT NULL,
  `dateCreated` datetime NOT NULL,
  `dateUpdated` datetime NOT NULL,
  `uid` char(36) COLLATE utf8_unicode_ci NOT NULL DEFAULT '0',
  PRIMARY KEY (`id`),
  UNIQUE KEY `craft_entrytypes_name_sectionId_unq_idx` (`name`,`sectionId`),
  UNIQUE KEY `craft_entrytypes_handle_sectionId_unq_idx` (`handle`,`sectionId`),
  KEY `craft_entrytypes_sectionId_fk` (`sectionId`),
  KEY `craft_entrytypes_fieldLayoutId_fk` (`fieldLayoutId`)
) ENGINE=InnoDB AUTO_INCREMENT=4 DEFAULT CHARSET=utf8 COLLATE=utf8_unicode_ci;

--
-- Data for table `craft_entrytypes`
--

INSERT INTO `craft_entrytypes` (`id`, `sectionId`, `fieldLayoutId`, `name`, `handle`, `hasTitleField`, `titleLabel`, `titleFormat`, `sortOrder`, `dateCreated`, `dateUpdated`, `uid`) VALUES
 ('1', '1', '409', 'Homepage', 'homepage', '1', 'Title', NULL, NULL, '2015-05-15 20:59:41', '2016-05-31 16:11:24', 'f46a8774-d517-47fc-943a-20d97333c27a'),
 ('3', '3', '408', 'Pages', 'pages', '1', 'Title', NULL, NULL, '2016-05-11 02:44:22', '2016-05-31 16:10:48', '456d1f6a-671d-47ff-97b1-ccd6ce774009');



DROP TABLE IF EXISTS `craft_entryversions`;


--
-- Schema for table `craft_entryversions`
--
CREATE TABLE `craft_entryversions` (
  `id` int(11) NOT NULL AUTO_INCREMENT,
  `entryId` int(11) NOT NULL,
  `sectionId` int(11) NOT NULL,
  `creatorId` int(11) DEFAULT NULL,
  `locale` char(12) COLLATE utf8_unicode_ci NOT NULL,
  `num` smallint(6) unsigned NOT NULL,
  `notes` tinytext COLLATE utf8_unicode_ci,
  `data` mediumtext COLLATE utf8_unicode_ci NOT NULL,
  `dateCreated` datetime NOT NULL,
  `dateUpdated` datetime NOT NULL,
  `uid` char(36) COLLATE utf8_unicode_ci NOT NULL DEFAULT '0',
  PRIMARY KEY (`id`),
  KEY `craft_entryversions_entryId_locale_idx` (`entryId`,`locale`),
  KEY `craft_entryversions_sectionId_fk` (`sectionId`),
  KEY `craft_entryversions_creatorId_fk` (`creatorId`),
  KEY `craft_entryversions_locale_fk` (`locale`)
) ENGINE=InnoDB AUTO_INCREMENT=39 DEFAULT CHARSET=utf8 COLLATE=utf8_unicode_ci;

--
-- Data for table `craft_entryversions`
--

INSERT INTO `craft_entryversions` (`id`, `entryId`, `sectionId`, `creatorId`, `locale`, `num`, `notes`, `data`, `dateCreated`, `dateUpdated`, `uid`) VALUES
 ('17', '2', '1', '1', 'en_us', '1', '', '{\"typeId\":\"1\",\"authorId\":null,\"title\":\"Louder Than Ten Editorial System\",\"slug\":\"homepage\",\"postDate\":1431723581,\"expiryDate\":null,\"enabled\":1,\"parentId\":null,\"fields\":{\"3\":\"\",\"106\":{\"new0\":{\"type\":\"row\",\"enabled\":\"1\",\"collapsed\":\"0\",\"level\":\"0\",\"fields\":{\"colour\":\"transparent\",\"customColour\":\"#000000\",\"image\":\"\",\"rowType\":\"standard\",\"customClass\":\"\",\"anchorName\":\"\"}},\"new1\":{\"type\":\"text\",\"enabled\":\"1\",\"collapsed\":\"0\",\"level\":\"1\",\"fields\":{\"text\":\"##Your Live Wires playground\\r\\n\\r\\n<p class=\\\"lead\\\">Today we stop making trash and, instead, start building living, breathing beauties that will look and act the way they were imagined.<\\/p>\\r\\n\\r\\nGood stuff! You\\u2019ve downloaded and set up Live Wires successfully on your machine. Here\'s how it works:\\r\\n\\r\\nLive Wires is a platform-agnostic design framework made with Sass that allows you to create responsive grey-box wireframes and prototypes in HTML & SCSS. You can keep all your code without needing to create static mock ups or other deliverables you end up throwing away.\",\"markdown\":\"1\",\"width\":\"c3x2\",\"pushLeft\":\"\",\"pushRight\":\"\",\"float\":\"left\",\"customClass\":\"\"}},\"new2\":{\"type\":\"text\",\"enabled\":\"1\",\"collapsed\":\"0\",\"level\":\"1\",\"fields\":{\"text\":\"###Recommended workflow\\r\\n\\r\\n####Step one\\r\\n\\r\\nBegin by creating your low-fidelity wireframes right here. This page will act as the index or home page of your project. Feel free to delete or overwrite the content on this page with your own.\\r\\n\\r\\n####Step two\\r\\n\\r\\nUse the [linked style guide](\\/guide\\/) to style your elements, components, and modules.\\r\\n\\r\\n####Step three\\r\\n\\r\\nRefine your templates and share with your team or clients as fully-responsive high-fidelity prototypes.\",\"markdown\":\"1\",\"width\":\"c3\",\"pushLeft\":\"\",\"pushRight\":\"\",\"float\":\"left\",\"customClass\":\"\"}},\"new3\":{\"type\":\"row\",\"enabled\":\"1\",\"collapsed\":\"0\",\"level\":\"0\",\"fields\":{\"colour\":\"reverse\",\"customColour\":\"#000000\",\"image\":\"\",\"rowType\":\"standard\",\"customClass\":\"\",\"anchorName\":\"\"}},\"new7\":{\"type\":\"text\",\"enabled\":\"1\",\"collapsed\":\"0\",\"level\":\"1\",\"fields\":{\"text\":\"### Support\\r\\n \\r\\nSubmit your bug reports, pull requests, and questions to [GitHub](https:\\/\\/github.com\\/louderthanten\\/livewires\\/issues).\",\"markdown\":\"1\",\"width\":\"c2\",\"pushLeft\":\"\",\"pushRight\":\"\",\"float\":\"left\",\"customClass\":\"\"}},\"new8\":{\"type\":\"text\",\"enabled\":\"1\",\"collapsed\":\"0\",\"level\":\"1\",\"fields\":{\"text\":\"###About\\r\\n\\r\\n[Follow us on Twitter](http:\\/\\/twitter.com\\/louderthanten) and stay tuned for more detailed video how-tos about this design workflow.\\r\\n\\r\\nLive Wires is built by [Louder Than Ten](https:\\/\\/louderthanten.com).\",\"markdown\":\"1\",\"width\":\"full\",\"pushLeft\":\"\",\"pushRight\":\"\",\"float\":\"left\",\"customClass\":\"\"}}},\"55\":\"Louder Than Ten\",\"56\":\" Editorial System\"}}', '2016-05-20 06:08:15', '2016-05-20 06:08:15', 'a68d898f-d341-4a80-aef1-6888bd8b4563'),
 ('18', '2', '1', '1', 'en_us', '2', '', '{\"typeId\":\"1\",\"authorId\":null,\"title\":\"Louder Than Ten Editorial System\",\"slug\":\"homepage\",\"postDate\":1431723581,\"expiryDate\":null,\"enabled\":1,\"parentId\":null,\"fields\":{\"3\":\"\",\"106\":{\"26\":{\"type\":\"row\",\"enabled\":\"1\",\"collapsed\":\"0\",\"level\":\"0\",\"fields\":{\"colour\":\"transparent\",\"customColour\":\"#000000\",\"image\":\"\",\"rowType\":\"standard\",\"customClass\":\"\",\"anchorName\":\"\"}},\"27\":{\"type\":\"text\",\"enabled\":\"1\",\"collapsed\":\"0\",\"level\":\"1\",\"fields\":{\"text\":\"##Your Live Wires playground\\r\\n\\r\\n<p class=\\\"lead\\\">Today we stop making trash and, instead, start building living, breathing beauties that will look and act the way they were imagined.<\\/p>\\r\\n\\r\\nGood stuff! You\\u2019ve downloaded and set up Live Wires successfully on your machine. Here\'s how it works:\\r\\n\\r\\nLive Wires is a platform-agnostic design framework made with Sass that allows you to create responsive grey-box wireframes and prototypes in HTML & SCSS. You can keep all your code without needing to create static mock ups or other deliverables you end up throwing away.\",\"markdown\":\"1\",\"width\":\"c3x2\",\"pushLeft\":\"\",\"pushRight\":\"\",\"float\":\"left\",\"customClass\":\"\"}},\"28\":{\"type\":\"text\",\"enabled\":\"1\",\"collapsed\":\"0\",\"level\":\"1\",\"fields\":{\"text\":\"###Recommended workflow\\r\\n\\r\\n####Step one\\r\\n\\r\\nBegin by creating your low-fidelity wireframes right here. This page will act as the index or home page of your project. Feel free to delete or overwrite the content on this page with your own.\\r\\n\\r\\n####Step two\\r\\n\\r\\nUse the [linked style guide](\\/guide\\/) to style your elements, components, and modules.\\r\\n\\r\\n####Step three\\r\\n\\r\\nRefine your templates and share with your team or clients as fully-responsive high-fidelity prototypes.\",\"markdown\":\"1\",\"width\":\"c3\",\"pushLeft\":\"\",\"pushRight\":\"\",\"float\":\"left\",\"customClass\":\"\"}},\"29\":{\"type\":\"row\",\"enabled\":\"1\",\"collapsed\":\"0\",\"level\":\"0\",\"fields\":{\"colour\":\"reverse\",\"customColour\":\"#000000\",\"image\":\"\",\"rowType\":\"standard\",\"customClass\":\"\",\"anchorName\":\"\"}},\"30\":{\"type\":\"text\",\"enabled\":\"1\",\"collapsed\":\"0\",\"level\":\"1\",\"fields\":{\"text\":\"### Support\\r\\n \\r\\nSubmit your bug reports, pull requests, and questions to [GitHub](https:\\/\\/github.com\\/louderthanten\\/livewires\\/issues).\",\"markdown\":\"1\",\"width\":\"c2\",\"pushLeft\":\"\",\"pushRight\":\"\",\"float\":\"left\",\"customClass\":\"\"}},\"31\":{\"type\":\"text\",\"enabled\":\"1\",\"collapsed\":\"0\",\"level\":\"1\",\"fields\":{\"text\":\"###About\\r\\n\\r\\n[Follow us on Twitter](http:\\/\\/twitter.com\\/louderthanten) and stay tuned for more detailed video how-tos about this design workflow.\\r\\n\\r\\nLive Wires is built by [Louder Than Ten](https:\\/\\/louderthanten.com).\",\"markdown\":\"1\",\"width\":\"c2\",\"pushLeft\":\"\",\"pushRight\":\"\",\"float\":\"left\",\"customClass\":\"\"}}},\"55\":\"Louder Than Ten\",\"56\":\" Editorial System\"}}', '2016-05-20 06:09:55', '2016-05-20 06:09:55', '3a78d307-4f27-4fc5-bed2-689fe1c1e661'),
 ('19', '2', '1', '1', 'en_us', '3', '', '{\"typeId\":\"1\",\"authorId\":null,\"title\":\"Louder Than Ten Editorial System\",\"slug\":\"homepage\",\"postDate\":1431723581,\"expiryDate\":null,\"enabled\":1,\"parentId\":null,\"fields\":{\"3\":\"\",\"106\":{\"26\":{\"type\":\"row\",\"enabled\":\"1\",\"collapsed\":\"0\",\"level\":\"0\",\"fields\":{\"colour\":\"transparent\",\"customColour\":\"#000000\",\"image\":\"\",\"rowType\":\"standard\",\"customClass\":\"\",\"anchorName\":\"\"}},\"new0\":{\"type\":\"image\",\"enabled\":\"1\",\"collapsed\":\"0\",\"level\":\"1\",\"fields\":{\"image\":\"\",\"websiteUrl\":\"\",\"width\":\"full\",\"pushLeft\":\"\",\"pushRight\":\"\",\"float\":\"left\",\"customClass\":\"\"}},\"27\":{\"type\":\"text\",\"enabled\":\"1\",\"collapsed\":\"0\",\"level\":\"1\",\"fields\":{\"text\":\"##Your Live Wires playground\\r\\n\\r\\n<p class=\\\"lead\\\">Today we stop making trash and, instead, start building living, breathing beauties that will look and act the way they were imagined.<\\/p>\\r\\n\\r\\nGood stuff! You\\u2019ve downloaded and set up Live Wires successfully on your machine. Here\'s how it works:\\r\\n\\r\\nLive Wires is a platform-agnostic design framework made with Sass that allows you to create responsive grey-box wireframes and prototypes in HTML & SCSS. You can keep all your code without needing to create static mock ups or other deliverables you end up throwing away.\",\"markdown\":\"1\",\"width\":\"c3x2\",\"pushLeft\":\"\",\"pushRight\":\"\",\"float\":\"left\",\"customClass\":\"\"}},\"28\":{\"type\":\"text\",\"enabled\":\"1\",\"collapsed\":\"0\",\"level\":\"1\",\"fields\":{\"text\":\"###Recommended workflow\\r\\n\\r\\n####Step one\\r\\n\\r\\nBegin by creating your low-fidelity wireframes right here. This page will act as the index or home page of your project. Feel free to delete or overwrite the content on this page with your own.\\r\\n\\r\\n####Step two\\r\\n\\r\\nUse the [linked style guide](\\/guide\\/) to style your elements, components, and modules.\\r\\n\\r\\n####Step three\\r\\n\\r\\nRefine your templates and share with your team or clients as fully-responsive high-fidelity prototypes.\",\"markdown\":\"1\",\"width\":\"c3\",\"pushLeft\":\"\",\"pushRight\":\"\",\"float\":\"left\",\"customClass\":\"\"}},\"29\":{\"type\":\"row\",\"enabled\":\"1\",\"collapsed\":\"0\",\"level\":\"0\",\"fields\":{\"colour\":\"reverse\",\"customColour\":\"#000000\",\"image\":\"\",\"rowType\":\"standard\",\"customClass\":\"\",\"anchorName\":\"\"}},\"30\":{\"type\":\"text\",\"enabled\":\"1\",\"collapsed\":\"0\",\"level\":\"1\",\"fields\":{\"text\":\"### Support\\r\\n \\r\\nSubmit your bug reports, pull requests, and questions to [GitHub](https:\\/\\/github.com\\/louderthanten\\/livewires\\/issues).\",\"markdown\":\"1\",\"width\":\"c2\",\"pushLeft\":\"\",\"pushRight\":\"\",\"float\":\"left\",\"customClass\":\"\"}},\"31\":{\"type\":\"text\",\"enabled\":\"1\",\"collapsed\":\"0\",\"level\":\"1\",\"fields\":{\"text\":\"###About\\r\\n\\r\\n[Follow us on Twitter](http:\\/\\/twitter.com\\/louderthanten) and stay tuned for more detailed video how-tos about this design workflow.\\r\\n\\r\\nLive Wires is built by [Louder Than Ten](https:\\/\\/louderthanten.com).\",\"markdown\":\"1\",\"width\":\"c2\",\"pushLeft\":\"\",\"pushRight\":\"\",\"float\":\"left\",\"customClass\":\"\"}}},\"55\":\"Louder Than Ten\",\"56\":\" Editorial System\"}}', '2016-05-20 06:37:23', '2016-05-20 06:37:23', '3bb82393-12ac-424a-8d2f-4e090be58c2a'),
 ('20', '2', '1', '1', 'en_us', '4', '', '{\"typeId\":\"1\",\"authorId\":null,\"title\":\"Louder Than Ten Editorial System\",\"slug\":\"homepage\",\"postDate\":1431723581,\"expiryDate\":null,\"enabled\":1,\"parentId\":null,\"fields\":{\"3\":\"\",\"106\":{\"26\":{\"type\":\"row\",\"enabled\":\"1\",\"collapsed\":\"0\",\"level\":\"0\",\"fields\":{\"colour\":\"transparent\",\"customColour\":\"#000000\",\"image\":\"\",\"rowType\":\"standard\",\"customClass\":\"\",\"anchorName\":\"\"}},\"27\":{\"type\":\"text\",\"enabled\":\"1\",\"collapsed\":\"0\",\"level\":\"1\",\"fields\":{\"text\":\"##Your Live Wires playground\\r\\n\\r\\n<p class=\\\"lead\\\">Today we stop making trash and, instead, start building living, breathing beauties that will look and act the way they were imagined.<\\/p>\\r\\n\\r\\nGood stuff! You\\u2019ve downloaded and set up Live Wires successfully on your machine. Here\'s how it works:\\r\\n\\r\\nLive Wires is a platform-agnostic design framework made with Sass that allows you to create responsive grey-box wireframes and prototypes in HTML & SCSS. You can keep all your code without needing to create static mock ups or other deliverables you end up throwing away.\",\"markdown\":\"1\",\"width\":\"c3x2\",\"pushLeft\":\"\",\"pushRight\":\"\",\"float\":\"left\",\"customClass\":\"\"}},\"28\":{\"type\":\"text\",\"enabled\":\"1\",\"collapsed\":\"0\",\"level\":\"1\",\"fields\":{\"text\":\"###Recommended workflow\\r\\n\\r\\n####Step one\\r\\n\\r\\nBegin by creating your low-fidelity wireframes right here. This page will act as the index or home page of your project. Feel free to delete or overwrite the content on this page with your own.\\r\\n\\r\\n####Step two\\r\\n\\r\\nUse the [linked style guide](\\/guide\\/) to style your elements, components, and modules.\\r\\n\\r\\n####Step three\\r\\n\\r\\nRefine your templates and share with your team or clients as fully-responsive high-fidelity prototypes.\",\"markdown\":\"1\",\"width\":\"c3\",\"pushLeft\":\"\",\"pushRight\":\"\",\"float\":\"left\",\"customClass\":\"\"}},\"29\":{\"type\":\"row\",\"enabled\":\"1\",\"collapsed\":\"0\",\"level\":\"0\",\"fields\":{\"colour\":\"reverse\",\"customColour\":\"#000000\",\"image\":\"\",\"rowType\":\"standard\",\"customClass\":\"\",\"anchorName\":\"\"}},\"30\":{\"type\":\"text\",\"enabled\":\"1\",\"collapsed\":\"0\",\"level\":\"1\",\"fields\":{\"text\":\"### Support\\r\\n \\r\\nSubmit your bug reports, pull requests, and questions to [GitHub](https:\\/\\/github.com\\/louderthanten\\/livewires\\/issues).\",\"markdown\":\"1\",\"width\":\"c2\",\"pushLeft\":\"\",\"pushRight\":\"\",\"float\":\"left\",\"customClass\":\"\"}},\"31\":{\"type\":\"text\",\"enabled\":\"1\",\"collapsed\":\"0\",\"level\":\"1\",\"fields\":{\"text\":\"###About\\r\\n\\r\\n[Follow us on Twitter](http:\\/\\/twitter.com\\/louderthanten) and stay tuned for more detailed video how-tos about this design workflow.\\r\\n\\r\\nLive Wires is built by [Louder Than Ten](https:\\/\\/louderthanten.com).\",\"markdown\":\"1\",\"width\":\"c2\",\"pushLeft\":\"\",\"pushRight\":\"\",\"float\":\"left\",\"customClass\":\"\"}}},\"55\":\"Louder Than Ten\",\"56\":\" Editorial System\"}}', '2016-05-20 06:41:05', '2016-05-20 06:41:05', '99a6a556-c608-406b-85bf-202f35f3dbf7'),
 ('21', '2', '1', '1', 'en_us', '5', '', '{\"typeId\":\"1\",\"authorId\":null,\"title\":\"Louder Than Ten Editorial System\",\"slug\":\"homepage\",\"postDate\":1431723581,\"expiryDate\":null,\"enabled\":1,\"parentId\":null,\"fields\":{\"3\":\"\",\"106\":{\"26\":{\"type\":\"row\",\"enabled\":\"1\",\"collapsed\":\"0\",\"level\":\"0\",\"fields\":{\"colour\":\"transparent\",\"customColour\":\"#000000\",\"image\":\"\",\"rowType\":\"standard\",\"customClass\":\"\",\"anchorName\":\"\"}},\"new0\":{\"type\":\"image\",\"enabled\":\"1\",\"collapsed\":\"0\",\"level\":\"1\",\"fields\":{\"image\":\"\",\"websiteUrl\":\"\",\"width\":\"full\",\"pushLeft\":\"\",\"pushRight\":\"\",\"float\":\"left\",\"customClass\":\"\"}},\"27\":{\"type\":\"text\",\"enabled\":\"1\",\"collapsed\":\"0\",\"level\":\"1\",\"fields\":{\"text\":\"##Your Live Wires playground\\r\\n\\r\\n<p class=\\\"lead\\\">Today we stop making trash and, instead, start building living, breathing beauties that will look and act the way they were imagined.<\\/p>\\r\\n\\r\\nGood stuff! You\\u2019ve downloaded and set up Live Wires successfully on your machine. Here\'s how it works:\\r\\n\\r\\nLive Wires is a platform-agnostic design framework made with Sass that allows you to create responsive grey-box wireframes and prototypes in HTML & SCSS. You can keep all your code without needing to create static mock ups or other deliverables you end up throwing away.\",\"markdown\":\"1\",\"width\":\"c3x2\",\"pushLeft\":\"\",\"pushRight\":\"\",\"float\":\"left\",\"customClass\":\"\"}},\"28\":{\"type\":\"text\",\"enabled\":\"1\",\"collapsed\":\"0\",\"level\":\"1\",\"fields\":{\"text\":\"###Recommended workflow\\r\\n\\r\\n####Step one\\r\\n\\r\\nBegin by creating your low-fidelity wireframes right here. This page will act as the index or home page of your project. Feel free to delete or overwrite the content on this page with your own.\\r\\n\\r\\n####Step two\\r\\n\\r\\nUse the [linked style guide](\\/guide\\/) to style your elements, components, and modules.\\r\\n\\r\\n####Step three\\r\\n\\r\\nRefine your templates and share with your team or clients as fully-responsive high-fidelity prototypes.\",\"markdown\":\"1\",\"width\":\"c3\",\"pushLeft\":\"\",\"pushRight\":\"\",\"float\":\"left\",\"customClass\":\"\"}},\"29\":{\"type\":\"row\",\"enabled\":\"1\",\"collapsed\":\"0\",\"level\":\"0\",\"fields\":{\"colour\":\"reverse\",\"customColour\":\"#000000\",\"image\":\"\",\"rowType\":\"standard\",\"customClass\":\"\",\"anchorName\":\"\"}},\"30\":{\"type\":\"text\",\"enabled\":\"1\",\"collapsed\":\"0\",\"level\":\"1\",\"fields\":{\"text\":\"### Support\\r\\n \\r\\nSubmit your bug reports, pull requests, and questions to [GitHub](https:\\/\\/github.com\\/louderthanten\\/livewires\\/issues).\",\"markdown\":\"1\",\"width\":\"c2\",\"pushLeft\":\"\",\"pushRight\":\"\",\"float\":\"left\",\"customClass\":\"\"}},\"31\":{\"type\":\"text\",\"enabled\":\"1\",\"collapsed\":\"0\",\"level\":\"1\",\"fields\":{\"text\":\"###About\\r\\n\\r\\n[Follow us on Twitter](http:\\/\\/twitter.com\\/louderthanten) and stay tuned for more detailed video how-tos about this design workflow.\\r\\n\\r\\nLive Wires is built by [Louder Than Ten](https:\\/\\/louderthanten.com).\",\"markdown\":\"1\",\"width\":\"c2\",\"pushLeft\":\"\",\"pushRight\":\"\",\"float\":\"left\",\"customClass\":\"\"}}},\"55\":\"Louder Than Ten\",\"56\":\" Editorial System\"}}', '2016-05-20 06:47:15', '2016-05-20 06:47:15', '33a57fbc-3393-4fb4-9ff0-c01c4525dcb9'),
 ('22', '2', '1', '1', 'en_us', '6', '', '{\"typeId\":\"1\",\"authorId\":null,\"title\":\"Louder Than Ten Editorial System\",\"slug\":\"homepage\",\"postDate\":1431723581,\"expiryDate\":null,\"enabled\":1,\"parentId\":null,\"fields\":{\"3\":\"\",\"106\":{\"26\":{\"type\":\"row\",\"enabled\":\"1\",\"collapsed\":\"0\",\"level\":\"0\",\"fields\":{\"colour\":\"transparent\",\"customColour\":\"#000000\",\"image\":\"\",\"rowType\":\"standard\",\"customClass\":\"\",\"anchorName\":\"\"}},\"33\":{\"type\":\"image\",\"enabled\":\"1\",\"collapsed\":\"0\",\"level\":\"1\",\"fields\":{\"image\":\"\",\"websiteUrl\":\"\",\"width\":\"full\",\"pushLeft\":\"\",\"pushRight\":\"\",\"float\":\"left\",\"placeholderSize\":\"800x600\",\"placeholderText\":\"Hero\",\"customClass\":\"\"}},\"27\":{\"type\":\"text\",\"enabled\":\"1\",\"collapsed\":\"0\",\"level\":\"1\",\"fields\":{\"text\":\"##Your Live Wires playground\\r\\n\\r\\n<p class=\\\"lead\\\">Today we stop making trash and, instead, start building living, breathing beauties that will look and act the way they were imagined.<\\/p>\\r\\n\\r\\nGood stuff! You\\u2019ve downloaded and set up Live Wires successfully on your machine. Here\'s how it works:\\r\\n\\r\\nLive Wires is a platform-agnostic design framework made with Sass that allows you to create responsive grey-box wireframes and prototypes in HTML & SCSS. You can keep all your code without needing to create static mock ups or other deliverables you end up throwing away.\",\"markdown\":\"1\",\"width\":\"c3x2\",\"pushLeft\":\"\",\"pushRight\":\"\",\"float\":\"left\",\"customClass\":\"\"}},\"28\":{\"type\":\"text\",\"enabled\":\"1\",\"collapsed\":\"0\",\"level\":\"1\",\"fields\":{\"text\":\"###Recommended workflow\\r\\n\\r\\n####Step one\\r\\n\\r\\nBegin by creating your low-fidelity wireframes right here. This page will act as the index or home page of your project. Feel free to delete or overwrite the content on this page with your own.\\r\\n\\r\\n####Step two\\r\\n\\r\\nUse the [linked style guide](\\/guide\\/) to style your elements, components, and modules.\\r\\n\\r\\n####Step three\\r\\n\\r\\nRefine your templates and share with your team or clients as fully-responsive high-fidelity prototypes.\",\"markdown\":\"1\",\"width\":\"c3\",\"pushLeft\":\"\",\"pushRight\":\"\",\"float\":\"left\",\"customClass\":\"\"}},\"29\":{\"type\":\"row\",\"enabled\":\"1\",\"collapsed\":\"0\",\"level\":\"0\",\"fields\":{\"colour\":\"reverse\",\"customColour\":\"#000000\",\"image\":\"\",\"rowType\":\"standard\",\"customClass\":\"\",\"anchorName\":\"\"}},\"30\":{\"type\":\"text\",\"enabled\":\"1\",\"collapsed\":\"0\",\"level\":\"1\",\"fields\":{\"text\":\"### Support\\r\\n \\r\\nSubmit your bug reports, pull requests, and questions to [GitHub](https:\\/\\/github.com\\/louderthanten\\/livewires\\/issues).\",\"markdown\":\"1\",\"width\":\"c2\",\"pushLeft\":\"\",\"pushRight\":\"\",\"float\":\"left\",\"customClass\":\"\"}},\"31\":{\"type\":\"text\",\"enabled\":\"1\",\"collapsed\":\"0\",\"level\":\"1\",\"fields\":{\"text\":\"###About\\r\\n\\r\\n[Follow us on Twitter](http:\\/\\/twitter.com\\/louderthanten) and stay tuned for more detailed video how-tos about this design workflow.\\r\\n\\r\\nLive Wires is built by [Louder Than Ten](https:\\/\\/louderthanten.com).\",\"markdown\":\"1\",\"width\":\"c2\",\"pushLeft\":\"\",\"pushRight\":\"\",\"float\":\"left\",\"customClass\":\"\"}}},\"55\":\"Louder Than Ten\",\"56\":\" Editorial System\"}}', '2016-05-20 06:59:56', '2016-05-20 06:59:56', '78ac4d4b-a441-4a50-8b99-cac6a41fade5'),
 ('23', '2', '1', '1', 'en_us', '7', '', '{\"typeId\":\"1\",\"authorId\":null,\"title\":\"Louder Than Ten Editorial System\",\"slug\":\"homepage\",\"postDate\":1431723581,\"expiryDate\":null,\"enabled\":1,\"parentId\":null,\"fields\":{\"3\":\"\",\"106\":{\"26\":{\"type\":\"row\",\"enabled\":\"1\",\"collapsed\":\"0\",\"level\":\"0\",\"fields\":{\"colour\":\"transparent\",\"customColour\":\"#000000\",\"image\":\"\",\"rowType\":\"standard\",\"customClass\":\"\",\"anchorName\":\"\"}},\"33\":{\"type\":\"image\",\"enabled\":\"1\",\"collapsed\":\"0\",\"level\":\"1\",\"fields\":{\"image\":\"\",\"websiteUrl\":\"\",\"width\":\"full\",\"pushLeft\":\"\",\"pushRight\":\"\",\"float\":\"left\",\"placeholderSize\":\"800x600\",\"placeholderText\":\"Hero\",\"customClass\":\"mb2\"}},\"27\":{\"type\":\"text\",\"enabled\":\"1\",\"collapsed\":\"0\",\"level\":\"1\",\"fields\":{\"text\":\"##Your Live Wires playground\\r\\n\\r\\n<p class=\\\"lead\\\">Today we stop making trash and, instead, start building living, breathing beauties that will look and act the way they were imagined.<\\/p>\\r\\n\\r\\nGood stuff! You\\u2019ve downloaded and set up Live Wires successfully on your machine. Here\'s how it works:\\r\\n\\r\\nLive Wires is a platform-agnostic design framework made with Sass that allows you to create responsive grey-box wireframes and prototypes in HTML & SCSS. You can keep all your code without needing to create static mock ups or other deliverables you end up throwing away.\",\"markdown\":\"1\",\"width\":\"c3x2\",\"pushLeft\":\"\",\"pushRight\":\"\",\"float\":\"left\",\"customClass\":\"\"}},\"28\":{\"type\":\"text\",\"enabled\":\"1\",\"collapsed\":\"0\",\"level\":\"1\",\"fields\":{\"text\":\"###Recommended workflow\\r\\n\\r\\n####Step one\\r\\n\\r\\nBegin by creating your low-fidelity wireframes right here. This page will act as the index or home page of your project. Feel free to delete or overwrite the content on this page with your own.\\r\\n\\r\\n####Step two\\r\\n\\r\\nUse the [linked style guide](\\/guide\\/) to style your elements, components, and modules.\\r\\n\\r\\n####Step three\\r\\n\\r\\nRefine your templates and share with your team or clients as fully-responsive high-fidelity prototypes.\",\"markdown\":\"1\",\"width\":\"c3\",\"pushLeft\":\"\",\"pushRight\":\"\",\"float\":\"left\",\"customClass\":\"\"}},\"29\":{\"type\":\"row\",\"enabled\":\"1\",\"collapsed\":\"0\",\"level\":\"0\",\"fields\":{\"colour\":\"reverse\",\"customColour\":\"#000000\",\"image\":\"\",\"rowType\":\"standard\",\"customClass\":\"\",\"anchorName\":\"\"}},\"30\":{\"type\":\"text\",\"enabled\":\"1\",\"collapsed\":\"0\",\"level\":\"1\",\"fields\":{\"text\":\"### Support\\r\\n \\r\\nSubmit your bug reports, pull requests, and questions to [GitHub](https:\\/\\/github.com\\/louderthanten\\/livewires\\/issues).\",\"markdown\":\"1\",\"width\":\"c2\",\"pushLeft\":\"\",\"pushRight\":\"\",\"float\":\"left\",\"customClass\":\"\"}},\"31\":{\"type\":\"text\",\"enabled\":\"1\",\"collapsed\":\"0\",\"level\":\"1\",\"fields\":{\"text\":\"###About\\r\\n\\r\\n[Follow us on Twitter](http:\\/\\/twitter.com\\/louderthanten) and stay tuned for more detailed video how-tos about this design workflow.\\r\\n\\r\\nLive Wires is built by [Louder Than Ten](https:\\/\\/louderthanten.com).\",\"markdown\":\"1\",\"width\":\"c2\",\"pushLeft\":\"\",\"pushRight\":\"\",\"float\":\"left\",\"customClass\":\"\"}}},\"55\":\"Louder Than Ten\",\"56\":\" Editorial System\"}}', '2016-05-20 07:00:30', '2016-05-20 07:00:30', '3971e542-316d-4dda-8466-1284c72c120c'),
 ('24', '2', '1', '1', 'en_us', '8', '', '{\"typeId\":\"1\",\"authorId\":null,\"title\":\"Louder Than Ten Editorial System\",\"slug\":\"homepage\",\"postDate\":1431723581,\"expiryDate\":null,\"enabled\":1,\"parentId\":null,\"fields\":{\"3\":\"\",\"106\":{\"26\":{\"type\":\"row\",\"enabled\":\"1\",\"collapsed\":\"0\",\"level\":\"0\",\"fields\":{\"colour\":\"transparent\",\"customColour\":\"#000000\",\"image\":\"\",\"rowType\":\"standard\",\"customClass\":\"\",\"anchorName\":\"\"}},\"new0\":{\"type\":\"image\",\"enabled\":\"1\",\"collapsed\":\"0\",\"level\":\"1\",\"fields\":{\"image\":\"\",\"websiteUrl\":\"\",\"width\":\"c3x2\",\"pushLeft\":\"\",\"pushRight\":\"pr3\",\"float\":\"left\",\"placeholderSize\":\"2400x1200\",\"placeholderText\":\"\",\"customClass\":\"\"}},\"27\":{\"type\":\"text\",\"enabled\":\"1\",\"collapsed\":\"0\",\"level\":\"1\",\"fields\":{\"text\":\"##Your Live Wires playground\\r\\n\\r\\n<p class=\\\"lead\\\">Today we stop making trash and, instead, start building living, breathing beauties that will look and act the way they were imagined.<\\/p>\\r\\n\\r\\nGood stuff! You\\u2019ve downloaded and set up Live Wires successfully on your machine. Here\'s how it works:\\r\\n\\r\\nLive Wires is a platform-agnostic design framework made with Sass that allows you to create responsive grey-box wireframes and prototypes in HTML & SCSS. You can keep all your code without needing to create static mock ups or other deliverables you end up throwing away.\",\"markdown\":\"1\",\"width\":\"c3x2\",\"pushLeft\":\"\",\"pushRight\":\"\",\"float\":\"left\",\"customClass\":\"\"}},\"28\":{\"type\":\"text\",\"enabled\":\"1\",\"collapsed\":\"0\",\"level\":\"1\",\"fields\":{\"text\":\"###Recommended workflow\\r\\n\\r\\n####Step one\\r\\n\\r\\nBegin by creating your low-fidelity wireframes right here. This page will act as the index or home page of your project. Feel free to delete or overwrite the content on this page with your own.\\r\\n\\r\\n####Step two\\r\\n\\r\\nUse the [linked style guide](\\/guide\\/) to style your elements, components, and modules.\\r\\n\\r\\n####Step three\\r\\n\\r\\nRefine your templates and share with your team or clients as fully-responsive high-fidelity prototypes.\",\"markdown\":\"1\",\"width\":\"c3\",\"pushLeft\":\"\",\"pushRight\":\"\",\"float\":\"left\",\"customClass\":\"\"}},\"29\":{\"type\":\"row\",\"enabled\":\"1\",\"collapsed\":\"0\",\"level\":\"0\",\"fields\":{\"colour\":\"reverse\",\"customColour\":\"#000000\",\"image\":\"\",\"rowType\":\"standard\",\"customClass\":\"\",\"anchorName\":\"\"}},\"30\":{\"type\":\"text\",\"enabled\":\"1\",\"collapsed\":\"0\",\"level\":\"1\",\"fields\":{\"text\":\"### Support\\r\\n \\r\\nSubmit your bug reports, pull requests, and questions to [GitHub](https:\\/\\/github.com\\/louderthanten\\/livewires\\/issues).\",\"markdown\":\"1\",\"width\":\"c2\",\"pushLeft\":\"\",\"pushRight\":\"\",\"float\":\"left\",\"customClass\":\"\"}},\"31\":{\"type\":\"text\",\"enabled\":\"1\",\"collapsed\":\"0\",\"level\":\"1\",\"fields\":{\"text\":\"###About\\r\\n\\r\\n[Follow us on Twitter](http:\\/\\/twitter.com\\/louderthanten) and stay tuned for more detailed video how-tos about this design workflow.\\r\\n\\r\\nLive Wires is built by [Louder Than Ten](https:\\/\\/louderthanten.com).\",\"markdown\":\"1\",\"width\":\"c2\",\"pushLeft\":\"\",\"pushRight\":\"\",\"float\":\"left\",\"customClass\":\"\"}}},\"55\":\"Louder Than Ten\",\"56\":\" Editorial System\"}}', '2016-05-20 07:01:41', '2016-05-20 07:01:41', 'ade989c6-1ee8-4be0-95f9-fae2be151a66'),
 ('25', '2', '1', '1', 'en_us', '9', '', '{\"typeId\":\"1\",\"authorId\":null,\"title\":\"Louder Than Ten Editorial System\",\"slug\":\"homepage\",\"postDate\":1431723581,\"expiryDate\":null,\"enabled\":1,\"parentId\":null,\"fields\":{\"3\":{\"new1\":{\"type\":\"typography\",\"enabled\":\"1\",\"fields\":{\"primaryHeadingFont\":\"sans-serif;\",\"primaryHeadingSize\":\"5rem\",\"primaryHeadingWeight\":\"100\",\"primaryHeadingItalics\":\"\",\"primaryHeadingUppercase\":\"\",\"hidePrimaryHeading\":\"\"}}},\"106\":{\"26\":{\"type\":\"row\",\"enabled\":\"1\",\"collapsed\":\"0\",\"level\":\"0\",\"fields\":{\"colour\":\"transparent\",\"customColour\":\"#000000\",\"image\":\"\",\"rowType\":\"standard\",\"customClass\":\"\",\"anchorName\":\"\"}},\"34\":{\"type\":\"image\",\"enabled\":\"1\",\"collapsed\":\"0\",\"level\":\"1\",\"fields\":{\"image\":\"\",\"websiteUrl\":\"\",\"width\":\"c3x2\",\"pushLeft\":\"\",\"pushRight\":\"pr3\",\"float\":\"left\",\"placeholderSize\":\"2400x1200\",\"placeholderText\":\"\",\"customClass\":\"\"}},\"27\":{\"type\":\"text\",\"enabled\":\"1\",\"collapsed\":\"0\",\"level\":\"1\",\"fields\":{\"text\":\"##Your Live Wires playground\\r\\n\\r\\n<p class=\\\"lead\\\">Today we stop making trash and, instead, start building living, breathing beauties that will look and act the way they were imagined.<\\/p>\\r\\n\\r\\nGood stuff! You\\u2019ve downloaded and set up Live Wires successfully on your machine. Here\'s how it works:\\r\\n\\r\\nLive Wires is a platform-agnostic design framework made with Sass that allows you to create responsive grey-box wireframes and prototypes in HTML & SCSS. You can keep all your code without needing to create static mock ups or other deliverables you end up throwing away.\",\"markdown\":\"1\",\"width\":\"c3x2\",\"pushLeft\":\"\",\"pushRight\":\"\",\"float\":\"left\",\"customClass\":\"\"}},\"28\":{\"type\":\"text\",\"enabled\":\"1\",\"collapsed\":\"0\",\"level\":\"1\",\"fields\":{\"text\":\"###Recommended workflow\\r\\n\\r\\n####Step one\\r\\n\\r\\nBegin by creating your low-fidelity wireframes right here. This page will act as the index or home page of your project. Feel free to delete or overwrite the content on this page with your own.\\r\\n\\r\\n####Step two\\r\\n\\r\\nUse the [linked style guide](\\/guide\\/) to style your elements, components, and modules.\\r\\n\\r\\n####Step three\\r\\n\\r\\nRefine your templates and share with your team or clients as fully-responsive high-fidelity prototypes.\",\"markdown\":\"1\",\"width\":\"c3\",\"pushLeft\":\"\",\"pushRight\":\"\",\"float\":\"left\",\"customClass\":\"\"}},\"29\":{\"type\":\"row\",\"enabled\":\"1\",\"collapsed\":\"0\",\"level\":\"0\",\"fields\":{\"colour\":\"reverse\",\"customColour\":\"#000000\",\"image\":\"\",\"rowType\":\"standard\",\"customClass\":\"\",\"anchorName\":\"\"}},\"30\":{\"type\":\"text\",\"enabled\":\"1\",\"collapsed\":\"0\",\"level\":\"1\",\"fields\":{\"text\":\"### Support\\r\\n \\r\\nSubmit your bug reports, pull requests, and questions to [GitHub](https:\\/\\/github.com\\/louderthanten\\/livewires\\/issues).\",\"markdown\":\"1\",\"width\":\"c2\",\"pushLeft\":\"\",\"pushRight\":\"\",\"float\":\"left\",\"customClass\":\"\"}},\"31\":{\"type\":\"text\",\"enabled\":\"1\",\"collapsed\":\"0\",\"level\":\"1\",\"fields\":{\"text\":\"###About\\r\\n\\r\\n[Follow us on Twitter](http:\\/\\/twitter.com\\/louderthanten) and stay tuned for more detailed video how-tos about this design workflow.\\r\\n\\r\\nLive Wires is built by [Louder Than Ten](https:\\/\\/louderthanten.com).\",\"markdown\":\"1\",\"width\":\"c2\",\"pushLeft\":\"\",\"pushRight\":\"\",\"float\":\"left\",\"customClass\":\"\"}}},\"55\":\"Louder Than Ten\",\"56\":\" Editorial System\"}}', '2016-05-20 07:02:05', '2016-05-20 07:02:05', '49d4d2b2-6e3c-475a-8513-59427ff185ac'),
 ('26', '2', '1', '1', 'en_us', '10', '', '{\"typeId\":\"1\",\"authorId\":null,\"title\":\"Louder Than Ten Editorial System\",\"slug\":\"homepage\",\"postDate\":1431723581,\"expiryDate\":null,\"enabled\":1,\"parentId\":null,\"fields\":{\"3\":{\"35\":{\"type\":\"typography\",\"enabled\":\"1\",\"fields\":{\"primaryHeadingFont\":\"sans-serif;\",\"primaryHeadingSize\":\"5rem\",\"primaryHeadingWeight\":\"100\",\"primaryHeadingItalics\":\"\",\"primaryHeadingUppercase\":\"\",\"hidePrimaryHeading\":\"\"}}},\"106\":{\"26\":{\"type\":\"row\",\"enabled\":\"1\",\"collapsed\":\"0\",\"level\":\"0\",\"fields\":{\"colour\":\"transparent\",\"customColour\":\"#000000\",\"image\":\"\",\"rowType\":\"standard\",\"customClass\":\"\",\"anchorName\":\"\"}},\"34\":{\"type\":\"image\",\"enabled\":\"1\",\"collapsed\":\"0\",\"level\":\"1\",\"fields\":{\"image\":\"\",\"websiteUrl\":\"\",\"width\":\"c3x2\",\"pushLeft\":\"\",\"pushRight\":\"pr3\",\"float\":\"left\",\"placeholderSize\":\"2400x1200\",\"placeholderText\":\"\",\"customClass\":\"\"}},\"27\":{\"type\":\"text\",\"enabled\":\"1\",\"collapsed\":\"0\",\"level\":\"1\",\"fields\":{\"text\":\"##Your Live Wires playground\\r\\n\\r\\n<p class=\\\"lead\\\">Today we stop making trash and, instead, start building living, breathing beauties that will look and act the way they were imagined.<\\/p>\\r\\n\\r\\nGood stuff! You\\u2019ve downloaded and set up Live Wires successfully on your machine. Here\'s how it works:\\r\\n\\r\\nLive Wires is a platform-agnostic design framework made with Sass that allows you to create responsive grey-box wireframes and prototypes in HTML & SCSS. You can keep all your code without needing to create static mock ups or other deliverables you end up throwing away.\",\"markdown\":\"1\",\"width\":\"c3x2\",\"pushLeft\":\"\",\"pushRight\":\"\",\"float\":\"left\",\"customClass\":\"\"}},\"28\":{\"type\":\"text\",\"enabled\":\"1\",\"collapsed\":\"0\",\"level\":\"1\",\"fields\":{\"text\":\"###Recommended workflow\\r\\n\\r\\n####Step one\\r\\n\\r\\nBegin by creating your low-fidelity wireframes right here. This page will act as the index or home page of your project. Feel free to delete or overwrite the content on this page with your own.\\r\\n\\r\\n####Step two\\r\\n\\r\\nUse the [linked style guide](\\/guide\\/) to style your elements, components, and modules.\\r\\n\\r\\n####Step three\\r\\n\\r\\nRefine your templates and share with your team or clients as fully-responsive high-fidelity prototypes.\",\"markdown\":\"1\",\"width\":\"c3\",\"pushLeft\":\"\",\"pushRight\":\"\",\"float\":\"left\",\"customClass\":\"\"}},\"29\":{\"type\":\"row\",\"enabled\":\"1\",\"collapsed\":\"0\",\"level\":\"0\",\"fields\":{\"colour\":\"reverse\",\"customColour\":\"#000000\",\"image\":\"\",\"rowType\":\"standard\",\"customClass\":\"\",\"anchorName\":\"\"}},\"30\":{\"type\":\"text\",\"enabled\":\"1\",\"collapsed\":\"0\",\"level\":\"1\",\"fields\":{\"text\":\"### Support\\r\\n \\r\\nSubmit your bug reports, pull requests, and questions to [GitHub](https:\\/\\/github.com\\/louderthanten\\/livewires\\/issues).\",\"markdown\":\"1\",\"width\":\"c2\",\"pushLeft\":\"\",\"pushRight\":\"\",\"float\":\"left\",\"customClass\":\"\"}},\"31\":{\"type\":\"text\",\"enabled\":\"1\",\"collapsed\":\"0\",\"level\":\"1\",\"fields\":{\"text\":\"###About\\r\\n\\r\\n[Follow us on Twitter](http:\\/\\/twitter.com\\/louderthanten) and stay tuned for more detailed video how-tos about this design workflow.\\r\\n\\r\\nLive Wires is built by [Louder Than Ten](https:\\/\\/louderthanten.com).\",\"markdown\":\"1\",\"width\":\"c2\",\"pushLeft\":\"\",\"pushRight\":\"\",\"float\":\"left\",\"customClass\":\"\"}}},\"55\":\"Louder Than Ten\",\"56\":\" Editorial System\"}}', '2016-05-20 07:07:29', '2016-05-20 07:07:29', 'b27d68da-c1f5-4881-a304-f03282b76fb2'),
 ('27', '2', '1', '1', 'en_us', '11', '', '{\"typeId\":\"1\",\"authorId\":null,\"title\":\"Louder Than Ten Editorial System\",\"slug\":\"homepage\",\"postDate\":1463728147,\"expiryDate\":null,\"enabled\":1,\"parentId\":null,\"fields\":{\"3\":{\"35\":{\"type\":\"typography\",\"enabled\":\"1\",\"fields\":{\"primaryHeadingFont\":\"Georgia, serif;\",\"primaryHeadingSize\":\"3rem\",\"primaryHeadingWeight\":\"700\",\"primaryHeadingItalics\":\"\",\"primaryHeadingUppercase\":\"\",\"hidePrimaryHeading\":\"\"}}},\"106\":{\"26\":{\"type\":\"row\",\"enabled\":\"1\",\"collapsed\":\"0\",\"level\":\"0\",\"fields\":{\"colour\":\"transparent\",\"customColour\":\"#000000\",\"image\":\"\",\"rowType\":\"standard\",\"customClass\":\"\",\"anchorName\":\"\"}},\"34\":{\"type\":\"image\",\"enabled\":\"1\",\"collapsed\":\"0\",\"level\":\"1\",\"fields\":{\"image\":\"\",\"websiteUrl\":\"\",\"width\":\"c3x2\",\"pushLeft\":\"\",\"pushRight\":\"pr3\",\"float\":\"left\",\"placeholderSize\":\"2400x1200\",\"placeholderText\":\"\",\"customClass\":\"\"}},\"27\":{\"type\":\"text\",\"enabled\":\"1\",\"collapsed\":\"0\",\"level\":\"1\",\"fields\":{\"text\":\"##Your Live Wires playground\\r\\n\\r\\n<p class=\\\"lead\\\">Today we stop making trash and, instead, start building living, breathing beauties that will look and act the way they were imagined.<\\/p>\\r\\n\\r\\nGood stuff! You\\u2019ve downloaded and set up Live Wires successfully on your machine. Here\'s how it works:\\r\\n\\r\\nLive Wires is a platform-agnostic design framework made with Sass that allows you to create responsive grey-box wireframes and prototypes in HTML & SCSS. You can keep all your code without needing to create static mock ups or other deliverables you end up throwing away.\",\"markdown\":\"1\",\"width\":\"c3x2\",\"pushLeft\":\"\",\"pushRight\":\"\",\"float\":\"left\",\"customClass\":\"\"}},\"28\":{\"type\":\"text\",\"enabled\":\"1\",\"collapsed\":\"0\",\"level\":\"1\",\"fields\":{\"text\":\"###Recommended workflow\\r\\n\\r\\n####Step one\\r\\n\\r\\nBegin by creating your low-fidelity wireframes right here. This page will act as the index or home page of your project. Feel free to delete or overwrite the content on this page with your own.\\r\\n\\r\\n####Step two\\r\\n\\r\\nUse the [linked style guide](\\/guide\\/) to style your elements, components, and modules.\\r\\n\\r\\n####Step three\\r\\n\\r\\nRefine your templates and share with your team or clients as fully-responsive high-fidelity prototypes.\",\"markdown\":\"1\",\"width\":\"c3\",\"pushLeft\":\"\",\"pushRight\":\"\",\"float\":\"left\",\"customClass\":\"\"}},\"29\":{\"type\":\"row\",\"enabled\":\"1\",\"collapsed\":\"0\",\"level\":\"0\",\"fields\":{\"colour\":\"reverse\",\"customColour\":\"#000000\",\"image\":\"\",\"rowType\":\"standard\",\"customClass\":\"\",\"anchorName\":\"\"}},\"30\":{\"type\":\"text\",\"enabled\":\"1\",\"collapsed\":\"0\",\"level\":\"1\",\"fields\":{\"text\":\"### Support\\r\\n \\r\\nSubmit your bug reports, pull requests, and questions to [GitHub](https:\\/\\/github.com\\/louderthanten\\/livewires\\/issues).\",\"markdown\":\"1\",\"width\":\"c2\",\"pushLeft\":\"\",\"pushRight\":\"\",\"float\":\"left\",\"customClass\":\"\"}},\"31\":{\"type\":\"text\",\"enabled\":\"1\",\"collapsed\":\"0\",\"level\":\"1\",\"fields\":{\"text\":\"###About\\r\\n\\r\\n[Follow us on Twitter](http:\\/\\/twitter.com\\/louderthanten) and stay tuned for more detailed video how-tos about this design workflow.\\r\\n\\r\\nLive Wires is built by [Louder Than Ten](https:\\/\\/louderthanten.com).\",\"markdown\":\"1\",\"width\":\"c2\",\"pushLeft\":\"\",\"pushRight\":\"\",\"float\":\"left\",\"customClass\":\"\"}}},\"55\":\"Louder Than Ten\",\"56\":\" Editorial System\"}}', '2016-05-20 07:10:38', '2016-05-20 07:10:38', 'd16cf0b2-83b9-4a7a-99cb-c6e5d2fe4a95'),
 ('28', '2', '1', '1', 'en_us', '12', '', '{\"typeId\":\"1\",\"authorId\":null,\"title\":\"Louder Than Ten Editorial System\",\"slug\":\"homepage\",\"postDate\":1463728490,\"expiryDate\":null,\"enabled\":1,\"parentId\":null,\"fields\":{\"3\":{\"35\":{\"type\":\"typography\",\"enabled\":\"1\",\"fields\":{\"primaryHeadingFont\":\"Georgia, serif;\",\"primaryHeadingSize\":\"3rem\",\"primaryHeadingWeight\":\"700\",\"primaryHeadingItalics\":\"\",\"primaryHeadingUppercase\":\"\",\"hidePrimaryHeading\":\"\"}}},\"106\":{\"26\":{\"type\":\"row\",\"enabled\":\"1\",\"collapsed\":\"0\",\"level\":\"0\",\"fields\":{\"colour\":\"transparent\",\"customColour\":\"#000000\",\"image\":\"\",\"rowType\":\"standard\",\"customClass\":\"\",\"anchorName\":\"\"}},\"34\":{\"type\":\"image\",\"enabled\":\"1\",\"collapsed\":\"0\",\"level\":\"1\",\"fields\":{\"image\":\"\",\"websiteUrl\":\"\",\"width\":\"c3x2\",\"pushLeft\":\"\",\"pushRight\":\"pr3\",\"float\":\"left\",\"placeholderSize\":\"2400x1200\",\"placeholderText\":\"\",\"customClass\":\"\"}},\"27\":{\"type\":\"text\",\"enabled\":\"1\",\"collapsed\":\"0\",\"level\":\"1\",\"fields\":{\"text\":\"##Your Live Wires playground\\r\\n\\r\\n<p class=\\\"lead\\\">Today we stop making trash and, instead, start building living, breathing beauties that will look and act the way they were imagined.<\\/p>\\r\\n\\r\\nGood stuff! You\\u2019ve downloaded and set up Live Wires successfully on your machine. Here\'s how it works:\\r\\n\\r\\nLive Wires is a platform-agnostic design framework made with Sass that allows you to create responsive grey-box wireframes and prototypes in HTML & SCSS. You can keep all your code without needing to create static mock ups or other deliverables you end up throwing away.\",\"markdown\":\"1\",\"width\":\"c3x2\",\"pushLeft\":\"\",\"pushRight\":\"\",\"float\":\"left\",\"customClass\":\"\"}},\"28\":{\"type\":\"text\",\"enabled\":\"1\",\"collapsed\":\"0\",\"level\":\"1\",\"fields\":{\"text\":\"###Recommended workflow\\r\\n\\r\\n####Step one\\r\\n\\r\\nBegin by creating your low-fidelity wireframes right here. This page will act as the index or home page of your project. Feel free to delete or overwrite the content on this page with your own.\\r\\n\\r\\n####Step two\\r\\n\\r\\nUse the [linked style guide](\\/guide\\/) to style your elements, components, and modules.\\r\\n\\r\\n####Step three\\r\\n\\r\\nRefine your templates and share with your team or clients as fully-responsive high-fidelity prototypes.\",\"markdown\":\"1\",\"width\":\"c3\",\"pushLeft\":\"\",\"pushRight\":\"\",\"float\":\"left\",\"customClass\":\"\"}},\"29\":{\"type\":\"row\",\"enabled\":\"1\",\"collapsed\":\"0\",\"level\":\"0\",\"fields\":{\"colour\":\"reverse\",\"customColour\":\"#000000\",\"image\":\"\",\"rowType\":\"standard\",\"customClass\":\"\",\"anchorName\":\"\"}},\"30\":{\"type\":\"text\",\"enabled\":\"1\",\"collapsed\":\"0\",\"level\":\"1\",\"fields\":{\"text\":\"### Support\\r\\n \\r\\nSubmit your bug reports, pull requests, and questions to [GitHub](https:\\/\\/github.com\\/louderthanten\\/livewires\\/issues).\",\"markdown\":\"1\",\"width\":\"c2\",\"pushLeft\":\"\",\"pushRight\":\"\",\"float\":\"left\",\"customClass\":\"\"}},\"31\":{\"type\":\"text\",\"enabled\":\"1\",\"collapsed\":\"0\",\"level\":\"1\",\"fields\":{\"text\":\"###About\\r\\n\\r\\n[Follow us on Twitter](http:\\/\\/twitter.com\\/louderthanten) and stay tuned for more detailed video how-tos about this design workflow.\\r\\n\\r\\nLive Wires is built by [Louder Than Ten](https:\\/\\/louderthanten.com).\",\"markdown\":\"1\",\"width\":\"c2\",\"pushLeft\":\"\",\"pushRight\":\"\",\"float\":\"left\",\"customClass\":\"\"}}},\"55\":\"Louder Than Ten\",\"56\":\" Editorial System\"}}', '2016-05-20 07:16:28', '2016-05-20 07:16:28', '907784d3-9fd0-4ee4-9390-9c3beea9b0bf'),
 ('29', '2', '1', '1', 'en_us', '13', '', '{\"typeId\":\"1\",\"authorId\":null,\"title\":\"Louder Than Ten Editorial System\",\"slug\":\"homepage\",\"postDate\":1463728490,\"expiryDate\":null,\"enabled\":1,\"parentId\":null,\"fields\":{\"3\":{\"35\":{\"type\":\"typography\",\"enabled\":\"1\",\"fields\":{\"primaryHeadingFont\":\"Georgia, serif\",\"primaryHeadingSize\":\"10rem\",\"primaryHeadingWeight\":\"100\",\"primaryHeadingItalics\":\"\",\"primaryHeadingUppercase\":\"\",\"hidePrimaryHeading\":\"\"}}},\"106\":{\"26\":{\"type\":\"row\",\"enabled\":\"1\",\"collapsed\":\"0\",\"level\":\"0\",\"fields\":{\"colour\":\"transparent\",\"customColour\":\"#000000\",\"image\":\"\",\"rowType\":\"standard\",\"customClass\":\"\",\"anchorName\":\"\"}},\"27\":{\"type\":\"text\",\"enabled\":\"1\",\"collapsed\":\"0\",\"level\":\"1\",\"fields\":{\"text\":\"##Your Live Wires playground\\r\\n\\r\\n<p class=\\\"lead\\\">Today we stop making trash and, instead, start building living, breathing beauties that will look and act the way they were imagined.<\\/p>\\r\\n\\r\\nGood stuff! You\\u2019ve downloaded and set up Live Wires successfully on your machine. Here\'s how it works:\\r\\n\\r\\nLive Wires is a platform-agnostic design framework made with Sass that allows you to create responsive grey-box wireframes and prototypes in HTML & SCSS. You can keep all your code without needing to create static mock ups or other deliverables you end up throwing away.\",\"markdown\":\"1\",\"width\":\"c3x2\",\"pushLeft\":\"\",\"pushRight\":\"\",\"float\":\"left\",\"customClass\":\"\"}},\"28\":{\"type\":\"text\",\"enabled\":\"1\",\"collapsed\":\"0\",\"level\":\"1\",\"fields\":{\"text\":\"###Recommended workflow\\r\\n\\r\\n####Step one\\r\\n\\r\\nBegin by creating your low-fidelity wireframes right here. This page will act as the index or home page of your project. Feel free to delete or overwrite the content on this page with your own.\\r\\n\\r\\n####Step two\\r\\n\\r\\nUse the [linked style guide](\\/guide\\/) to style your elements, components, and modules.\\r\\n\\r\\n####Step three\\r\\n\\r\\nRefine your templates and share with your team or clients as fully-responsive high-fidelity prototypes.\",\"markdown\":\"1\",\"width\":\"c3\",\"pushLeft\":\"\",\"pushRight\":\"\",\"float\":\"left\",\"customClass\":\"\"}},\"29\":{\"type\":\"row\",\"enabled\":\"1\",\"collapsed\":\"0\",\"level\":\"0\",\"fields\":{\"colour\":\"reverse\",\"customColour\":\"#000000\",\"image\":\"\",\"rowType\":\"standard\",\"customClass\":\"\",\"anchorName\":\"\"}},\"30\":{\"type\":\"text\",\"enabled\":\"1\",\"collapsed\":\"0\",\"level\":\"1\",\"fields\":{\"text\":\"### Support\\r\\n \\r\\nSubmit your bug reports, pull requests, and questions to [GitHub](https:\\/\\/github.com\\/louderthanten\\/livewires\\/issues).\",\"markdown\":\"1\",\"width\":\"c2\",\"pushLeft\":\"\",\"pushRight\":\"\",\"float\":\"left\",\"customClass\":\"\"}},\"31\":{\"type\":\"text\",\"enabled\":\"1\",\"collapsed\":\"0\",\"level\":\"1\",\"fields\":{\"text\":\"###About\\r\\n\\r\\n[Follow us on Twitter](http:\\/\\/twitter.com\\/louderthanten) and stay tuned for more detailed video how-tos about this design workflow.\\r\\n\\r\\nLive Wires is built by [Louder Than Ten](https:\\/\\/louderthanten.com).\",\"markdown\":\"1\",\"width\":\"c2\",\"pushLeft\":\"\",\"pushRight\":\"\",\"float\":\"left\",\"customClass\":\"\"}}},\"55\":\"Louder Than Ten\",\"56\":\" Editorial System\"}}', '2016-05-20 07:20:37', '2016-05-20 07:20:37', 'aaa7a7a6-cf34-486c-8638-e020cc358802'),
 ('30', '2', '1', '1', 'en_us', '14', '', '{\"typeId\":\"1\",\"authorId\":null,\"title\":\"Louder Than Ten Editorial System\",\"slug\":\"homepage\",\"postDate\":1463728490,\"expiryDate\":null,\"enabled\":1,\"parentId\":null,\"fields\":{\"3\":\"\",\"106\":{\"26\":{\"type\":\"row\",\"enabled\":\"1\",\"collapsed\":\"0\",\"level\":\"0\",\"fields\":{\"colour\":\"transparent\",\"customColour\":\"#000000\",\"image\":\"\",\"rowType\":\"standard\",\"customClass\":\"\",\"anchorName\":\"\"}},\"27\":{\"type\":\"text\",\"enabled\":\"1\",\"collapsed\":\"0\",\"level\":\"1\",\"fields\":{\"text\":\"##Your Live Wires playground\\r\\n\\r\\n<p class=\\\"lead\\\">Today we stop making trash and, instead, start building living, breathing beauties that will look and act the way they were imagined.<\\/p>\\r\\n\\r\\nGood stuff! You\\u2019ve downloaded and set up Live Wires successfully on your machine. Here\'s how it works:\\r\\n\\r\\nLive Wires is a platform-agnostic design framework made with Sass that allows you to create responsive grey-box wireframes and prototypes in HTML & SCSS. You can keep all your code without needing to create static mock ups or other deliverables you end up throwing away.\",\"markdown\":\"1\",\"width\":\"c3x2\",\"pushLeft\":\"\",\"pushRight\":\"\",\"float\":\"left\",\"customClass\":\"\"}},\"28\":{\"type\":\"text\",\"enabled\":\"1\",\"collapsed\":\"0\",\"level\":\"1\",\"fields\":{\"text\":\"###Recommended workflow\\r\\n\\r\\n####Step one\\r\\n\\r\\nBegin by creating your low-fidelity wireframes right here. This page will act as the index or home page of your project. Feel free to delete or overwrite the content on this page with your own.\\r\\n\\r\\n####Step two\\r\\n\\r\\nUse the [linked style guide](\\/guide\\/) to style your elements, components, and modules.\\r\\n\\r\\n####Step three\\r\\n\\r\\nRefine your templates and share with your team or clients as fully-responsive high-fidelity prototypes.\",\"markdown\":\"1\",\"width\":\"c3\",\"pushLeft\":\"\",\"pushRight\":\"\",\"float\":\"left\",\"customClass\":\"\"}},\"29\":{\"type\":\"row\",\"enabled\":\"1\",\"collapsed\":\"0\",\"level\":\"0\",\"fields\":{\"colour\":\"reverse\",\"customColour\":\"#000000\",\"image\":\"\",\"rowType\":\"standard\",\"customClass\":\"\",\"anchorName\":\"\"}},\"30\":{\"type\":\"text\",\"enabled\":\"1\",\"collapsed\":\"0\",\"level\":\"1\",\"fields\":{\"text\":\"### Support\\r\\n \\r\\nSubmit your bug reports, pull requests, and questions to [GitHub](https:\\/\\/github.com\\/louderthanten\\/livewires\\/issues).\",\"markdown\":\"1\",\"width\":\"c2\",\"pushLeft\":\"\",\"pushRight\":\"\",\"float\":\"left\",\"customClass\":\"\"}},\"31\":{\"type\":\"text\",\"enabled\":\"1\",\"collapsed\":\"0\",\"level\":\"1\",\"fields\":{\"text\":\"###About\\r\\n\\r\\n[Follow us on Twitter](http:\\/\\/twitter.com\\/louderthanten) and stay tuned for more detailed video how-tos about this design workflow.\\r\\n\\r\\nLive Wires is built by [Louder Than Ten](https:\\/\\/louderthanten.com).\",\"markdown\":\"1\",\"width\":\"c2\",\"pushLeft\":\"\",\"pushRight\":\"\",\"float\":\"left\",\"customClass\":\"\"}}},\"55\":\"Louder Than Ten\",\"56\":\" Editorial System\"}}', '2016-05-20 07:21:05', '2016-05-20 07:21:05', 'e9ba3266-288b-4c43-b223-a55c8e69b9df'),
 ('31', '2', '1', '1', 'en_us', '15', '', '{\"typeId\":\"1\",\"authorId\":null,\"title\":\"Louder Than Ten Editorial System\",\"slug\":\"homepage\",\"postDate\":1463728490,\"expiryDate\":null,\"enabled\":1,\"parentId\":null,\"fields\":{\"3\":\"\",\"106\":{\"26\":{\"type\":\"row\",\"enabled\":\"1\",\"collapsed\":\"0\",\"level\":\"0\",\"fields\":{\"colour\":\"transparent\",\"customColour\":\"#000000\",\"image\":\"\",\"rowType\":\"standard\",\"customClass\":\"\",\"anchorName\":\"\"}},\"27\":{\"type\":\"text\",\"enabled\":\"1\",\"collapsed\":\"0\",\"level\":\"1\",\"fields\":{\"text\":\"##Your Live Wires playground\\r\\n\\r\\n<p class=\\\"lead\\\">Today we stop making trash and, instead, start building living, breathing beauties that will look and act the way they were imagined.<\\/p>\\r\\n\\r\\nGood stuff! You\\u2019ve downloaded and set up Live Wires successfully on your machine. Here\'s how it works:\\r\\n\\r\\nLive Wires is a platform-agnostic design framework made with Sass that allows you to create responsive grey-box wireframes and prototypes in HTML & SCSS. You can keep all your code without needing to create static mock ups or other deliverables you end up throwing away.\",\"markdown\":\"1\",\"width\":\"c3x2\",\"pushLeft\":\"\",\"pushRight\":\"\",\"float\":\"left\",\"customClass\":\"\"}},\"28\":{\"type\":\"text\",\"enabled\":\"1\",\"collapsed\":\"0\",\"level\":\"1\",\"fields\":{\"text\":\"###Recommended workflow\\r\\n\\r\\n####Step one\\r\\n\\r\\nBegin by creating your low-fidelity wireframes right here. This page will act as the index or home page of your project. Feel free to delete or overwrite the content on this page with your own.\\r\\n\\r\\n####Step two\\r\\n\\r\\nUse the [linked style guide](\\/guide\\/) to style your elements, components, and modules.\\r\\n\\r\\n####Step three\\r\\n\\r\\nRefine your templates and share with your team or clients as fully-responsive high-fidelity prototypes.\",\"markdown\":\"1\",\"width\":\"c3\",\"pushLeft\":\"\",\"pushRight\":\"\",\"float\":\"left\",\"customClass\":\"\"}},\"29\":{\"type\":\"row\",\"enabled\":\"1\",\"collapsed\":\"0\",\"level\":\"0\",\"fields\":{\"colour\":\"reverse\",\"customColour\":\"#000000\",\"image\":\"\",\"rowType\":\"standard\",\"customClass\":\"\",\"anchorName\":\"\"}},\"30\":{\"type\":\"text\",\"enabled\":\"1\",\"collapsed\":\"0\",\"level\":\"1\",\"fields\":{\"text\":\"### Support\\r\\n \\r\\nSubmit your bug reports, pull requests, and questions to [GitHub](https:\\/\\/github.com\\/louderthanten\\/livewires\\/issues).\",\"markdown\":\"1\",\"width\":\"c2\",\"pushLeft\":\"\",\"pushRight\":\"\",\"float\":\"left\",\"customClass\":\"\"}},\"31\":{\"type\":\"text\",\"enabled\":\"1\",\"collapsed\":\"0\",\"level\":\"1\",\"fields\":{\"text\":\"###About\\r\\n\\r\\n[Follow us on Twitter](http:\\/\\/twitter.com\\/louderthanten) and stay tuned for more detailed video how-tos about this design workflow.\\r\\n\\r\\nLive Wires is built by [Louder Than Ten](https:\\/\\/louderthanten.com).\",\"markdown\":\"1\",\"width\":\"c2\",\"pushLeft\":\"\",\"pushRight\":\"\",\"float\":\"left\",\"customClass\":\"\"}},\"new0\":{\"type\":\"row\",\"enabled\":\"1\",\"collapsed\":\"0\",\"level\":\"0\",\"fields\":{\"colour\":\"blue\",\"customColour\":\"#000000\",\"image\":\"\",\"rowType\":\"standard\",\"customClass\":\"\",\"anchorName\":\"\"}},\"new2\":{\"type\":\"image\",\"enabled\":\"1\",\"collapsed\":\"0\",\"level\":\"1\",\"fields\":{\"image\":\"\",\"websiteUrl\":\"\",\"width\":\"full\",\"pushLeft\":\"\",\"pushRight\":\"\",\"float\":\"left\",\"placeholderSize\":\"2000x300\",\"placeholderText\":\"Hero\",\"customClass\":\"mb1\"}},\"new1\":{\"type\":\"text\",\"enabled\":\"1\",\"collapsed\":\"0\",\"level\":\"1\",\"fields\":{\"text\":\"#Here is an article boom.\\r\\n\\r\\nHere is som supporting copy.\",\"markdown\":\"1\",\"width\":\"c2\",\"pushLeft\":\"pl4\",\"pushRight\":\"pr4\",\"float\":\"left\",\"customClass\":\"\"}}},\"55\":\"Louder Than Ten\",\"56\":\" Editorial System\"}}', '2016-05-20 07:25:06', '2016-05-20 07:25:06', '465c7089-7d92-4abc-97b5-9932a24f552b'),
 ('32', '2', '1', '1', 'en_us', '16', '', '{\"typeId\":\"1\",\"authorId\":null,\"title\":\"Louder Than Ten Editorial System\",\"slug\":\"homepage\",\"postDate\":1463728490,\"expiryDate\":null,\"enabled\":1,\"parentId\":null,\"fields\":{\"3\":{\"new1\":{\"type\":\"typography\",\"enabled\":\"1\",\"fields\":{\"primaryHeadingFont\":\"Georgia, serif\",\"primaryHeadingSize\":\"10rem\",\"primaryHeadingWeight\":\"100\",\"primaryHeadingItalics\":\"\",\"primaryHeadingUppercase\":\"\",\"hidePrimaryHeading\":\"\"}}},\"106\":{\"26\":{\"type\":\"row\",\"enabled\":\"1\",\"collapsed\":\"0\",\"level\":\"0\",\"fields\":{\"colour\":\"transparent\",\"customColour\":\"#000000\",\"image\":\"\",\"rowType\":\"standard\",\"customClass\":\"\",\"anchorName\":\"\"}},\"27\":{\"type\":\"text\",\"enabled\":\"1\",\"collapsed\":\"0\",\"level\":\"1\",\"fields\":{\"text\":\"##Your Live Wires playground\\r\\n\\r\\n<p class=\\\"lead\\\">Today we stop making trash and, instead, start building living, breathing beauties that will look and act the way they were imagined.<\\/p>\\r\\n\\r\\nGood stuff! You\\u2019ve downloaded and set up Live Wires successfully on your machine. Here\'s how it works:\\r\\n\\r\\nLive Wires is a platform-agnostic design framework made with Sass that allows you to create responsive grey-box wireframes and prototypes in HTML & SCSS. You can keep all your code without needing to create static mock ups or other deliverables you end up throwing away.\",\"markdown\":\"1\",\"width\":\"c3x2\",\"pushLeft\":\"\",\"pushRight\":\"\",\"float\":\"left\",\"customClass\":\"\"}},\"28\":{\"type\":\"text\",\"enabled\":\"1\",\"collapsed\":\"0\",\"level\":\"1\",\"fields\":{\"text\":\"###Recommended workflow\\r\\n\\r\\n####Step one\\r\\n\\r\\nBegin by creating your low-fidelity wireframes right here. This page will act as the index or home page of your project. Feel free to delete or overwrite the content on this page with your own.\\r\\n\\r\\n####Step two\\r\\n\\r\\nUse the [linked style guide](\\/guide\\/) to style your elements, components, and modules.\\r\\n\\r\\n####Step three\\r\\n\\r\\nRefine your templates and share with your team or clients as fully-responsive high-fidelity prototypes.\",\"markdown\":\"1\",\"width\":\"c3\",\"pushLeft\":\"\",\"pushRight\":\"\",\"float\":\"left\",\"customClass\":\"\"}},\"29\":{\"type\":\"row\",\"enabled\":\"1\",\"collapsed\":\"0\",\"level\":\"0\",\"fields\":{\"colour\":\"reverse\",\"customColour\":\"#000000\",\"image\":\"\",\"rowType\":\"standard\",\"customClass\":\"\",\"anchorName\":\"\"}},\"30\":{\"type\":\"text\",\"enabled\":\"1\",\"collapsed\":\"0\",\"level\":\"1\",\"fields\":{\"text\":\"### Support\\r\\n \\r\\nSubmit your bug reports, pull requests, and questions to [GitHub](https:\\/\\/github.com\\/louderthanten\\/livewires\\/issues).\",\"markdown\":\"1\",\"width\":\"c2\",\"pushLeft\":\"\",\"pushRight\":\"\",\"float\":\"left\",\"customClass\":\"\"}},\"31\":{\"type\":\"text\",\"enabled\":\"1\",\"collapsed\":\"0\",\"level\":\"1\",\"fields\":{\"text\":\"###About\\r\\n\\r\\n[Follow us on Twitter](http:\\/\\/twitter.com\\/louderthanten) and stay tuned for more detailed video how-tos about this design workflow.\\r\\n\\r\\nLive Wires is built by [Louder Than Ten](https:\\/\\/louderthanten.com).\",\"markdown\":\"1\",\"width\":\"c2\",\"pushLeft\":\"\",\"pushRight\":\"\",\"float\":\"left\",\"customClass\":\"\"}},\"36\":{\"type\":\"row\",\"enabled\":\"1\",\"collapsed\":\"0\",\"level\":\"0\",\"fields\":{\"colour\":\"blue\",\"customColour\":\"#000000\",\"image\":\"\",\"rowType\":\"standard\",\"customClass\":\"\",\"anchorName\":\"\"}},\"37\":{\"type\":\"image\",\"enabled\":\"1\",\"collapsed\":\"0\",\"level\":\"1\",\"fields\":{\"image\":\"\",\"websiteUrl\":\"\",\"width\":\"full\",\"pushLeft\":\"\",\"pushRight\":\"\",\"float\":\"left\",\"placeholderSize\":\"2000x300\",\"placeholderText\":\"Hero\",\"customClass\":\"mb1\"}},\"38\":{\"type\":\"text\",\"enabled\":\"1\",\"collapsed\":\"0\",\"level\":\"1\",\"fields\":{\"text\":\"#Here is an article boom.\\r\\n\\r\\nHere is som supporting copy.\",\"markdown\":\"1\",\"width\":\"c2\",\"pushLeft\":\"pl4\",\"pushRight\":\"pr4\",\"float\":\"left\",\"customClass\":\"\"}}},\"55\":\"Louder Than Ten\",\"56\":\" Editorial System\"}}', '2016-05-20 07:25:45', '2016-05-20 07:25:45', 'a3a1a8bb-45de-4fb9-9be3-f1361d825379'),
 ('33', '2', '1', '1', 'en_us', '17', '', '{\"typeId\":\"1\",\"authorId\":null,\"title\":\"Louder Than Ten Editorial System\",\"slug\":\"homepage\",\"postDate\":1463728490,\"expiryDate\":null,\"enabled\":1,\"parentId\":null,\"fields\":{\"3\":\"\",\"106\":{\"26\":{\"type\":\"row\",\"enabled\":\"1\",\"collapsed\":\"0\",\"level\":\"0\",\"fields\":{\"colour\":\"transparent\",\"customColour\":\"#000000\",\"image\":\"\",\"rowType\":\"standard\",\"customClass\":\"\",\"anchorName\":\"\"}},\"27\":{\"type\":\"text\",\"enabled\":\"1\",\"collapsed\":\"0\",\"level\":\"1\",\"fields\":{\"text\":\"##Your Live Wires playground\\r\\n\\r\\n<p class=\\\"lead\\\">Today we stop making trash and, instead, start building living, breathing beauties that will look and act the way they were imagined.<\\/p>\\r\\n\\r\\nGood stuff! You\\u2019ve downloaded and set up Live Wires successfully on your machine. Here\'s how it works:\\r\\n\\r\\nLive Wires is a platform-agnostic design framework made with Sass that allows you to create responsive grey-box wireframes and prototypes in HTML & SCSS. You can keep all your code without needing to create static mock ups or other deliverables you end up throwing away.\",\"markdown\":\"1\",\"width\":\"c3x2\",\"pushLeft\":\"\",\"pushRight\":\"\",\"float\":\"left\",\"customClass\":\"\"}},\"28\":{\"type\":\"text\",\"enabled\":\"1\",\"collapsed\":\"0\",\"level\":\"1\",\"fields\":{\"text\":\"###Recommended workflow\\r\\n\\r\\n####Step one\\r\\n\\r\\nBegin by creating your low-fidelity wireframes right here. This page will act as the index or home page of your project. Feel free to delete or overwrite the content on this page with your own.\\r\\n\\r\\n####Step two\\r\\n\\r\\nUse the [linked style guide](\\/guide\\/) to style your elements, components, and modules.\\r\\n\\r\\n####Step three\\r\\n\\r\\nRefine your templates and share with your team or clients as fully-responsive high-fidelity prototypes.\",\"markdown\":\"1\",\"width\":\"c3\",\"pushLeft\":\"\",\"pushRight\":\"\",\"float\":\"left\",\"customClass\":\"\"}},\"29\":{\"type\":\"row\",\"enabled\":\"1\",\"collapsed\":\"0\",\"level\":\"0\",\"fields\":{\"colour\":\"reverse\",\"customColour\":\"#000000\",\"image\":\"\",\"rowType\":\"standard\",\"customClass\":\"\",\"anchorName\":\"\"}},\"30\":{\"type\":\"text\",\"enabled\":\"1\",\"collapsed\":\"0\",\"level\":\"1\",\"fields\":{\"text\":\"### Support\\r\\n \\r\\nSubmit your bug reports, pull requests, and questions to [GitHub](https:\\/\\/github.com\\/louderthanten\\/livewires\\/issues).\",\"markdown\":\"1\",\"width\":\"c2\",\"pushLeft\":\"\",\"pushRight\":\"\",\"float\":\"left\",\"customClass\":\"\"}},\"31\":{\"type\":\"text\",\"enabled\":\"1\",\"collapsed\":\"0\",\"level\":\"1\",\"fields\":{\"text\":\"###About\\r\\n\\r\\n[Follow us on Twitter](http:\\/\\/twitter.com\\/louderthanten) and stay tuned for more detailed video how-tos about this design workflow.\\r\\n\\r\\nLive Wires is built by [Louder Than Ten](https:\\/\\/louderthanten.com).\",\"markdown\":\"1\",\"width\":\"c2\",\"pushLeft\":\"\",\"pushRight\":\"\",\"float\":\"left\",\"customClass\":\"\"}}},\"55\":\"Louder Than Ten\",\"56\":\" Editorial System\"}}', '2016-05-20 07:26:15', '2016-05-20 07:26:15', '0a1a5245-c84e-4ac1-9fcc-2bc1f5f07e90'),
 ('34', '2', '1', '1', 'en_us', '18', '', '{\"typeId\":\"1\",\"authorId\":null,\"title\":\"Home\",\"slug\":\"homepage\",\"postDate\":1463728490,\"expiryDate\":null,\"enabled\":1,\"parentId\":null,\"fields\":{\"3\":\"\",\"106\":{\"26\":{\"type\":\"row\",\"enabled\":\"1\",\"collapsed\":\"0\",\"level\":\"0\",\"fields\":{\"colour\":\"transparent\",\"customColour\":\"#000000\",\"image\":\"\",\"rowType\":\"standard\",\"customClass\":\"\",\"anchorName\":\"\"}},\"27\":{\"type\":\"text\",\"enabled\":\"1\",\"collapsed\":\"0\",\"level\":\"1\",\"fields\":{\"text\":\"##Your Live Wires playground\\r\\n\\r\\n<p class=\\\"lead\\\">Today we stop making trash and, instead, start building living, breathing beauties that will look and act the way they were imagined.<\\/p>\\r\\n\\r\\nGood stuff! You\\u2019ve downloaded and set up Live Wires successfully on your machine. Here\'s how it works:\\r\\n\\r\\nLive Wires is a platform-agnostic design framework made with Sass that allows you to create responsive grey-box wireframes and prototypes in HTML & SCSS. You can keep all your code without needing to create static mock ups or other deliverables you end up throwing away.\",\"markdown\":\"1\",\"width\":\"c3x2\",\"pushLeft\":\"\",\"pushRight\":\"\",\"float\":\"left\",\"customClass\":\"\"}},\"28\":{\"type\":\"text\",\"enabled\":\"1\",\"collapsed\":\"0\",\"level\":\"1\",\"fields\":{\"text\":\"###Recommended workflow\\r\\n\\r\\n####Step one\\r\\n\\r\\nBegin by creating your low-fidelity wireframes right here. This page will act as the index or home page of your project. Feel free to delete or overwrite the content on this page with your own.\\r\\n\\r\\n####Step two\\r\\n\\r\\nUse the [linked style guide](\\/guide\\/) to style your elements, components, and modules.\\r\\n\\r\\n####Step three\\r\\n\\r\\nRefine your templates and share with your team or clients as fully-responsive high-fidelity prototypes.\",\"markdown\":\"1\",\"width\":\"c3\",\"pushLeft\":\"\",\"pushRight\":\"\",\"float\":\"left\",\"customClass\":\"\"}},\"29\":{\"type\":\"row\",\"enabled\":\"1\",\"collapsed\":\"0\",\"level\":\"0\",\"fields\":{\"colour\":\"reverse\",\"customColour\":\"#000000\",\"image\":\"\",\"rowType\":\"standard\",\"customClass\":\"\",\"anchorName\":\"\"}},\"30\":{\"type\":\"text\",\"enabled\":\"1\",\"collapsed\":\"0\",\"level\":\"1\",\"fields\":{\"text\":\"### Support\\r\\n \\r\\nSubmit your bug reports, pull requests, and questions to [GitHub](https:\\/\\/github.com\\/louderthanten\\/livewires\\/issues).\",\"markdown\":\"1\",\"width\":\"c2\",\"pushLeft\":\"\",\"pushRight\":\"\",\"float\":\"left\",\"customClass\":\"\"}},\"31\":{\"type\":\"text\",\"enabled\":\"1\",\"collapsed\":\"0\",\"level\":\"1\",\"fields\":{\"text\":\"###About\\r\\n\\r\\n[Follow us on Twitter](http:\\/\\/twitter.com\\/louderthanten) and stay tuned for more detailed video how-tos about this design workflow.\\r\\n\\r\\nLive Wires is built by [Louder Than Ten](https:\\/\\/louderthanten.com).\",\"markdown\":\"1\",\"width\":\"c2\",\"pushLeft\":\"\",\"pushRight\":\"\",\"float\":\"left\",\"customClass\":\"\"}}},\"55\":\"Louder Than Ten\",\"56\":\" Editorial System\"}}', '2016-05-22 02:03:46', '2016-05-22 02:03:46', 'a01cba89-c449-4607-b696-96841cc23c88');



DROP TABLE IF EXISTS `craft_fieldgroups`;


--
-- Schema for table `craft_fieldgroups`
--
CREATE TABLE `craft_fieldgroups` (
  `id` int(11) NOT NULL AUTO_INCREMENT,
  `name` varchar(255) COLLATE utf8_unicode_ci NOT NULL,
  `dateCreated` datetime NOT NULL,
  `dateUpdated` datetime NOT NULL,
  `uid` char(36) COLLATE utf8_unicode_ci NOT NULL DEFAULT '0',
  PRIMARY KEY (`id`),
  UNIQUE KEY `craft_fieldgroups_name_unq_idx` (`name`)
) ENGINE=InnoDB AUTO_INCREMENT=10 DEFAULT CHARSET=utf8 COLLATE=utf8_unicode_ci;

--
-- Data for table `craft_fieldgroups`
--

INSERT INTO `craft_fieldgroups` (`id`, `name`, `dateCreated`, `dateUpdated`, `uid`) VALUES
 ('1', 'Content', '2015-05-15 20:59:41', '2016-07-07 22:47:43', 'd80f0458-e93c-40cc-b23b-46e411477291'),
 ('2', 'Assets', '2015-05-15 21:57:23', '2015-05-15 21:57:23', '9a50ad5e-800c-4c27-9112-639a070e5000'),
 ('3', 'Globals', '2016-05-11 20:46:16', '2016-05-22 16:46:36', 'bea70a4a-4324-4146-bea2-a52c7f716a2f'),
 ('4', 'Components', '2016-05-17 19:52:50', '2016-05-17 19:52:50', '34071ab9-856c-421e-afb2-9c96ebcf00af'),
 ('5', 'Field', '2016-05-22 02:40:15', '2016-05-22 16:47:39', '8bdc58a2-869b-4618-bb10-6ec461735fc2'),
 ('6', 'Advanced', '2016-05-22 16:44:08', '2016-05-22 16:44:08', '93b30c99-1d07-45bf-9ac1-034b9bbbdf8f'),
 ('7', 'Layout', '2016-05-22 16:44:16', '2016-05-22 16:44:16', 'fcce20b1-f37a-4adc-adbd-b05531b9fc6d'),
 ('8', 'Form advanced', '2016-05-22 16:47:17', '2016-05-22 16:47:17', 'e533617b-8200-4590-b4cb-4561bdcb2610'),
 ('9', 'Art direction', '2016-07-07 22:47:24', '2016-07-07 22:47:24', 'e11fa85b-60a5-4470-80eb-684bfc37f128');



DROP TABLE IF EXISTS `craft_fieldlayoutfields`;


--
-- Schema for table `craft_fieldlayoutfields`
--
CREATE TABLE `craft_fieldlayoutfields` (
  `id` int(11) NOT NULL AUTO_INCREMENT,
  `layoutId` int(11) NOT NULL,
  `tabId` int(11) NOT NULL,
  `fieldId` int(11) NOT NULL,
  `required` tinyint(1) unsigned NOT NULL DEFAULT '0',
  `sortOrder` smallint(6) unsigned DEFAULT NULL,
  `dateCreated` datetime NOT NULL,
  `dateUpdated` datetime NOT NULL,
  `uid` char(36) COLLATE utf8_unicode_ci NOT NULL DEFAULT '0',
  PRIMARY KEY (`id`),
  UNIQUE KEY `craft_fieldlayoutfields_layoutId_fieldId_unq_idx` (`layoutId`,`fieldId`),
  KEY `craft_fieldlayoutfields_sortOrder_idx` (`sortOrder`),
  KEY `craft_fieldlayoutfields_tabId_fk` (`tabId`),
  KEY `craft_fieldlayoutfields_fieldId_fk` (`fieldId`)
) ENGINE=InnoDB AUTO_INCREMENT=4938 DEFAULT CHARSET=utf8 COLLATE=utf8_unicode_ci;

--
-- Data for table `craft_fieldlayoutfields`
--

INSERT INTO `craft_fieldlayoutfields` (`id`, `layoutId`, `tabId`, `fieldId`, `required`, `sortOrder`, `dateCreated`, `dateUpdated`, `uid`) VALUES
 ('778', '133', '127', '109', '0', '1', '2016-05-20 06:11:54', '2016-05-20 06:11:54', '21b1d946-510c-42bf-b6f7-8d0ec1aea0c6'),
 ('779', '133', '127', '98', '0', '2', '2016-05-20 06:11:54', '2016-05-20 06:11:54', '7df99115-0266-4a08-83dc-6efbe2231c75'),
 ('780', '133', '127', '57', '0', '3', '2016-05-20 06:11:54', '2016-05-20 06:11:54', '59c19d1a-8086-41e8-8af1-9fbc2c631ad3'),
 ('781', '133', '127', '51', '0', '4', '2016-05-20 06:11:54', '2016-05-20 06:11:54', 'f14d33a4-ebb2-4cfd-94b6-e5578f98f9e3'),
 ('2739', '382', '405', '97', '0', '1', '2016-05-22 16:48:36', '2016-05-22 16:48:36', '756bd2a6-dbd0-498f-895a-1069e4393418'),
 ('2741', '382', '405', '116', '0', '3', '2016-05-22 16:48:36', '2016-05-22 16:48:36', '8e4b3f5e-1a86-4d92-a80e-b8fb619d44f2'),
 ('2742', '382', '405', '117', '0', '4', '2016-05-22 16:48:36', '2016-05-22 16:48:36', '97196581-6ce9-4f2c-88e6-9f70a3b853d9'),
 ('2743', '382', '405', '118', '0', '5', '2016-05-22 16:48:36', '2016-05-22 16:48:36', '292708fa-9072-4ee1-95ee-0c79581c8b93'),
 ('2744', '382', '405', '122', '0', '6', '2016-05-22 16:48:36', '2016-05-22 16:48:36', 'd2e9255e-318c-4588-bf7a-8024d1ade0d9'),
 ('2745', '382', '405', '88', '0', '7', '2016-05-22 16:48:36', '2016-05-22 16:48:36', '3aa795f8-4fe7-433e-a2c3-b207e54c66c5'),
 ('2746', '382', '405', '89', '0', '8', '2016-05-22 16:48:36', '2016-05-22 16:48:36', 'a2f6fe6b-ce96-443a-877c-68fb06a8c9c6'),
 ('2747', '382', '405', '90', '0', '9', '2016-05-22 16:48:36', '2016-05-22 16:48:36', 'db4a32ee-1c16-4649-b094-fd1b27e05a71'),
 ('2748', '382', '405', '102', '0', '10', '2016-05-22 16:48:36', '2016-05-22 16:48:36', '6e78d06a-8398-45e4-88c4-0bd9806b3128'),
 ('2749', '382', '405', '91', '0', '11', '2016-05-22 16:48:36', '2016-05-22 16:48:36', '9b8843bf-b899-4d98-a05c-4619a1cadb17'),
 ('2750', '383', '406', '95', '0', '1', '2016-05-22 16:48:36', '2016-05-22 16:48:36', '7b69a870-dc40-4c89-ba36-efc634616fa5'),
 ('2751', '383', '406', '92', '0', '2', '2016-05-22 16:48:36', '2016-05-22 16:48:36', '8d5dddeb-1f6f-483c-b086-69a6d44b6bff'),
 ('2752', '383', '406', '91', '0', '3', '2016-05-22 16:48:36', '2016-05-22 16:48:36', '47886a5f-eafd-42a8-ac2a-503a0ad1152a'),
 ('2753', '383', '406', '97', '0', '4', '2016-05-22 16:48:36', '2016-05-22 16:48:36', 'f6d9f3a0-b264-42af-b193-827c15dc80d3'),
 ('2754', '384', '407', '97', '0', '1', '2016-05-22 16:48:36', '2016-05-22 16:48:36', 'dfc2a8e9-4a23-40a2-8ef8-780b08e04496'),
 ('2755', '384', '407', '124', '0', '2', '2016-05-22 16:48:36', '2016-05-22 16:48:36', 'c4c53a8b-f542-473f-9c04-e75be7ce124d'),
 ('2756', '384', '407', '112', '0', '3', '2016-05-22 16:48:36', '2016-05-22 16:48:36', 'a81bb513-2dea-4f68-9d19-b7814ade166e'),
 ('2757', '384', '407', '118', '0', '4', '2016-05-22 16:48:36', '2016-05-22 16:48:36', 'e60040ba-a20f-4d1e-926d-fe94a01e0972'),
 ('2758', '384', '407', '111', '0', '5', '2016-05-22 16:48:36', '2016-05-22 16:48:36', 'ed294d5f-7cff-4fff-9812-8dc7cbeb7b30'),
 ('2759', '384', '407', '113', '0', '6', '2016-05-22 16:48:36', '2016-05-22 16:48:36', '5b6ed080-9020-4ef3-a669-39b94b1be653'),
 ('2760', '384', '407', '115', '0', '7', '2016-05-22 16:48:36', '2016-05-22 16:48:36', '728aab35-57a8-4e90-b146-969a2334e78b'),
 ('2761', '384', '407', '121', '0', '8', '2016-05-22 16:48:36', '2016-05-22 16:48:36', '8e3cefaa-1bd0-4117-a080-edb3f56fbd09'),
 ('2762', '384', '407', '88', '0', '9', '2016-05-22 16:48:36', '2016-05-22 16:48:36', '9ef13989-a544-4632-8982-2b9d62cc21ad'),
 ('2763', '384', '407', '91', '0', '10', '2016-05-22 16:48:36', '2016-05-22 16:48:36', '66b144da-6237-46bd-83b6-a463598d50c4'),
 ('2764', '385', '408', '97', '0', '1', '2016-05-22 16:48:36', '2016-05-22 16:48:36', '97fddce3-90f8-4e6b-b041-7e92874ccd25'),
 ('2765', '385', '408', '124', '0', '2', '2016-05-22 16:48:36', '2016-05-22 16:48:36', 'ebead5ba-6b57-457e-9782-a6bbf4271be7'),
 ('2766', '385', '408', '112', '0', '3', '2016-05-22 16:48:36', '2016-05-22 16:48:36', '448e4423-0eb3-4a66-8ca9-07946f6ccc5a'),
 ('2767', '385', '408', '114', '0', '4', '2016-05-22 16:48:36', '2016-05-22 16:48:36', '86398279-f558-48c9-ab3c-13aed90c8b06'),
 ('2768', '385', '408', '119', '0', '5', '2016-05-22 16:48:36', '2016-05-22 16:48:36', 'c0237368-2189-4a16-a54b-216d4c7a0392'),
 ('2769', '385', '408', '115', '0', '6', '2016-05-22 16:48:36', '2016-05-22 16:48:36', '196aa7cb-3075-4c4e-b7f2-e730f2030107'),
 ('2770', '385', '408', '88', '0', '7', '2016-05-22 16:48:36', '2016-05-22 16:48:36', '29d243ee-3a9f-49ee-8ec0-358aadc66ff9'),
 ('2771', '385', '408', '91', '0', '8', '2016-05-22 16:48:36', '2016-05-22 16:48:36', '370aadd3-2528-465e-99e2-579c65ec2d22'),
 ('2772', '386', '409', '97', '0', '1', '2016-05-22 16:48:36', '2016-05-22 16:48:36', '9c9677ad-233b-421b-9a89-77586357d8ef'),
 ('2773', '386', '409', '124', '0', '2', '2016-05-22 16:48:36', '2016-05-22 16:48:36', 'cfab269e-7364-4318-a77e-36c80964592a'),
 ('2774', '386', '409', '112', '0', '3', '2016-05-22 16:48:36', '2016-05-22 16:48:36', 'cd94b33a-1585-4f63-b398-912bae98b9f0'),
 ('2775', '386', '409', '114', '0', '4', '2016-05-22 16:48:36', '2016-05-22 16:48:36', 'a1dea6c8-ed7c-4baa-a438-cd8029013e58'),
 ('2776', '386', '409', '119', '0', '5', '2016-05-22 16:48:36', '2016-05-22 16:48:36', '1edcd0cb-453c-446b-a6a1-a93e391f0fdb'),
 ('2777', '386', '409', '115', '0', '6', '2016-05-22 16:48:36', '2016-05-22 16:48:36', '8180b0a9-be8b-438d-a87d-51c8df9185dd'),
 ('2778', '386', '409', '88', '0', '7', '2016-05-22 16:48:36', '2016-05-22 16:48:36', 'd0c3a597-858f-4a98-975a-8922c26a14e4'),
 ('2779', '386', '409', '91', '0', '8', '2016-05-22 16:48:36', '2016-05-22 16:48:36', 'b24e52fa-043c-45d2-b6c8-0199a4de486d'),
 ('2780', '387', '410', '97', '0', '1', '2016-05-22 16:48:36', '2016-05-22 16:48:36', '4aad2932-160e-47af-8a8d-ff57b4fff8c4'),
 ('2781', '387', '410', '124', '0', '2', '2016-05-22 16:48:36', '2016-05-22 16:48:36', '40803f1d-21c0-4127-8601-6104eefc7503'),
 ('2782', '387', '410', '112', '0', '3', '2016-05-22 16:48:36', '2016-05-22 16:48:36', '8b89c7a7-f882-423d-8d08-195aa0f27f7b'),
 ('2783', '387', '410', '114', '0', '4', '2016-05-22 16:48:36', '2016-05-22 16:48:36', 'bbb4ba2b-0a8b-451b-b178-07d16bfb3500'),
 ('2784', '387', '410', '88', '0', '5', '2016-05-22 16:48:36', '2016-05-22 16:48:36', '4a722989-13d3-4168-b894-bad0f9f2bb11'),
 ('2932', '408', '454', '55', '0', '1', '2016-05-31 16:10:48', '2016-05-31 16:10:48', '76e4df97-4465-47cd-849e-7da539d7dac3'),
 ('2933', '408', '454', '56', '0', '2', '2016-05-31 16:10:48', '2016-05-31 16:10:48', '1cdbc9a8-9699-497c-ac93-3ba5b2e08fe7'),
 ('2934', '408', '454', '106', '0', '3', '2016-05-31 16:10:48', '2016-05-31 16:10:48', 'c7d9652a-1c86-4792-8116-608f14fad6bf'),
 ('2935', '408', '455', '127', '0', '1', '2016-05-31 16:10:48', '2016-05-31 16:10:48', '18401234-62d9-4c86-8db4-dc448e521275'),
 ('2936', '408', '455', '3', '0', '2', '2016-05-31 16:10:48', '2016-05-31 16:10:48', '997c8a14-6a1d-44f3-b56c-c28aed4a1b05'),
 ('2937', '409', '456', '55', '0', '1', '2016-05-31 16:11:24', '2016-05-31 16:11:24', 'fdf1205c-24d6-490a-a778-59e4490e584e'),
 ('2938', '409', '456', '56', '0', '2', '2016-05-31 16:11:24', '2016-05-31 16:11:24', '92108870-2137-408d-aa0b-5fb62c75a24e'),
 ('2939', '409', '456', '106', '0', '3', '2016-05-31 16:11:24', '2016-05-31 16:11:24', 'f8f33fb9-0dbd-4419-8934-19afb0ed25f2'),
 ('2940', '409', '457', '127', '0', '1', '2016-05-31 16:11:24', '2016-05-31 16:11:24', 'd6f3e3d1-1f1d-4dc9-8b90-ed87ea7fe019'),
 ('2941', '409', '457', '3', '0', '2', '2016-05-31 16:11:24', '2016-05-31 16:11:24', 'f69d04ac-729b-4ff6-8265-41d3c177c3d4'),
 ('2961', '414', '462', '43', '0', '1', '2016-06-15 00:44:10', '2016-06-15 00:44:10', '479f1ef5-b561-4b36-8de3-2368ea9d2084'),
 ('2962', '414', '462', '44', '0', '2', '2016-06-15 00:44:10', '2016-06-15 00:44:10', '01ce3f1b-2331-4cb5-8bd7-b5d84b24ddf2'),
 ('2963', '414', '462', '45', '0', '3', '2016-06-15 00:44:10', '2016-06-15 00:44:10', '4be55ae2-412f-408b-9b53-0bfa2d0bda6c'),
 ('2964', '414', '462', '46', '0', '4', '2016-06-15 00:44:10', '2016-06-15 00:44:10', 'f4cc1731-f615-4699-8e9d-a726fdb59339'),
 ('2965', '414', '462', '47', '0', '5', '2016-06-15 00:44:10', '2016-06-15 00:44:10', 'bbd52929-7a66-4e74-81ba-fb7c9c76fbff'),
 ('2966', '414', '462', '48', '0', '6', '2016-06-15 00:44:10', '2016-06-15 00:44:10', '3ee2ed8b-c511-4628-88e1-015d286cc6a9'),
 ('2967', '414', '462', '49', '0', '7', '2016-06-15 00:44:10', '2016-06-15 00:44:10', '85be5a9f-4018-4dba-acc5-0335e1a562c0'),
 ('2968', '414', '462', '50', '0', '8', '2016-06-15 00:44:10', '2016-06-15 00:44:10', 'f621eeb1-9502-45ea-864c-1dfc80053559'),
 ('2969', '414', '462', '51', '0', '9', '2016-06-15 00:44:10', '2016-06-15 00:44:10', '1dcf304b-2965-4ac7-97e9-191e52cbefaf'),
 ('2970', '414', '462', '52', '0', '10', '2016-06-15 00:44:10', '2016-06-15 00:44:10', '50974598-3e77-4d4b-92ee-3331b9fef515'),
 ('2971', '414', '462', '53', '0', '11', '2016-06-15 00:44:10', '2016-06-15 00:44:10', 'a1abdf7d-c321-46fb-be18-beb14c05ed18'),
 ('2972', '414', '462', '54', '0', '12', '2016-06-15 00:44:10', '2016-06-15 00:44:10', 'a437efbb-d925-476d-80cf-71633ab8b4fe'),
 ('3721', '498', '698', '5', '0', '1', '2016-07-07 22:47:33', '2016-07-07 22:47:33', '33895c24-e0a9-46ec-84db-b89fd5b1fa67'),
 ('3722', '498', '698', '9', '0', '2', '2016-07-07 22:47:33', '2016-07-07 22:47:33', 'eecd0bea-660c-4ab8-ae18-0567c8248728'),
 ('3723', '498', '698', '6', '0', '3', '2016-07-07 22:47:33', '2016-07-07 22:47:33', '0f0f17c9-41b7-43be-a568-f7dd14d40728'),
 ('3724', '498', '698', '7', '0', '4', '2016-07-07 22:47:33', '2016-07-07 22:47:33', '19364046-2282-4469-bd0e-909ca70c7f49'),
 ('3725', '498', '698', '8', '0', '5', '2016-07-07 22:47:33', '2016-07-07 22:47:33', '70b97c9d-1c67-4a02-9c4c-c05fcb562959'),
 ('3726', '498', '698', '4', '0', '6', '2016-07-07 22:47:33', '2016-07-07 22:47:33', '99ca65f1-0588-4fcf-b05f-76c360dc32a4'),
 ('3727', '499', '699', '10', '0', '1', '2016-07-07 22:47:33', '2016-07-07 22:47:33', '315896c7-be77-43dd-9a8a-e1bf3d214b7b'),
 ('3728', '499', '699', '11', '0', '2', '2016-07-07 22:47:33', '2016-07-07 22:47:33', 'f4080655-14d0-4fec-99d4-eb590a4c9197'),
 ('3729', '499', '699', '13', '0', '3', '2016-07-07 22:47:33', '2016-07-07 22:47:33', '011ef6da-aa1a-4878-8305-0ee98a168c11'),
 ('3730', '499', '699', '12', '0', '4', '2016-07-07 22:47:33', '2016-07-07 22:47:33', 'fdb1b9f5-4584-4848-888f-06b48a6d23cf'),
 ('3731', '499', '699', '15', '0', '5', '2016-07-07 22:47:33', '2016-07-07 22:47:33', 'ac1d041f-fcec-45e3-8c60-fdce630eb802'),
 ('3732', '499', '699', '16', '0', '6', '2016-07-07 22:47:33', '2016-07-07 22:47:33', 'c2dfb217-066e-4ae7-82cf-67a102a2cf41'),
 ('3733', '499', '699', '14', '0', '7', '2016-07-07 22:47:33', '2016-07-07 22:47:33', 'd976c0c2-4f2f-4b1f-84fb-8f92d0631d10'),
 ('3734', '499', '699', '17', '0', '8', '2016-07-07 22:47:33', '2016-07-07 22:47:33', 'e14edeea-3f25-4371-96b3-387b4775e594'),
 ('3735', '499', '699', '18', '0', '9', '2016-07-07 22:47:33', '2016-07-07 22:47:33', 'a9c0d5db-650d-4c1b-91ae-8d50bb5837ef'),
 ('3736', '500', '700', '20', '0', '1', '2016-07-07 22:47:33', '2016-07-07 22:47:33', '1a0fdedb-8a7c-43c4-a99f-baf9cd8d10ab'),
 ('3737', '500', '700', '21', '0', '2', '2016-07-07 22:47:33', '2016-07-07 22:47:33', '1aa07aab-8a69-4e01-a230-5e45d6e236a4'),
 ('3738', '501', '701', '19', '0', '1', '2016-07-07 22:47:33', '2016-07-07 22:47:33', 'f9815ad3-ec64-4ff5-a74f-bc4e11671552'),
 ('3739', '501', '701', '58', '0', '2', '2016-07-07 22:47:33', '2016-07-07 22:47:33', '47225664-7187-4c7f-892e-49a6d1e322e6'),
 ('4802', '614', '1030', '95', '0', '1', '2016-07-08 01:37:29', '2016-07-08 01:37:29', '4186ee5d-2699-499b-81c1-05ba78fc6583'),
 ('4803', '614', '1030', '98', '0', '2', '2016-07-08 01:37:29', '2016-07-08 01:37:29', '23eef0dd-4cb0-4e28-afc4-708d847d5a99'),
 ('4804', '614', '1030', '99', '0', '3', '2016-07-08 01:37:29', '2016-07-08 01:37:29', '960052cb-b673-46bf-a4ff-bb7a1b348889'),
 ('4805', '614', '1031', '133', '0', '1', '2016-07-08 01:37:29', '2016-07-08 01:37:29', '72b41b91-a819-4909-a471-106fe47fc177'),
 ('4806', '614', '1031', '92', '0', '2', '2016-07-08 01:37:29', '2016-07-08 01:37:29', '1716f6fe-52b1-4c59-a8fc-be33a1b5e19e'),
 ('4807', '614', '1031', '91', '0', '3', '2016-07-08 01:37:29', '2016-07-08 01:37:29', '52d818a9-a2e2-4305-8fdb-eec8cb8601a9'),
 ('4808', '614', '1031', '97', '0', '4', '2016-07-08 01:37:29', '2016-07-08 01:37:29', '2bb13a54-b581-485d-a2c3-4035369063bb'),
 ('4809', '615', '1032', '104', '0', '1', '2016-07-08 01:37:29', '2016-07-08 01:37:29', '51708e13-7183-432d-a6ac-02e3443edd62'),
 ('4810', '615', '1033', '88', '0', '1', '2016-07-08 01:37:29', '2016-07-08 01:37:29', '024cdd46-f299-4201-a206-583d54f18b8d'),
 ('4811', '615', '1033', '89', '0', '2', '2016-07-08 01:37:29', '2016-07-08 01:37:29', '8c6d3dd8-a5ec-423b-a830-5c4f94099b07');
INSERT INTO `craft_fieldlayoutfields` (`id`, `layoutId`, `tabId`, `fieldId`, `required`, `sortOrder`, `dateCreated`, `dateUpdated`, `uid`) VALUES
 ('4812', '615', '1033', '90', '0', '3', '2016-07-08 01:37:29', '2016-07-08 01:37:29', '926f6494-3708-4599-bc50-38b8702eed48'),
 ('4813', '615', '1034', '91', '0', '1', '2016-07-08 01:37:29', '2016-07-08 01:37:29', '9a18491c-8410-4b21-96bf-a7778507a37d'),
 ('4814', '615', '1034', '97', '0', '2', '2016-07-08 01:37:29', '2016-07-08 01:37:29', 'dd50cb8b-8eae-422e-beaf-d8504e03d712'),
 ('4815', '616', '1035', '94', '0', '1', '2016-07-08 01:37:29', '2016-07-08 01:37:29', 'd1ce7ebe-b6ac-4bd0-aca4-004b836f26bd'),
 ('4816', '616', '1036', '88', '0', '1', '2016-07-08 01:37:29', '2016-07-08 01:37:29', 'd515503c-eeab-4878-9de3-afc0b9c69e78'),
 ('4817', '616', '1036', '89', '0', '2', '2016-07-08 01:37:29', '2016-07-08 01:37:29', 'd6ed8ce8-d839-4014-8dea-7c5d05af0986'),
 ('4818', '616', '1036', '90', '0', '3', '2016-07-08 01:37:29', '2016-07-08 01:37:29', 'dfba4f97-0dd7-4931-947e-09be942c4e5a'),
 ('4819', '616', '1036', '102', '0', '4', '2016-07-08 01:37:29', '2016-07-08 01:37:29', 'faca3bf8-c188-406c-8913-3c316f9c4a76'),
 ('4820', '616', '1036', '133', '0', '5', '2016-07-08 01:37:29', '2016-07-08 01:37:29', '9fc18ccb-e75b-46d9-968b-d213505e4d34'),
 ('4821', '616', '1037', '93', '0', '1', '2016-07-08 01:37:29', '2016-07-08 01:37:29', 'e0d6525b-56f0-4c9f-96ea-2469662362de'),
 ('4822', '616', '1037', '91', '0', '2', '2016-07-08 01:37:29', '2016-07-08 01:37:29', '43a91131-425f-4ad9-a1e6-a732733bc1d6'),
 ('4823', '616', '1037', '97', '0', '3', '2016-07-08 01:37:29', '2016-07-08 01:37:29', '084e77c1-569c-4018-b821-f5a2b9677809'),
 ('4824', '617', '1038', '118', '0', '1', '2016-07-08 01:37:29', '2016-07-08 01:37:29', 'dad14299-cb82-4a18-a943-fa8db57a0308'),
 ('4825', '617', '1038', '48', '0', '2', '2016-07-08 01:37:29', '2016-07-08 01:37:29', '5cf84c21-f5fe-455e-aa4e-d078f0c6d52c'),
 ('4826', '617', '1038', '125', '0', '3', '2016-07-08 01:37:29', '2016-07-08 01:37:29', '46693597-c95f-4986-900b-4694a1cb908a'),
 ('4827', '617', '1039', '88', '0', '1', '2016-07-08 01:37:29', '2016-07-08 01:37:29', '9b41ff6f-ba4e-4346-8a52-6af1c6a102cf'),
 ('4828', '617', '1039', '89', '0', '2', '2016-07-08 01:37:29', '2016-07-08 01:37:29', '7c6159e9-9f19-4085-ae0c-c5dad6fc412b'),
 ('4829', '617', '1039', '90', '0', '3', '2016-07-08 01:37:29', '2016-07-08 01:37:29', '861b394a-9538-447c-b9de-e1425fa02a9c'),
 ('4830', '617', '1039', '102', '0', '4', '2016-07-08 01:37:29', '2016-07-08 01:37:29', '282492df-4ad3-4b83-b242-1edeffdaa56e'),
 ('4831', '617', '1040', '131', '0', '1', '2016-07-08 01:37:29', '2016-07-08 01:37:29', '5665ea9e-dd86-4f98-aed0-aa1fc66336a9'),
 ('4832', '617', '1040', '97', '0', '2', '2016-07-08 01:37:29', '2016-07-08 01:37:29', 'be14afcc-4eda-4b67-abf8-891cdf057e3e'),
 ('4833', '617', '1040', '91', '0', '3', '2016-07-08 01:37:29', '2016-07-08 01:37:29', 'c4bf008a-5a5e-47e3-af26-4dcf7d661add'),
 ('4834', '618', '1041', '98', '0', '1', '2016-07-08 01:37:29', '2016-07-08 01:37:29', '75f0e23e-efd1-4707-aa29-bd3269f78b51'),
 ('4835', '618', '1042', '88', '0', '1', '2016-07-08 01:37:29', '2016-07-08 01:37:29', '6d7bb144-d9ca-428c-ae2a-9494bfdea929'),
 ('4836', '618', '1042', '89', '0', '2', '2016-07-08 01:37:29', '2016-07-08 01:37:29', 'ea3b7174-7c75-40b9-9e58-ec57978c1855'),
 ('4837', '618', '1042', '90', '0', '3', '2016-07-08 01:37:29', '2016-07-08 01:37:29', '89c4bb85-7d09-44a7-be5e-a6dde32c2b1a'),
 ('4838', '618', '1042', '102', '0', '4', '2016-07-08 01:37:29', '2016-07-08 01:37:29', '090c909d-1689-40a7-9729-3dfadad91748'),
 ('4839', '618', '1043', '110', '0', '1', '2016-07-08 01:37:29', '2016-07-08 01:37:29', 'acb1490b-6778-444d-8203-ab4c08d98c4b'),
 ('4840', '618', '1043', '111', '0', '2', '2016-07-08 01:37:29', '2016-07-08 01:37:29', 'cb69d283-e830-4fbc-83ef-f992c936f457'),
 ('4841', '618', '1043', '91', '0', '3', '2016-07-08 01:37:29', '2016-07-08 01:37:29', '19a69f98-8af9-4002-a62c-feab82b6f2e5'),
 ('4842', '618', '1043', '97', '0', '4', '2016-07-08 01:37:29', '2016-07-08 01:37:29', '8e9b1281-a2b8-48c9-8e55-f831ec81e13a'),
 ('4843', '619', '1044', '105', '0', '1', '2016-07-08 01:37:29', '2016-07-08 01:37:29', '64da0aeb-079a-44e2-a1b7-e7c787cdc09f'),
 ('4844', '619', '1044', '50', '0', '2', '2016-07-08 01:37:29', '2016-07-08 01:37:29', '1a9c508c-e091-4a96-9810-e923f2eb31f2'),
 ('4845', '619', '1044', '100', '0', '3', '2016-07-08 01:37:29', '2016-07-08 01:37:29', 'b5162db1-3466-4450-9fe1-7fd37ad0e4ba'),
 ('4846', '619', '1044', '51', '0', '4', '2016-07-08 01:37:29', '2016-07-08 01:37:29', '8c28102b-0a7e-4c0c-96b3-abca34a8a049'),
 ('4847', '619', '1044', '52', '0', '5', '2016-07-08 01:37:29', '2016-07-08 01:37:29', '4a48c279-8e7c-44d7-bccf-df40d23f5254'),
 ('4848', '619', '1044', '53', '0', '6', '2016-07-08 01:37:29', '2016-07-08 01:37:29', '8fca3af8-4107-432b-9c79-8e137ce1e87d'),
 ('4849', '619', '1044', '54', '0', '7', '2016-07-08 01:37:29', '2016-07-08 01:37:29', '303964b7-8c8c-4fa0-acd8-dc8eba60fac9'),
 ('4850', '619', '1045', '88', '0', '1', '2016-07-08 01:37:29', '2016-07-08 01:37:29', '4df0f3bd-8c2f-454e-8a18-1792421a8830'),
 ('4851', '619', '1045', '89', '0', '2', '2016-07-08 01:37:29', '2016-07-08 01:37:29', 'f90e0a38-d762-493f-b0aa-4ca5e44c0e72'),
 ('4852', '619', '1045', '90', '0', '3', '2016-07-08 01:37:29', '2016-07-08 01:37:29', '4d993e1e-35e1-4de5-a76a-9edc35bb3bc2'),
 ('4853', '619', '1045', '102', '0', '4', '2016-07-08 01:37:29', '2016-07-08 01:37:29', '9f2b14dd-8e9e-4682-a4ef-6788ef077663'),
 ('4854', '619', '1046', '110', '0', '1', '2016-07-08 01:37:29', '2016-07-08 01:37:29', '26ccfdd6-62e2-4419-8728-3e6075d6116a'),
 ('4855', '619', '1046', '111', '0', '2', '2016-07-08 01:37:29', '2016-07-08 01:37:29', '4a52dfdf-f598-4bed-9fc2-071d2fe837fe'),
 ('4856', '619', '1046', '91', '0', '3', '2016-07-08 01:37:29', '2016-07-08 01:37:29', 'ab97c528-da77-40ff-ab19-ae398b98e099'),
 ('4857', '619', '1046', '97', '0', '4', '2016-07-08 01:37:29', '2016-07-08 01:37:29', '7d3398b5-68f6-4ac7-a1d9-2228b9766a3d'),
 ('4858', '620', '1047', '95', '0', '1', '2016-07-08 01:37:29', '2016-07-08 01:37:29', 'daa997bf-e05c-4933-9e69-fa95adb8fd2b'),
 ('4859', '620', '1048', '88', '0', '1', '2016-07-08 01:37:29', '2016-07-08 01:37:29', 'd6117969-beed-4946-8d30-8539ead74955'),
 ('4860', '620', '1048', '89', '0', '2', '2016-07-08 01:37:29', '2016-07-08 01:37:29', '62704375-f936-4375-928b-d0a216e6af7e'),
 ('4861', '620', '1048', '90', '0', '3', '2016-07-08 01:37:29', '2016-07-08 01:37:29', '32691b14-2c43-4255-911a-d1388bae7537'),
 ('4862', '620', '1048', '102', '0', '4', '2016-07-08 01:37:29', '2016-07-08 01:37:29', '678a29ef-291e-4dc8-928d-0d4242cd4b1e'),
 ('4863', '620', '1048', '133', '0', '5', '2016-07-08 01:37:29', '2016-07-08 01:37:29', 'dbcf3ed0-3c2b-485a-a972-f95b6650a4ad'),
 ('4864', '620', '1049', '92', '0', '1', '2016-07-08 01:37:29', '2016-07-08 01:37:29', '25c53c90-eeec-4a3b-82a1-e1dcb03595fd'),
 ('4865', '620', '1049', '91', '0', '2', '2016-07-08 01:37:29', '2016-07-08 01:37:29', '7b496a62-8afb-4e5b-8bf7-8b723425c9e8'),
 ('4866', '620', '1049', '97', '0', '3', '2016-07-08 01:37:29', '2016-07-08 01:37:29', '135f5802-e847-490f-bc57-aa49abd1a0cb'),
 ('4867', '621', '1050', '94', '0', '1', '2016-07-08 01:37:29', '2016-07-08 01:37:29', 'd88b358c-be32-4957-917e-c220b6cd2f09'),
 ('4868', '621', '1050', '101', '0', '2', '2016-07-08 01:37:29', '2016-07-08 01:37:29', '6f114bcb-20a1-44f2-b3a1-2da1745b4a95'),
 ('4869', '621', '1050', '51', '0', '3', '2016-07-08 01:37:29', '2016-07-08 01:37:29', 'd0bbc82a-5c27-4c9e-b97b-95278ef74749'),
 ('4870', '621', '1050', '52', '0', '4', '2016-07-08 01:37:29', '2016-07-08 01:37:29', 'cd5ec1aa-36be-4e01-ad1f-f02462fe979b'),
 ('4871', '621', '1050', '53', '0', '5', '2016-07-08 01:37:29', '2016-07-08 01:37:29', '6ae935c8-9b38-4d35-9b43-b66f77f38d89'),
 ('4872', '621', '1050', '54', '0', '6', '2016-07-08 01:37:29', '2016-07-08 01:37:29', '1f499347-a68d-4f79-8eb4-db4442e7a063'),
 ('4873', '621', '1051', '88', '0', '1', '2016-07-08 01:37:29', '2016-07-08 01:37:29', '672c6a45-7f29-4cbd-afed-e743aaed32bc'),
 ('4874', '621', '1051', '89', '0', '2', '2016-07-08 01:37:29', '2016-07-08 01:37:29', '671d15d6-e258-47b3-ad11-3b60ac255446'),
 ('4875', '621', '1051', '90', '0', '3', '2016-07-08 01:37:29', '2016-07-08 01:37:29', '036af302-31de-4981-b286-dfa9320ea20b'),
 ('4876', '621', '1051', '102', '0', '4', '2016-07-08 01:37:29', '2016-07-08 01:37:29', '711e1d67-4356-413b-9dd9-98b4d462eeb8'),
 ('4877', '621', '1051', '133', '0', '5', '2016-07-08 01:37:29', '2016-07-08 01:37:29', '40ac5573-00dd-4f4e-a196-269de7850f6e'),
 ('4878', '621', '1052', '91', '0', '1', '2016-07-08 01:37:29', '2016-07-08 01:37:29', '5eb6857e-22a8-4378-92f4-d213e4064d0c'),
 ('4879', '621', '1052', '97', '0', '2', '2016-07-08 01:37:29', '2016-07-08 01:37:29', '381f9887-48de-4d08-9fdd-df3d8207e643'),
 ('4880', '622', '1053', '107', '0', '1', '2016-07-08 01:37:29', '2016-07-08 01:37:29', 'e7398df6-2079-46e0-8432-dc84b98948d0'),
 ('4881', '622', '1053', '108', '0', '2', '2016-07-08 01:37:29', '2016-07-08 01:37:29', '2c212b64-736e-4c03-8876-eae72bbe25bb'),
 ('4882', '622', '1054', '88', '0', '1', '2016-07-08 01:37:29', '2016-07-08 01:37:29', 'f8ac30bb-a6cf-439c-a2b6-01f5425e557f'),
 ('4883', '622', '1054', '89', '0', '2', '2016-07-08 01:37:29', '2016-07-08 01:37:29', '36c5e7ab-0132-49ce-b4eb-d7f23a47aa8a'),
 ('4884', '622', '1054', '90', '0', '3', '2016-07-08 01:37:29', '2016-07-08 01:37:29', '4781d537-1bd0-4847-96e7-d0c555e3ba75'),
 ('4885', '622', '1054', '102', '0', '4', '2016-07-08 01:37:29', '2016-07-08 01:37:29', 'a19a3d17-37cf-4904-98a6-a128fe5cfdab'),
 ('4886', '622', '1055', '91', '0', '1', '2016-07-08 01:37:29', '2016-07-08 01:37:29', 'e4f09b76-c03e-44cf-adfe-c8464e0c3759'),
 ('4887', '622', '1055', '97', '0', '2', '2016-07-08 01:37:29', '2016-07-08 01:37:29', 'e36e7a3d-fdfa-4bc2-90cb-bcd6a6193fa4'),
 ('4888', '623', '1056', '94', '0', '1', '2016-07-08 01:37:29', '2016-07-08 01:37:29', 'afdcf673-ebaa-4585-9251-63cb7bf1f7a8'),
 ('4889', '623', '1056', '103', '0', '2', '2016-07-08 01:37:29', '2016-07-08 01:37:29', 'ca84123b-83db-4db1-b9b4-3d4d2c0f6bcd'),
 ('4890', '623', '1057', '88', '0', '1', '2016-07-08 01:37:29', '2016-07-08 01:37:29', '2ceed556-7759-4937-aa0a-b486b78ce9dc'),
 ('4891', '623', '1057', '89', '0', '2', '2016-07-08 01:37:29', '2016-07-08 01:37:29', '160d2af3-511c-4b85-a072-3d4de38d0701'),
 ('4892', '623', '1057', '90', '0', '3', '2016-07-08 01:37:29', '2016-07-08 01:37:29', '42a43bde-c493-46e0-9862-17711514c3ab'),
 ('4893', '623', '1057', '102', '0', '4', '2016-07-08 01:37:29', '2016-07-08 01:37:29', '8e6c164f-80c8-4c6b-abf2-3a6aae99a014'),
 ('4894', '623', '1058', '91', '0', '1', '2016-07-08 01:37:29', '2016-07-08 01:37:29', '965f217d-c3bf-485b-88be-74131bb9a7ef'),
 ('4895', '623', '1058', '97', '0', '2', '2016-07-08 01:37:29', '2016-07-08 01:37:29', '0c27086d-751d-40da-9b03-157bbf4fd587'),
 ('4896', '624', '1059', '94', '0', '1', '2016-07-08 01:37:29', '2016-07-08 01:37:29', '01d297ec-88e3-4e5a-85a1-98457ef7b43e'),
 ('4897', '624', '1059', '128', '0', '2', '2016-07-08 01:37:29', '2016-07-08 01:37:29', '9c144278-b014-4e31-ab93-09736bb09b5a'),
 ('4898', '624', '1059', '129', '0', '3', '2016-07-08 01:37:29', '2016-07-08 01:37:29', '643fff54-2466-43df-9a7a-b5b555430ef8'),
 ('4899', '624', '1059', '95', '0', '4', '2016-07-08 01:37:29', '2016-07-08 01:37:29', 'c2f62671-5929-4ea5-bc91-695fd4b3f6bc'),
 ('4900', '624', '1060', '102', '0', '1', '2016-07-08 01:37:29', '2016-07-08 01:37:29', 'f4edd67a-fb16-4b49-87d5-9ea23e0fdbd5'),
 ('4901', '624', '1060', '89', '0', '2', '2016-07-08 01:37:29', '2016-07-08 01:37:29', 'a34989b2-5ae9-46e8-a8d9-085ac5d7185f'),
 ('4902', '624', '1060', '90', '0', '3', '2016-07-08 01:37:29', '2016-07-08 01:37:29', 'a466c453-3126-44ef-a968-8f9218246e1e'),
 ('4903', '624', '1060', '88', '0', '4', '2016-07-08 01:37:29', '2016-07-08 01:37:29', '219a36f5-7d0b-4cda-8d8d-748b3423ce4f'),
 ('4904', '624', '1061', '93', '0', '1', '2016-07-08 01:37:29', '2016-07-08 01:37:29', '12e2d51f-d4e8-467e-890d-9eaea8815e0a'),
 ('4905', '624', '1061', '92', '0', '2', '2016-07-08 01:37:29', '2016-07-08 01:37:29', 'a077f80b-2673-4a4f-8315-209e1fedd61b'),
 ('4906', '624', '1061', '91', '0', '3', '2016-07-08 01:37:29', '2016-07-08 01:37:29', 'a0bda55c-ee39-4bb4-aa10-e2834d972464'),
 ('4907', '624', '1061', '97', '0', '4', '2016-07-08 01:37:29', '2016-07-08 01:37:29', '032754e4-5b90-4915-b375-5a9af141646c'),
 ('4908', '625', '1062', '95', '0', '1', '2016-07-08 01:37:29', '2016-07-08 01:37:29', '8c297662-2afe-4c0f-80f5-a1644fb2d414'),
 ('4909', '625', '1063', '88', '0', '1', '2016-07-08 01:37:29', '2016-07-08 01:37:29', '27d7201f-ac63-4d13-82ef-4844fa612f88'),
 ('4910', '625', '1063', '89', '0', '2', '2016-07-08 01:37:29', '2016-07-08 01:37:29', 'aa16ed6e-0045-42ed-9be9-b0aa01960fd7'),
 ('4911', '625', '1063', '90', '0', '3', '2016-07-08 01:37:29', '2016-07-08 01:37:29', '320f1b5d-11fe-49da-8506-c240bd081779');
INSERT INTO `craft_fieldlayoutfields` (`id`, `layoutId`, `tabId`, `fieldId`, `required`, `sortOrder`, `dateCreated`, `dateUpdated`, `uid`) VALUES
 ('4912', '625', '1063', '102', '0', '4', '2016-07-08 01:37:29', '2016-07-08 01:37:29', 'a71b9df9-da5a-4696-94a6-e31fd327ac0b'),
 ('4913', '625', '1064', '97', '0', '1', '2016-07-08 01:37:29', '2016-07-08 01:37:29', 'ccf1d547-f0a8-4f02-ba4e-de3b410ca7a4'),
 ('4914', '625', '1064', '116', '0', '2', '2016-07-08 01:37:29', '2016-07-08 01:37:29', '5281a7e9-6748-4010-b9e8-42a57abbf692'),
 ('4915', '625', '1064', '117', '0', '3', '2016-07-08 01:37:29', '2016-07-08 01:37:29', 'c359a285-1822-44e1-ab2e-e39a2a3a6216'),
 ('4916', '625', '1064', '122', '0', '4', '2016-07-08 01:37:29', '2016-07-08 01:37:29', 'ed51d404-ce43-4c44-b506-ce8ee6786ca4'),
 ('4917', '625', '1064', '92', '0', '5', '2016-07-08 01:37:29', '2016-07-08 01:37:29', '5d4f6695-6ec1-48aa-98cc-8626293ca9d0'),
 ('4918', '625', '1064', '91', '0', '6', '2016-07-08 01:37:29', '2016-07-08 01:37:29', 'bc66901c-4408-4e25-9ad2-bc2881a066bc'),
 ('4919', '626', '1065', '124', '0', '1', '2016-07-08 01:37:29', '2016-07-08 01:37:29', '2298ce36-b48a-4a98-8b92-2dc7ec6ae42e'),
 ('4920', '626', '1065', '111', '0', '2', '2016-07-08 01:37:29', '2016-07-08 01:37:29', 'f1a47ea1-1170-4ab1-a3c3-f4aa6a800084'),
 ('4921', '626', '1065', '113', '0', '3', '2016-07-08 01:37:29', '2016-07-08 01:37:29', '355d7528-1280-4e7c-9f77-eadd770b2bed'),
 ('4922', '626', '1065', '115', '0', '4', '2016-07-08 01:37:29', '2016-07-08 01:37:29', '0c0fdbcc-4259-421f-9283-3f9488c0cf81'),
 ('4923', '626', '1066', '132', '0', '1', '2016-07-08 01:37:29', '2016-07-08 01:37:29', 'c401ba54-c44b-48f1-b867-879bd4ca58d6'),
 ('4924', '626', '1067', '112', '0', '1', '2016-07-08 01:37:29', '2016-07-08 01:37:29', '462055ca-608b-40ee-9981-a5850305d22c'),
 ('4925', '626', '1067', '97', '0', '2', '2016-07-08 01:37:29', '2016-07-08 01:37:29', '5143a03b-9acb-4a48-86fc-6cc96b97a7b3'),
 ('4926', '626', '1067', '118', '0', '3', '2016-07-08 01:37:29', '2016-07-08 01:37:29', '00433896-4176-492f-b2bd-aa476f4eae8b'),
 ('4927', '626', '1067', '121', '0', '4', '2016-07-08 01:37:29', '2016-07-08 01:37:29', '975f623d-58c3-437a-8e05-303e60eae186'),
 ('4928', '626', '1067', '91', '0', '5', '2016-07-08 01:37:29', '2016-07-08 01:37:29', '151be88f-4b9f-454d-a64c-0adf0236a6b7'),
 ('4929', '627', '1068', '124', '0', '1', '2016-07-08 01:37:29', '2016-07-08 01:37:29', 'c6e0304e-82df-4888-9992-c5f41b3ef252'),
 ('4930', '627', '1068', '114', '0', '2', '2016-07-08 01:37:29', '2016-07-08 01:37:29', '61a96936-bb0c-4d57-986a-5e457f1ad638'),
 ('4931', '627', '1068', '119', '0', '3', '2016-07-08 01:37:29', '2016-07-08 01:37:29', 'def3b9ee-5dca-4c32-abdf-167887083a6d'),
 ('4932', '627', '1068', '126', '0', '4', '2016-07-08 01:37:29', '2016-07-08 01:37:29', '27b90dbf-986a-4ec9-bf25-b2fa74eadda8'),
 ('4933', '627', '1068', '115', '0', '5', '2016-07-08 01:37:29', '2016-07-08 01:37:29', '4d4acdfa-310c-42a1-9d78-03b6f4bb6700'),
 ('4934', '627', '1069', '88', '0', '1', '2016-07-08 01:37:29', '2016-07-08 01:37:29', '5870cf5a-1095-4419-8b19-4ee49677f574'),
 ('4935', '627', '1070', '112', '0', '1', '2016-07-08 01:37:29', '2016-07-08 01:37:29', '7f63d4c3-834d-4996-8e14-3a875b2bbfce'),
 ('4936', '627', '1070', '97', '0', '2', '2016-07-08 01:37:29', '2016-07-08 01:37:29', '4d57ef9b-7218-400b-9a9b-f3940afd6a98'),
 ('4937', '627', '1070', '91', '0', '3', '2016-07-08 01:37:29', '2016-07-08 01:37:29', 'abb5017c-fb57-4b08-bf12-7fb387293905');



DROP TABLE IF EXISTS `craft_fieldlayouts`;


--
-- Schema for table `craft_fieldlayouts`
--
CREATE TABLE `craft_fieldlayouts` (
  `id` int(11) NOT NULL AUTO_INCREMENT,
  `type` varchar(150) COLLATE utf8_unicode_ci NOT NULL,
  `dateCreated` datetime NOT NULL,
  `dateUpdated` datetime NOT NULL,
  `uid` char(36) COLLATE utf8_unicode_ci NOT NULL DEFAULT '0',
  PRIMARY KEY (`id`),
  KEY `craft_fieldlayouts_type_idx` (`type`)
) ENGINE=InnoDB AUTO_INCREMENT=628 DEFAULT CHARSET=utf8 COLLATE=utf8_unicode_ci;

--
-- Data for table `craft_fieldlayouts`
--

INSERT INTO `craft_fieldlayouts` (`id`, `type`, `dateCreated`, `dateUpdated`, `uid`) VALUES
 ('1', 'Tag', '2015-05-15 20:59:41', '2015-05-15 20:59:41', '1138e6bd-bde5-489b-83b9-752d3bd863d8'),
 ('133', 'GlobalSet', '2016-05-20 06:11:54', '2016-05-20 06:11:54', '7c207ca0-b120-4416-88ea-6054a86b96c9'),
 ('382', 'Neo_Block', '2016-05-22 16:48:36', '2016-05-22 16:48:36', '19fc295c-f39d-44e2-8d27-c5b421e82020'),
 ('383', 'Neo_Block', '2016-05-22 16:48:36', '2016-05-22 16:48:36', '72fde838-e811-4dc6-af69-003069778104'),
 ('384', 'Neo_Block', '2016-05-22 16:48:36', '2016-05-22 16:48:36', 'e316c184-dc84-4b19-a2dc-abdffdf51f1e'),
 ('385', 'Neo_Block', '2016-05-22 16:48:36', '2016-05-22 16:48:36', '419ec00d-b35a-44e8-a83f-ae6ce5ea7c78'),
 ('386', 'Neo_Block', '2016-05-22 16:48:36', '2016-05-22 16:48:36', '5dd9b4ed-cff7-4abf-8535-937201cf27a5'),
 ('387', 'Neo_Block', '2016-05-22 16:48:36', '2016-05-22 16:48:36', '7c6b8d81-8095-4bf4-ac00-a0e4ca9353b2'),
 ('408', 'Entry', '2016-05-31 16:10:48', '2016-05-31 16:10:48', '5742f357-e281-4afd-b686-c39f8d01df7c'),
 ('409', 'Entry', '2016-05-31 16:11:24', '2016-05-31 16:11:24', '593b218e-cbb3-4003-8f34-2b5275c54880'),
 ('414', 'Asset', '2016-06-15 00:44:10', '2016-06-15 00:44:10', 'e16d9f09-87d6-452e-ba11-1bbefd07f288'),
 ('498', 'MatrixBlock', '2016-07-07 22:47:33', '2016-07-07 22:47:33', '8de23b19-819e-4845-bd96-5361a911350a'),
 ('499', 'MatrixBlock', '2016-07-07 22:47:33', '2016-07-07 22:47:33', '66313a4f-746e-4e79-9be8-b368be102772'),
 ('500', 'MatrixBlock', '2016-07-07 22:47:33', '2016-07-07 22:47:33', '3e822555-5fef-4d28-b503-0d21f28bb536'),
 ('501', 'MatrixBlock', '2016-07-07 22:47:33', '2016-07-07 22:47:33', '353c3ab7-99a1-4d4b-b749-f22006f332e7'),
 ('614', 'Neo_Block', '2016-07-08 01:37:29', '2016-07-08 01:37:29', '0a7d8700-e5bb-4b95-846f-eeb68103fd73'),
 ('615', 'Neo_Block', '2016-07-08 01:37:29', '2016-07-08 01:37:29', '9dbfce8c-1319-44d6-ac0d-4ea2fca6dc63'),
 ('616', 'Neo_Block', '2016-07-08 01:37:29', '2016-07-08 01:37:29', 'cf1a6a03-3bed-468f-ac53-335188ad1867'),
 ('617', 'Neo_Block', '2016-07-08 01:37:29', '2016-07-08 01:37:29', 'b33461a6-72c5-4b4d-8b55-d380682f4810'),
 ('618', 'Neo_Block', '2016-07-08 01:37:29', '2016-07-08 01:37:29', 'ad7fce76-1844-4092-b7f8-da1968efe93e'),
 ('619', 'Neo_Block', '2016-07-08 01:37:29', '2016-07-08 01:37:29', '790188fd-68a5-4159-babb-baab3bb7ee9b'),
 ('620', 'Neo_Block', '2016-07-08 01:37:29', '2016-07-08 01:37:29', '34176495-4641-4903-afb5-29f4221b09f7'),
 ('621', 'Neo_Block', '2016-07-08 01:37:29', '2016-07-08 01:37:29', 'f9d6e86a-9f7b-44c2-bd89-868618e57c20'),
 ('622', 'Neo_Block', '2016-07-08 01:37:29', '2016-07-08 01:37:29', '27bdb68f-29cf-47d7-8af4-806e2d9ba50d'),
 ('623', 'Neo_Block', '2016-07-08 01:37:29', '2016-07-08 01:37:29', 'ad855ee8-e647-4f4e-b685-8fb8d8f06b99'),
 ('624', 'Neo_Block', '2016-07-08 01:37:29', '2016-07-08 01:37:29', '7f2c2444-f04f-4c80-8762-caa887e75cbf'),
 ('625', 'Neo_Block', '2016-07-08 01:37:29', '2016-07-08 01:37:29', '1a711c02-6562-4579-ba73-2462a1c4a0a6'),
 ('626', 'Neo_Block', '2016-07-08 01:37:29', '2016-07-08 01:37:29', '320328d1-1b7f-47ea-9f25-4e1a9b6cc214'),
 ('627', 'Neo_Block', '2016-07-08 01:37:29', '2016-07-08 01:37:29', 'cac42dec-818e-495d-a627-2f1ca1f4dd02');



DROP TABLE IF EXISTS `craft_fieldlayouttabs`;


--
-- Schema for table `craft_fieldlayouttabs`
--
CREATE TABLE `craft_fieldlayouttabs` (
  `id` int(11) NOT NULL AUTO_INCREMENT,
  `layoutId` int(11) NOT NULL,
  `name` varchar(255) COLLATE utf8_unicode_ci NOT NULL,
  `sortOrder` smallint(6) unsigned DEFAULT NULL,
  `dateCreated` datetime NOT NULL,
  `dateUpdated` datetime NOT NULL,
  `uid` char(36) COLLATE utf8_unicode_ci NOT NULL DEFAULT '0',
  PRIMARY KEY (`id`),
  KEY `craft_fieldlayouttabs_sortOrder_idx` (`sortOrder`),
  KEY `craft_fieldlayouttabs_layoutId_fk` (`layoutId`)
) ENGINE=InnoDB AUTO_INCREMENT=1071 DEFAULT CHARSET=utf8 COLLATE=utf8_unicode_ci;

--
-- Data for table `craft_fieldlayouttabs`
--

INSERT INTO `craft_fieldlayouttabs` (`id`, `layoutId`, `name`, `sortOrder`, `dateCreated`, `dateUpdated`, `uid`) VALUES
 ('127', '133', 'Content', '1', '2016-05-20 06:11:54', '2016-05-20 06:11:54', 'e6a67bfd-25c6-4489-a9f9-f33e48379fd1'),
 ('405', '382', 'Form', '1', '2016-05-22 16:48:36', '2016-05-22 16:48:36', 'b0bd3e8d-4890-42c1-9cc1-85b1b1f64741'),
 ('406', '383', 'Settings', '1', '2016-05-22 16:48:36', '2016-05-22 16:48:36', 'ceccb462-d761-4031-a830-07c6588fa493'),
 ('407', '384', 'Forms', '1', '2016-05-22 16:48:36', '2016-05-22 16:48:36', '1a0f2110-0cfd-41d4-bbb7-a768a20c5c52'),
 ('408', '385', 'Forms', '1', '2016-05-22 16:48:36', '2016-05-22 16:48:36', 'de2cb098-a67e-4374-b000-cac38a121c28'),
 ('409', '386', 'Forms', '1', '2016-05-22 16:48:36', '2016-05-22 16:48:36', 'f7126a8e-f114-4359-8f3e-fa3115d6b038'),
 ('410', '387', 'Settings', '1', '2016-05-22 16:48:36', '2016-05-22 16:48:36', 'b9d7b074-d198-42c8-aeca-911df62d73a2'),
 ('454', '408', 'Content', '1', '2016-05-31 16:10:48', '2016-05-31 16:10:48', 'a9cb22a1-6b67-45b1-971e-35dcead31154'),
 ('455', '408', 'Art direction', '2', '2016-05-31 16:10:48', '2016-05-31 16:10:48', '5b12112f-ff5f-4147-8fa8-e0c53b5b9f57'),
 ('456', '409', 'Content', '1', '2016-05-31 16:11:24', '2016-05-31 16:11:24', '808a8680-7851-4816-9966-beca49053d33'),
 ('457', '409', 'Art direction', '2', '2016-05-31 16:11:24', '2016-05-31 16:11:24', 'c16bbcc4-066c-45af-9549-8c91c419fc20'),
 ('462', '414', 'Content', '1', '2016-06-15 00:44:10', '2016-06-15 00:44:10', '40a81ba9-c95f-46e6-9b33-0d24d862b128'),
 ('698', '498', 'Content', '1', '2016-07-07 22:47:33', '2016-07-07 22:47:33', '9d21089d-9c92-4c1a-a0da-802585c0b432'),
 ('699', '499', 'Content', '1', '2016-07-07 22:47:33', '2016-07-07 22:47:33', '7ce58f91-cc7d-40e6-8feb-d1fe6c9b12ad'),
 ('700', '500', 'Content', '1', '2016-07-07 22:47:33', '2016-07-07 22:47:33', '0a6a980c-6b5c-4512-a705-ca9311fcea43'),
 ('701', '501', 'Content', '1', '2016-07-07 22:47:33', '2016-07-07 22:47:33', 'a2a16594-8800-4fc5-b235-9c9f23f1dd35'),
 ('1030', '614', 'Section', '1', '2016-07-08 01:37:29', '2016-07-08 01:37:29', '6ea4df2a-1f91-4615-8e44-f94087ae941c'),
 ('1031', '614', 'Advanced', '2', '2016-07-08 01:37:29', '2016-07-08 01:37:29', '553719f0-b1c4-43c5-8114-cf55ea57b31f'),
 ('1032', '615', 'Divider', '1', '2016-07-08 01:37:29', '2016-07-08 01:37:29', '53ebb717-49db-4b69-bb32-b3e29f76aa6a'),
 ('1033', '615', 'Layout', '2', '2016-07-08 01:37:29', '2016-07-08 01:37:29', 'a5ae29c5-723e-4086-b92a-7bd54c9c8815'),
 ('1034', '615', 'Advanced', '3', '2016-07-08 01:37:29', '2016-07-08 01:37:29', '450fba96-6ccd-4138-987e-e11cc6882cd8'),
 ('1035', '616', 'Content', '1', '2016-07-08 01:37:29', '2016-07-08 01:37:29', 'f5fd3752-bd73-417b-82ec-bcc95b85ea3e'),
 ('1036', '616', 'Layout', '2', '2016-07-08 01:37:29', '2016-07-08 01:37:29', '2caf49e0-b91e-44a7-8acf-e52aab3db724'),
 ('1037', '616', 'Advanced', '3', '2016-07-08 01:37:29', '2016-07-08 01:37:29', 'bc67c869-1d7d-4a9b-ac9a-9495e774e3b0'),
 ('1038', '617', 'Button', '1', '2016-07-08 01:37:29', '2016-07-08 01:37:29', '65def411-8310-4cf4-97c4-4350682987c5'),
 ('1039', '617', 'Layout', '2', '2016-07-08 01:37:29', '2016-07-08 01:37:29', 'f90d914c-14ac-439b-b93f-ff3d19a00092'),
 ('1040', '617', 'Advanced', '3', '2016-07-08 01:37:29', '2016-07-08 01:37:29', '09c03aab-ed96-45a0-8e9c-30c3304a1c4e'),
 ('1041', '618', 'Image', '1', '2016-07-08 01:37:29', '2016-07-08 01:37:29', '01cffe9f-c582-4c0a-8ac8-95c7003d9a56'),
 ('1042', '618', 'Layout', '2', '2016-07-08 01:37:29', '2016-07-08 01:37:29', 'bd5ad562-2392-4f2c-abd2-1094356874f8'),
 ('1043', '618', 'Advanced', '3', '2016-07-08 01:37:29', '2016-07-08 01:37:29', 'b5e11b7f-23d1-47ed-8c7b-6c75e2c75602'),
 ('1044', '619', 'Video', '1', '2016-07-08 01:37:29', '2016-07-08 01:37:29', '7db170b2-3d97-45cf-bd4e-d0fb5b7ab311'),
 ('1045', '619', 'Layout', '2', '2016-07-08 01:37:29', '2016-07-08 01:37:29', '87ecd4ba-b492-4b49-af10-98bce7419c4e'),
 ('1046', '619', 'Advanced', '3', '2016-07-08 01:37:29', '2016-07-08 01:37:29', '357615fb-e867-4760-9305-04b7e026b284'),
 ('1047', '620', 'Callout', '1', '2016-07-08 01:37:29', '2016-07-08 01:37:29', '69bd5130-42ca-4ebb-b0ca-6cb1fb467ae9'),
 ('1048', '620', 'Layout', '2', '2016-07-08 01:37:29', '2016-07-08 01:37:29', '04ee54c7-10fd-4080-8981-61454682554b'),
 ('1049', '620', 'Advanced', '3', '2016-07-08 01:37:29', '2016-07-08 01:37:29', '099508e2-23fb-4ace-9082-b27b6e33bed8'),
 ('1050', '621', 'Quote', '1', '2016-07-08 01:37:29', '2016-07-08 01:37:29', 'cf633406-8fa7-42a7-a2b1-abe321555280'),
 ('1051', '621', 'Layout', '2', '2016-07-08 01:37:29', '2016-07-08 01:37:29', '8c8ab39a-6b6e-45e8-b5b8-ad5d704efa67'),
 ('1052', '621', 'Advanced', '3', '2016-07-08 01:37:29', '2016-07-08 01:37:29', '0f19fade-e69b-4dcd-8d66-237b655de598'),
 ('1053', '622', 'Table', '1', '2016-07-08 01:37:29', '2016-07-08 01:37:29', '31146dc3-5ea3-4963-acf6-917ef27414f5'),
 ('1054', '622', 'Layout', '2', '2016-07-08 01:37:29', '2016-07-08 01:37:29', '50107ae4-ce7c-4695-9cd6-30aa9f07aa1c'),
 ('1055', '622', 'Advanced', '3', '2016-07-08 01:37:29', '2016-07-08 01:37:29', 'd7087383-c05d-4f66-9211-f4f3ba433f77'),
 ('1056', '623', 'Code', '1', '2016-07-08 01:37:29', '2016-07-08 01:37:29', 'e6dbedc2-dbc0-4f4d-a418-6d735ed72b4d'),
 ('1057', '623', 'Layout', '2', '2016-07-08 01:37:29', '2016-07-08 01:37:29', '28280758-e6f5-4d12-ac3c-5ef2eee550e2'),
 ('1058', '623', 'Advanced', '3', '2016-07-08 01:37:29', '2016-07-08 01:37:29', 'add55d1a-eb00-4a49-ae36-04db4b723b2d'),
 ('1059', '624', 'Components', '1', '2016-07-08 01:37:29', '2016-07-08 01:37:29', '62b97d50-101c-476b-a665-2d128a839f2e'),
 ('1060', '624', 'Layout', '2', '2016-07-08 01:37:29', '2016-07-08 01:37:29', 'c8ccd282-45ac-42e9-9d3d-bec340f33bbc'),
 ('1061', '624', 'Advanced', '3', '2016-07-08 01:37:29', '2016-07-08 01:37:29', 'e1118d59-44c2-4620-a957-f5ebe6c5ffa4'),
 ('1062', '625', 'Form', '1', '2016-07-08 01:37:29', '2016-07-08 01:37:29', 'e96f0417-481c-4f18-8e56-4553078dd3fc'),
 ('1063', '625', 'Layout', '2', '2016-07-08 01:37:29', '2016-07-08 01:37:29', 'f099cd11-7c31-4c6e-89ae-0ade9c6b0984'),
 ('1064', '625', 'Advanced', '3', '2016-07-08 01:37:29', '2016-07-08 01:37:29', '42981bd4-7ce8-40ee-afaa-7baef6eda0f9'),
 ('1065', '626', 'Field', '1', '2016-07-08 01:37:29', '2016-07-08 01:37:29', 'f01d72ec-9613-436b-a878-1a611e9c5796'),
 ('1066', '626', 'Layout', '2', '2016-07-08 01:37:29', '2016-07-08 01:37:29', 'd52e2122-672c-4ead-ab88-6f618f7c49a6'),
 ('1067', '626', 'Advanced', '3', '2016-07-08 01:37:29', '2016-07-08 01:37:29', '8938142a-26af-44e3-b09e-7fadacf5df49'),
 ('1068', '627', 'Field', '1', '2016-07-08 01:37:29', '2016-07-08 01:37:29', 'a68b6c01-ba1a-4d40-ad30-a2cb93d90d7b'),
 ('1069', '627', 'Layout', '2', '2016-07-08 01:37:29', '2016-07-08 01:37:29', 'cff80b1b-73b7-4684-a07a-d512579d866e'),
 ('1070', '627', 'Advanced', '3', '2016-07-08 01:37:29', '2016-07-08 01:37:29', '9322f899-3f70-472b-a4d4-52a5622dfd75');



DROP TABLE IF EXISTS `craft_fields`;


--
-- Schema for table `craft_fields`
--
CREATE TABLE `craft_fields` (
  `id` int(11) NOT NULL AUTO_INCREMENT,
  `groupId` int(11) DEFAULT NULL,
  `name` varchar(255) COLLATE utf8_unicode_ci NOT NULL,
  `handle` varchar(58) COLLATE utf8_unicode_ci NOT NULL,
  `context` varchar(255) COLLATE utf8_unicode_ci NOT NULL DEFAULT 'global',
  `instructions` text COLLATE utf8_unicode_ci,
  `translatable` tinyint(1) unsigned NOT NULL DEFAULT '0',
  `type` varchar(150) COLLATE utf8_unicode_ci NOT NULL,
  `settings` text COLLATE utf8_unicode_ci,
  `dateCreated` datetime NOT NULL,
  `dateUpdated` datetime NOT NULL,
  `uid` char(36) COLLATE utf8_unicode_ci NOT NULL DEFAULT '0',
  PRIMARY KEY (`id`),
  UNIQUE KEY `craft_fields_handle_context_unq_idx` (`handle`,`context`),
  KEY `craft_fields_context_idx` (`context`),
  KEY `craft_fields_groupId_fk` (`groupId`)
) ENGINE=InnoDB AUTO_INCREMENT=134 DEFAULT CHARSET=utf8 COLLATE=utf8_unicode_ci;

--
-- Data for table `craft_fields`
--

INSERT INTO `craft_fields` (`id`, `groupId`, `name`, `handle`, `context`, `instructions`, `translatable`, `type`, `settings`, `dateCreated`, `dateUpdated`, `uid`) VALUES
 ('2', '1', 'Tags', 'tags', 'global', NULL, '0', 'Tags', '{\"source\":\"taggroup:1\"}', '2015-05-15 20:59:41', '2015-05-15 20:59:41', 'b9c84462-1820-40ae-a384-685b31e69f07'),
 ('3', '9', 'Art Direction', 'artDirection', 'global', 'Use these fields to help art direct the entry. You can fine tune in the Custom CSS field.', '0', 'Matrix', '{\"maxBlocks\":null}', '2015-05-15 21:37:13', '2016-07-07 22:47:33', '448b2bd1-8177-4faf-9156-7d5ae88f6a2e'),
 ('4', NULL, 'Hide primary heading', 'hidePrimaryHeading', 'matrixBlockType:1', '', '0', 'Lightswitch', '{\"default\":\"\"}', '2015-05-15 21:37:13', '2016-07-07 22:47:33', '67e11221-4027-4478-90aa-8bdc9a230551'),
 ('5', NULL, 'Primary heading font', 'primaryHeadingFont', 'matrixBlockType:1', '', '0', 'Dropdown', '{\"options\":[{\"label\":\"Sans serif\",\"value\":\"system, -apple-system, BlinkMacSystemFont, \\\"Helvetica Neue\\\", \\\"Lucida Grande\\\", sans-serif\",\"default\":\"\"},{\"label\":\"Serif\",\"value\":\"Georgia, serif\",\"default\":\"\"}]}', '2015-05-15 21:37:13', '2016-07-07 22:47:33', 'aa9672e1-356f-4bf9-9a26-0a62a01116cd'),
 ('6', NULL, 'Primary heading weight', 'primaryHeadingWeight', 'matrixBlockType:1', '', '0', 'Dropdown', '{\"options\":[{\"label\":\"Thin\",\"value\":\"100\",\"default\":\"\"},{\"label\":\"Extra light\",\"value\":\"200\",\"default\":\"\"},{\"label\":\"Light\",\"value\":\"300\",\"default\":\"\"},{\"label\":\"Regular\",\"value\":\"400\",\"default\":\"\"},{\"label\":\"Medium\",\"value\":\"500\",\"default\":\"\"},{\"label\":\"Semi-bold\",\"value\":\"600\",\"default\":\"\"},{\"label\":\"Bold\",\"value\":\"700\",\"default\":\"\"},{\"label\":\"Extra-bold\",\"value\":\"800\",\"default\":\"\"},{\"label\":\"Black\",\"value\":\"900\",\"default\":\"\"}]}', '2015-05-15 21:37:13', '2016-07-07 22:47:33', '171c810d-5ef0-44e1-826a-86df58c80c7c'),
 ('7', NULL, 'Primary heading Italics', 'primaryHeadingItalics', 'matrixBlockType:1', '', '0', 'Lightswitch', '{\"default\":\"\"}', '2015-05-15 21:37:13', '2016-07-07 22:47:33', 'a816d6ea-48e2-4356-8620-1fccda292860'),
 ('8', NULL, 'Primary heading uppercase', 'primaryHeadingUppercase', 'matrixBlockType:1', '', '0', 'Lightswitch', '{\"default\":\"\"}', '2015-05-15 21:37:13', '2016-07-07 22:47:33', 'f2f5c237-9f53-40f7-a43f-8dc4005d891b'),
 ('9', NULL, 'Primary heading size', 'primaryHeadingSize', 'matrixBlockType:1', '', '0', 'Dropdown', '{\"options\":[{\"label\":\"16\",\"value\":\"1rem\",\"default\":\"\"},{\"label\":\"20\",\"value\":\"1.25rem\",\"default\":\"\"},{\"label\":\"24\",\"value\":\"1.5rem\",\"default\":\"\"},{\"label\":\"32\",\"value\":\"2rem\",\"default\":\"\"},{\"label\":\"48\",\"value\":\"3rem\",\"default\":\"\"},{\"label\":\"64\",\"value\":\"4rem\",\"default\":\"\"},{\"label\":\"80\",\"value\":\"5rem\",\"default\":\"\"},{\"label\":\"96\",\"value\":\"6rem\",\"default\":\"\"},{\"label\":\"128\",\"value\":\"8rem\",\"default\":\"\"},{\"label\":\"160\",\"value\":\"10rem\",\"default\":\"\"},{\"label\":\"192\",\"value\":\"12rem\",\"default\":\"\"},{\"label\":\"240\",\"value\":\"15rem\",\"default\":\"\"},{\"label\":\"288\",\"value\":\"18rem\",\"default\":\"\"}]}', '2015-05-15 21:37:13', '2016-07-07 22:47:33', 'cb3ed1b9-d9f6-4282-9121-d00ff4fc89d0'),
 ('10', NULL, 'Page Background colour', 'backgroundColour', 'matrixBlockType:2', '', '0', 'Color', NULL, '2015-05-15 21:37:13', '2016-07-07 22:47:33', '8767b4af-9376-421f-902b-023274e94522'),
 ('11', NULL, 'Header Background Colour', 'headerBackgroundColour', 'matrixBlockType:2', '', '0', 'Color', NULL, '2015-05-15 21:37:13', '2016-07-07 22:47:33', '4855dde3-dd07-42c8-8189-b5bec12e049e'),
 ('12', NULL, 'Header Text colour', 'headerTextColour', 'matrixBlockType:2', '', '0', 'Color', NULL, '2015-05-15 21:37:13', '2016-07-07 22:47:33', '394943ed-7760-4ae0-8ec4-c98dfd9cfef0'),
 ('13', NULL, 'Title colour', 'titleColour', 'matrixBlockType:2', '', '0', 'Color', NULL, '2015-05-15 21:37:13', '2016-07-07 22:47:33', 'fa34cb71-5f69-4d29-8580-627531e86847'),
 ('14', NULL, 'Link colour', 'linkColour', 'matrixBlockType:2', '', '0', 'Color', NULL, '2015-05-15 21:37:13', '2016-07-07 22:47:33', 'c6168fa3-8a77-4782-b06d-86c0aeb02c00'),
 ('15', NULL, 'Body background colour', 'bodyBackgroundColour', 'matrixBlockType:2', '', '0', 'Color', NULL, '2015-05-15 21:37:13', '2016-07-07 22:47:33', '7cbf6f42-7ecd-4e4c-8ff9-61518eb44db7'),
 ('16', NULL, 'Body text colour', 'bodyTextColour', 'matrixBlockType:2', '', '0', 'Color', NULL, '2015-05-15 21:37:13', '2016-07-07 22:47:33', '990836a3-0896-4543-b100-93b5d5d8dd27'),
 ('17', NULL, 'Link active colour', 'linkActiveColour', 'matrixBlockType:2', '', '0', 'Color', NULL, '2015-05-15 21:37:13', '2016-07-07 22:47:33', '63a2fea1-4fda-4a41-8d7e-8ade6a1c39e2'),
 ('18', NULL, 'Teaser background colour', 'teaserBackgroundColour', 'matrixBlockType:2', 'Only shows up on the teaser', '0', 'Color', NULL, '2015-05-15 21:37:13', '2016-07-07 22:47:33', 'bce2e736-11d9-4fab-94a9-5474e248eb77'),
 ('19', NULL, 'CSS', 'css', 'matrixBlockType:3', '', '0', 'PlainText', '{\"placeholder\":\"\",\"maxLength\":\"\",\"multiline\":\"1\",\"initialRows\":\"10\"}', '2015-05-15 21:38:17', '2016-07-07 22:47:33', '5d106c2f-89d3-4716-9fca-00f9e502532e'),
 ('20', NULL, 'Background Image', 'backgroundImage', 'matrixBlockType:4', '', '0', 'Assets', '{\"useSingleFolder\":\"\",\"sources\":\"*\",\"defaultUploadLocationSource\":\"1\",\"defaultUploadLocationSubpath\":\"\",\"singleUploadLocationSource\":\"1\",\"singleUploadLocationSubpath\":\"\",\"restrictFiles\":\"\",\"limit\":\"\",\"viewMode\":\"large\",\"selectionLabel\":\"\"}', '2015-05-15 21:41:02', '2016-07-07 22:47:33', '1fa8546c-4c6b-4b12-b993-1d4445fd8630'),
 ('21', NULL, 'Section', 'imageSection', 'matrixBlockType:4', '', '0', 'Dropdown', '{\"options\":[{\"label\":\"Page\",\"value\":\"page\",\"default\":\"1\"},{\"label\":\"Header\",\"value\":\"header\",\"default\":\"\"},{\"label\":\"Body\",\"value\":\"body\",\"default\":\"\"}]}', '2015-05-15 21:41:02', '2016-07-07 22:47:33', '3e82ef3f-76fb-4d7c-ace9-f05dad72be3a'),
 ('43', '2', 'Image size', 'imageSize', 'global', '', '0', 'PlainText', '{\"placeholder\":\"\",\"maxLength\":\"\",\"multiline\":\"\",\"initialRows\":\"4\"}', '2015-05-15 21:58:02', '2015-05-15 21:58:02', 'ac2f01ff-e3e4-40fc-95c3-e4befd10e247'),
 ('44', '2', 'Image position', 'imagePosition', 'global', '', '0', 'PositionSelect', '{\"options\":[\"left\",\"center\",\"right\",\"full\",\"drop-left\",\"drop-right\"]}', '2015-05-15 21:58:30', '2015-05-15 21:58:30', 'df41be01-9680-4a71-ae16-8b8a03a1006f'),
 ('45', '2', 'Image Fine Position', 'imageFinePosition', 'global', '', '0', 'PlainText', '{\"placeholder\":\"\",\"maxLength\":\"\",\"multiline\":\"\",\"initialRows\":\"4\"}', '2015-05-15 21:59:00', '2015-05-15 21:59:00', '7c89b241-a6d9-4272-9684-3a598807d931'),
 ('46', '2', 'Image repeat', 'imageRepeat', 'global', '', '0', 'RadioButtons', '{\"options\":[{\"label\":\"Repeat both\",\"value\":\"\",\"default\":\"1\"},{\"label\":\"No repeat\",\"value\":\"no-repeat\",\"default\":\"\"},{\"label\":\"Horizontal repeat\",\"value\":\"repeat-x\",\"default\":\"\"},{\"label\":\"Vertical repeat\",\"value\":\"repeat-y\",\"default\":\"\"}]}', '2015-05-15 21:59:55', '2015-05-15 21:59:55', 'f1c55e2b-bc84-49e7-9e0e-258d1fb6c141'),
 ('47', '2', 'Fixed position?', 'fixedPosition', 'global', '', '0', 'Lightswitch', '{\"default\":\"\"}', '2015-05-15 22:00:12', '2015-05-15 22:00:12', 'fa9a08dc-af07-4111-b79c-0bf663e11b5d'),
 ('48', '2', 'Primary Url', 'websiteUrl', 'global', '', '0', 'PlainText', '{\"placeholder\":\"\",\"maxLength\":\"\",\"multiline\":\"\",\"initialRows\":\"4\"}', '2015-05-15 22:00:38', '2015-05-15 22:00:38', '675a1332-28bc-4699-9f5b-7252a91266e3'),
 ('49', '2', 'Alt Text', 'altText', 'global', '', '0', 'PlainText', '{\"placeholder\":\"\",\"maxLength\":\"\",\"multiline\":\"\",\"initialRows\":\"4\"}', '2015-05-15 22:00:54', '2015-05-15 22:00:54', '546503a7-6365-46b7-aa24-417434e2871d'),
 ('50', '2', 'Caption', 'caption', 'global', '', '0', 'PlainText', '{\"placeholder\":\"\",\"maxLength\":\"\",\"multiline\":\"\",\"initialRows\":\"4\"}', '2015-05-15 22:01:11', '2015-05-15 22:01:11', 'a4ba4a88-b12e-4b79-95f4-99d734f321a7'),
 ('51', '2', 'Credit', 'credit', 'global', '', '0', 'PlainText', '{\"placeholder\":\"\",\"maxLength\":\"\",\"multiline\":\"\",\"initialRows\":\"4\"}', '2015-05-15 22:01:30', '2016-05-20 05:48:24', '00547f8a-91b8-4516-aada-abe3e34b6013'),
 ('52', '2', 'Credit Url', 'imageCreditUrl', 'global', '', '0', 'PlainText', '{\"placeholder\":\"\",\"maxLength\":\"\",\"multiline\":\"\",\"initialRows\":\"4\"}', '2015-05-15 22:01:43', '2016-05-17 23:36:23', '1f603c82-acc1-4913-82a3-7fe7124b8280'),
 ('53', '2', 'Credit organization', 'imageCreditOrganization', 'global', '', '0', 'PlainText', '{\"placeholder\":\"\",\"maxLength\":\"\",\"multiline\":\"\",\"initialRows\":\"4\"}', '2015-05-15 22:02:03', '2016-05-17 23:36:15', '3213abc3-6dff-4c22-8426-42d665ae5d5d'),
 ('54', '2', 'Credit Org URL', 'imageCreditOrgUrl', 'global', '', '0', 'PlainText', '{\"placeholder\":\"\",\"maxLength\":\"\",\"multiline\":\"\",\"initialRows\":\"4\"}', '2015-05-15 22:02:21', '2016-05-17 23:36:06', 'bfd22c19-3e7c-48fd-9c48-b2bf53a5270d'),
 ('55', '1', 'Heading', 'heading', 'global', '', '0', 'PlainText', '{\"placeholder\":\"\",\"maxLength\":\"\",\"multiline\":\"\",\"initialRows\":\"4\"}', '2015-05-15 22:16:53', '2015-05-15 22:16:53', 'be2c7036-62fc-48e6-bbe2-962d159e08af'),
 ('56', '1', 'Subhead', 'subhead', 'global', '', '0', 'PlainText', '{\"placeholder\":\"\",\"maxLength\":\"\",\"multiline\":\"\",\"initialRows\":\"4\"}', '2015-05-15 22:17:01', '2015-05-15 22:17:01', 'df9de964-3f90-47f1-a39f-7ff81224f63c'),
 ('57', '3', 'Google Tag Manager ID', 'gtm', 'global', 'Id to enable Google Tag manager', '0', 'PlainText', '{\"placeholder\":\"GTM-XXXXXX\",\"maxLength\":\"\",\"multiline\":\"\",\"initialRows\":\"4\"}', '2016-05-11 20:47:30', '2016-05-11 20:47:30', '0a62bcc3-8247-4d85-b245-607a03d7a178'),
 ('58', NULL, 'Breakpoint', 'breakpoint', 'matrixBlockType:3', 'Just the number (em units)', '0', 'PlainText', '{\"placeholder\":\"\",\"maxLength\":\"\",\"multiline\":\"\",\"initialRows\":\"4\"}', '2016-05-16 07:06:10', '2016-07-07 22:47:33', 'a5fa5e4f-377f-4e39-ba9d-dad7a1a40363'),
 ('88', '7', 'Width', 'width', 'global', 'How many columns does this component span?', '0', 'Dropdown', '{\"options\":[{\"label\":\"Full\",\"value\":\"full\",\"default\":\"1\"},{\"label\":\"1\\/2: \\u25fc\\ufe0e\\u25fc\\ufe0e\\u25fc\\ufe0e\\u25fb\\ufe0e\\u25fb\\ufe0e\\u25fb\\ufe0e\",\"value\":\"c2\",\"default\":\"\"},{\"label\":\"1\\/3: \\u25fc\\ufe0e\\u25fc\\ufe0e\\u25fb\\ufe0e\\u25fb\\ufe0e\\u25fb\\ufe0e\\u25fb\\ufe0e\",\"value\":\"c3\",\"default\":\"\"},{\"label\":\"2\\/3: \\u25fc\\ufe0e\\u25fc\\ufe0e\\u25fc\\ufe0e\\u25fc\\ufe0e\\u25fb\\ufe0e\\u25fb\\ufe0e\",\"value\":\"c3x2\",\"default\":\"\"},{\"label\":\"1\\/4: \\u25fc\\ufe0e\\u25fb\\ufe0e\\u25fb\\ufe0e\\u25fb\\ufe0e\",\"value\":\"c4\",\"default\":\"\"},{\"label\":\"3\\/4: \\u25fc\\ufe0e\\u25fc\\ufe0e\\u25fc\\ufe0e\\u25fb\",\"value\":\"c4x3\",\"default\":\"\"},{\"label\":\"1\\/5: \\u25fc\\ufe0e\\u25fb\\ufe0e\\u25fb\\ufe0e\\u25fb\\ufe0e\\u25fb\\ufe0e\",\"value\":\"c5\",\"default\":\"\"},{\"label\":\"2\\/5: \\u25fc\\ufe0e\\u25fc\\ufe0e\\u25fb\\ufe0e\\u25fb\\ufe0e\\u25fb\\ufe0e\",\"value\":\"c5x2\",\"default\":\"\"},{\"label\":\"3\\/5: \\u25fc\\ufe0e\\u25fc\\ufe0e\\u25fc\\ufe0e\\u25fb\\ufe0e\\u25fb\\ufe0e\",\"value\":\"c5x3\",\"default\":\"\"},{\"label\":\"4\\/5: \\u25fc\\ufe0e\\u25fc\\ufe0e\\u25fc\\ufe0e\\u25fc\\ufe0e\\u25fb\\ufe0e\",\"value\":\"c5x4\",\"default\":\"\"},{\"label\":\"1\\/6: \\u25fc\\u25fb\\ufe0e\\u25fb\\ufe0e\\u25fb\\ufe0e\\u25fb\\ufe0e\\u25fb\\ufe0e\",\"value\":\"c6\",\"default\":\"\"},{\"label\":\"5\\/6: \\u25fc\\ufe0e\\u25fc\\ufe0e\\u25fc\\ufe0e\\u25fc\\ufe0e\\u25fc\\ufe0e\\u25fb\\ufe0e\",\"value\":\"c6x5\",\"default\":\"\"}]}', '2016-05-17 19:55:58', '2016-05-22 16:44:57', 'e7a5edbf-a314-401d-91b7-9c477830577b'),
 ('89', '7', 'Push left', 'pushLeft', 'global', 'How many columns does this component get pushed to the left?', '0', 'Dropdown', '{\"options\":[{\"label\":\"None\",\"value\":\"\",\"default\":\"1\"},{\"label\":\"1\\/2: \\u25fc\\ufe0e\\u25fc\\ufe0e\\u25fc\\ufe0e\\u25fb\\ufe0e\\u25fb\\ufe0e\\u25fb\\ufe0e\",\"value\":\"pushl2\",\"default\":\"\"},{\"label\":\"1\\/3: \\u25fc\\ufe0e\\u25fc\\ufe0e\\u25fb\\ufe0e\\u25fb\\ufe0e\\u25fb\\ufe0e\\u25fb\\ufe0e\",\"value\":\"pushl3\",\"default\":\"\"},{\"label\":\"2\\/3: \\u25fc\\ufe0e\\u25fc\\ufe0e\\u25fc\\ufe0e\\u25fc\\ufe0e\\u25fb\\ufe0e\\u25fb\\ufe0e\",\"value\":\"pushl3x2\",\"default\":\"\"},{\"label\":\"1\\/4: \\u25fc\\ufe0e\\u25fb\\ufe0e\\u25fb\\ufe0e\\u25fb\\ufe0e\",\"value\":\"pushl4\",\"default\":\"\"},{\"label\":\"3\\/4: \\u25fc\\ufe0e\\u25fc\\ufe0e\\u25fc\\ufe0e\\u25fb\",\"value\":\"pushl4x3\",\"default\":\"\"},{\"label\":\"1\\/5: \\u25fc\\ufe0e\\u25fb\\ufe0e\\u25fb\\ufe0e\\u25fb\\ufe0e\\u25fb\\ufe0e\",\"value\":\"pushl5\",\"default\":\"\"},{\"label\":\"2\\/5: \\u25fc\\ufe0e\\u25fc\\ufe0e\\u25fb\\ufe0e\\u25fb\\ufe0e\\u25fb\\ufe0e\",\"value\":\"pushl5x2\",\"default\":\"\"},{\"label\":\"3\\/5: \\u25fc\\ufe0e\\u25fc\\ufe0e\\u25fc\\ufe0e\\u25fb\\ufe0e\\u25fb\\ufe0e\",\"value\":\"pushl5x3\",\"default\":\"\"},{\"label\":\"4\\/5: \\u25fc\\ufe0e\\u25fc\\ufe0e\\u25fc\\ufe0e\\u25fc\\ufe0e\\u25fb\\ufe0e\",\"value\":\"pushl5x4\",\"default\":\"\"},{\"label\":\"1\\/6: \\u25fc\\ufe0e\\u25fb\\ufe0e\\u25fb\\ufe0e\\u25fb\\ufe0e\\u25fb\\ufe0e\\u25fb\\ufe0e\",\"value\":\"pushl6\",\"default\":\"\"},{\"label\":\"5\\/6: \\u25fc\\ufe0e\\u25fc\\ufe0e\\u25fc\\ufe0e\\u25fc\\ufe0e\\u25fc\\ufe0e\\u25fb\\ufe0e\",\"value\":\"pushl6x5\",\"default\":\"\"}]}', '2016-05-17 19:59:14', '2016-05-22 16:45:12', 'b107fab4-b8e7-46a5-af17-7a83f6d67156'),
 ('90', '7', 'Push right', 'pushRight', 'global', 'How many columns will this component push to the right?', '0', 'Dropdown', '{\"options\":[{\"label\":\"None\",\"value\":\"\",\"default\":\"1\"},{\"label\":\"1\\/2: \\u25fb\\ufe0e\\u25fb\\ufe0e\\u25fb\\ufe0e\\u25fc\\ufe0e\\u25fc\\ufe0e\\u25fc\",\"value\":\"pushr2\",\"default\":\"\"},{\"label\":\"1\\/3: \\u25fb\\ufe0e\\u25fb\\ufe0e\\u25fb\\ufe0e\\u25fb\\ufe0e\\u25fc\\ufe0e\\u25fc\\ufe0e\",\"value\":\"pushr3\",\"default\":\"\"},{\"label\":\"2\\/3: \\u25fb\\ufe0e\\u25fb\\ufe0e\\u25fc\\ufe0e\\u25fc\\ufe0e\\u25fc\\ufe0e\\u25fc\\ufe0e\",\"value\":\"pushr3x2\",\"default\":\"\"},{\"label\":\"1\\/4: \\u25fb\\ufe0e\\u25fb\\ufe0e\\u25fb\\ufe0e\\u25fc\\ufe0e\",\"value\":\"pushr4\",\"default\":\"\"},{\"label\":\"3\\/4: \\u25fb\\ufe0e\\u25fc\\ufe0e\\u25fc\\ufe0e\\u25fc\\ufe0e\",\"value\":\"pushr4x3\",\"default\":\"\"},{\"label\":\"1\\/5: \\u25fb\\ufe0e\\u25fb\\ufe0e\\u25fb\\ufe0e\\u25fb\\ufe0e\\u25fc\\ufe0e\",\"value\":\"pushr5\",\"default\":\"\"},{\"label\":\"2\\/5: \\u25fb\\ufe0e\\u25fb\\ufe0e\\u25fb\\ufe0e\\u25fc\\ufe0e\\u25fc\\ufe0e\",\"value\":\"pushr5x2\",\"default\":\"\"},{\"label\":\"3\\/5: \\u25fb\\ufe0e\\u25fb\\ufe0e\\u25fc\\ufe0e\\u25fc\\ufe0e\\u25fc\\ufe0e\",\"value\":\"pushr5x3\",\"default\":\"\"},{\"label\":\"4\\/5: \\u25fb\\ufe0e\\u25fc\\ufe0e\\u25fc\\ufe0e\\u25fc\\ufe0e\\u25fc\\ufe0e\",\"value\":\"pushr5x4\",\"default\":\"\"},{\"label\":\"1\\/6: \\u25fb\\ufe0e\\u25fb\\ufe0e\\u25fb\\ufe0e\\u25fb\\ufe0e\\u25fb\\ufe0e\\u25fc\\ufe0e\",\"value\":\"pushr6\",\"default\":\"\"},{\"label\":\"5\\/6: \\u25fb\\ufe0e\\u25fc\\ufe0e\\u25fc\\ufe0e\\u25fc\\ufe0e\\u25fc\\ufe0e\\u25fc\\ufe0e\",\"value\":\"pushr6x5\",\"default\":\"\"}]}', '2016-05-17 20:01:51', '2016-05-22 16:45:21', '612be961-4134-42d1-973f-4c26539c6976'),
 ('91', '6', 'Custom class', 'customClass', 'global', '', '0', 'PlainText', '{\"placeholder\":\"\",\"maxLength\":\"\",\"multiline\":\"\",\"initialRows\":\"4\"}', '2016-05-17 23:27:23', '2016-05-22 16:44:35', '47369955-63f0-4d72-8296-31440117c62d'),
 ('92', '6', 'Custom colour', 'customColour', 'global', '', '0', 'Color', NULL, '2016-05-17 23:28:09', '2016-05-22 16:45:51', '2bbc790b-9196-47a9-9fa0-a67f55282016'),
 ('93', '4', 'Markdown', 'markdown', 'global', '', '0', 'Lightswitch', '{\"default\":\"1\"}', '2016-05-17 23:28:46', '2016-05-17 23:28:46', '578169f2-acb2-46b7-9021-d874a58d4b14'),
 ('94', '4', 'Text', 'text', 'global', '', '0', 'PlainText', '{\"placeholder\":\"\",\"maxLength\":\"\",\"multiline\":\"1\",\"initialRows\":\"15\"}', '2016-05-17 23:30:19', '2016-05-17 23:30:19', '9e0a3d66-3c98-4be1-8c32-1f3b1fc2a9ed'),
 ('95', '4', 'Colour', 'colour', 'global', '', '0', 'Dropdown', '{\"options\":[{\"label\":\"Transparent\",\"value\":\"transparent\",\"default\":\"1\"},{\"label\":\"Subtle\",\"value\":\"subtle\",\"default\":\"\"},{\"label\":\"Reverse\",\"value\":\"reverse\",\"default\":\"\"},{\"label\":\"Blue\",\"value\":\"blue\",\"default\":\"\"},{\"label\":\"Red\",\"value\":\"red\",\"default\":\"\"}]}', '2016-05-17 23:35:03', '2016-05-17 23:35:03', '3431efb3-cf91-42e4-a6a7-f6a634c9d970'),
 ('97', '6', 'Anchor name', 'anchorName', 'global', 'HTML ID used for linking within the page and controlling with javascript.', '0', 'PlainText', '{\"placeholder\":\"\",\"maxLength\":\"\",\"multiline\":\"\",\"initialRows\":\"4\"}', '2016-05-17 23:49:55', '2016-05-22 16:44:45', '0ed73e17-d6be-422f-9cf8-3ce116fe4ba8'),
 ('98', '4', 'Image', 'image', 'global', '', '0', 'Assets', '{\"useSingleFolder\":\"\",\"sources\":\"*\",\"defaultUploadLocationSource\":\"1\",\"defaultUploadLocationSubpath\":\"\",\"singleUploadLocationSource\":\"1\",\"singleUploadLocationSubpath\":\"\",\"restrictFiles\":\"1\",\"allowedKinds\":[\"image\"],\"limit\":\"\",\"viewMode\":\"large\",\"selectionLabel\":\"\"}', '2016-05-17 23:50:54', '2016-05-17 23:50:54', '33ebab71-7be4-42e6-b64d-5704141564b4'),
 ('99', '4', 'Section white space', 'rowType', 'global', 'The vertical whitespace for this section.', '0', 'Dropdown', '{\"options\":[{\"label\":\"Standard\",\"value\":\"standard\",\"default\":\"1\"},{\"label\":\"Snug\",\"value\":\"row--snug\",\"default\":\"\"},{\"label\":\"Tight\",\"value\":\"row--tight\",\"default\":\"\"},{\"label\":\"Loose\",\"value\":\"row--loose\",\"default\":\"\"},{\"label\":\"Tight top\",\"value\":\"row--bottom\",\"default\":\"\"},{\"label\":\"Tight bottom\",\"value\":\"row--top\",\"default\":\"\"}]}', '2016-05-17 23:53:35', '2016-07-08 00:37:06', '27494295-58c3-4f69-b6ce-08c55cf946e9'),
 ('100', '2', 'Caption position', 'captionPosition', 'global', '', '0', 'Dropdown', '{\"options\":[{\"label\":\"Left bottom\",\"value\":\"leftBottom\",\"default\":\"1\"},{\"label\":\"Right bottom\",\"value\":\"right-align right\",\"default\":\"\"},{\"label\":\"Left side\",\"value\":\"left right-align\",\"default\":\"\"},{\"label\":\"Right side\",\"value\":\"right\",\"default\":\"\"}]}', '2016-05-18 00:00:50', '2016-05-18 00:00:50', '43bcf741-6f30-4715-9d47-2b7dec6f76e2'),
 ('101', '4', 'Quote type', 'quoteType', 'global', '', '0', 'Dropdown', '{\"options\":[{\"label\":\"External quote\",\"value\":\"externalQuote\",\"default\":\"\"},{\"label\":\"Pull quote\",\"value\":\"pullQuote\",\"default\":\"\"},{\"label\":\"Testimonial\",\"value\":\"testimonial\",\"default\":\"\"}]}', '2016-05-18 00:02:10', '2016-05-18 00:02:10', 'bb92cc1a-0702-4950-827d-bf182f549a2c'),
 ('102', '7', 'Float', 'float', 'global', '', '0', 'PositionSelect', '{\"options\":[\"left\",\"center\",\"right\",\"full\"]}', '2016-05-18 00:03:03', '2016-05-22 16:45:39', 'f8f142d1-d59a-4e58-b778-3cbc22aacfab'),
 ('103', '4', 'Language', 'language', 'global', '', '0', 'Dropdown', '{\"options\":[{\"label\":\"HTML\",\"value\":\"markup\",\"default\":\"\"},{\"label\":\"CSS\",\"value\":\"scss\",\"default\":\"\"},{\"label\":\"Javascript\",\"value\":\"javascript\",\"default\":\"\"},{\"label\":\"Twig\",\"value\":\"twig\",\"default\":\"\"}]}', '2016-05-18 00:05:28', '2016-05-18 00:05:28', '0d465bbb-dae5-4683-b4a3-686dceb46f65'),
 ('104', '4', 'Divider type', 'dividerType', 'global', '', '0', 'Dropdown', '{\"options\":[{\"label\":\"Standard rule\",\"value\":\"standardRule\",\"default\":\"1\"},{\"label\":\"Accent line\",\"value\":\"rule--accent\",\"default\":\"\"},{\"label\":\"Hairline\",\"value\":\"rule--hairline\",\"default\":\"\"},{\"label\":\"White line\",\"value\":\"rule--white\",\"default\":\"\"},{\"label\":\"Light line\",\"value\":\"rule--light\",\"default\":\"\"},{\"label\":\"Dark line\",\"value\":\"rule--dark\",\"default\":\"\"},{\"label\":\"Black line\",\"value\":\"rule--black\",\"default\":\"\"}]}', '2016-05-18 00:07:25', '2016-05-18 00:07:25', '6c4f0ffe-2201-4405-9064-5477b664ff1f'),
 ('105', '4', 'Embed code', 'embedCode', 'global', '', '0', 'PlainText', '{\"placeholder\":\"\",\"maxLength\":\"\",\"multiline\":\"1\",\"initialRows\":\"4\"}', '2016-05-18 00:07:44', '2016-05-18 00:07:44', 'f19eda61-d646-49aa-9bfe-e5b9a911cb3a'),
 ('106', '1', 'Content', 'pageContent', 'global', '', '0', 'Neo', '{\"maxBlocks\":null}', '2016-05-18 00:08:36', '2016-07-08 01:37:29', '809778d5-bd60-4dd3-9ed6-77fb1bd8580f'),
 ('107', '4', 'Table', 'table', 'global', '', '0', 'TableMaker', '{\"columnsLabel\":\"Columns\",\"columnsInstructions\":\"Table headings\",\"columnsAddRowLabel\":\"\",\"rowsLabel\":\"Rows\",\"rowsInstructions\":\"Cell content\",\"rowsAddRowLabel\":\"\"}', '2016-05-20 05:14:47', '2016-05-20 05:14:47', 'f48fe33f-4a96-41a8-bf91-4f4568f6f40e'),
 ('108', '4', 'Table type', 'tableType', 'global', '', '0', 'Dropdown', '{\"options\":[{\"label\":\"Invisible\",\"value\":\"invisible\",\"default\":\"1\"},{\"label\":\"Lined\",\"value\":\"lined\",\"default\":\"\"},{\"label\":\"Bordered\",\"value\":\"bordered\",\"default\":\"\"},{\"label\":\"Striped\",\"value\":\"striped\",\"default\":\"\"}]}', '2016-05-20 05:16:28', '2016-05-20 05:16:28', '3b4fe854-9d1f-4c0a-adc9-f4ac47a72c7c'),
 ('109', '3', 'Blank out text', 'blankOutText', 'global', '', '0', 'Lightswitch', '{\"default\":\"\"}', '2016-05-20 06:11:27', '2016-05-20 06:11:27', '708d79e2-e268-48e5-b880-de8cc3384384'),
 ('110', '4', 'Placeholder size', 'placeholderSize', 'global', 'e.g. 2400x1600', '0', 'PlainText', '{\"placeholder\":\"\",\"maxLength\":\"\",\"multiline\":\"\",\"initialRows\":\"4\"}', '2016-05-20 06:49:18', '2016-05-20 06:49:47', 'ba0a3fc3-c7be-4d75-91ae-e56ab23249cd'),
 ('111', '4', 'Placeholder text', 'placeholderText', 'global', 'Text displayed on placeholder', '0', 'PlainText', '{\"placeholder\":\"\",\"maxLength\":\"\",\"multiline\":\"\",\"initialRows\":\"4\"}', '2016-05-20 06:50:02', '2016-05-20 06:51:23', 'bfd9b5c8-c939-4be9-883e-e7c0d72fab6f'),
 ('112', '8', 'Field name', 'fieldName', 'global', '', '0', 'PlainText', '{\"placeholder\":\"\",\"maxLength\":\"\",\"multiline\":\"\",\"initialRows\":\"4\"}', '2016-05-22 03:09:28', '2016-05-22 16:48:09', 'a9379cce-275a-4142-9817-53880b2b1cf2'),
 ('113', '5', 'Text field type', 'fieldType', 'global', '', '0', 'Dropdown', '{\"options\":[{\"label\":\"Text\",\"value\":\"text\",\"default\":\"1\"},{\"label\":\"Textarea\",\"value\":\"textarea\",\"default\":\"\"},{\"label\":\"Email\",\"value\":\"email\",\"default\":\"\"},{\"label\":\"URL\",\"value\":\"url\",\"default\":\"\"},{\"label\":\"Tel\",\"value\":\"tel\",\"default\":\"\"},{\"label\":\"Password\",\"value\":\"password\",\"default\":\"\"}]}', '2016-05-22 03:17:23', '2016-06-30 15:54:55', '1ec2a79e-d900-415c-88ca-e3a5a79be11a'),
 ('114', '5', 'Field options', 'fieldOptions', 'global', '', '0', 'Table', '{\"columns\":{\"col1\":{\"heading\":\"Name\",\"handle\":\"name\",\"width\":\"\",\"type\":\"singleline\"},\"col2\":{\"heading\":\"Value\",\"handle\":\"value\",\"width\":\"\",\"type\":\"singleline\"},\"col3\":{\"heading\":\"Default\",\"handle\":\"default\",\"width\":\"10\",\"type\":\"checkbox\"}},\"defaults\":{\"row1\":{\"col1\":\"\",\"col2\":\"\",\"col3\":\"\"}}}', '2016-05-22 03:21:46', '2016-05-22 03:21:46', 'a7bd6af2-971b-45fa-8f7f-eda6f0937c54'),
 ('115', '5', 'Required', 'required', 'global', '', '0', 'Lightswitch', '{\"default\":\"\"}', '2016-05-22 03:22:06', '2016-05-22 03:22:06', '189b3903-269d-411a-8f96-b5dd5a220e08'),
 ('116', '8', 'Form action', 'formAction', 'global', '', '0', 'PlainText', '{\"placeholder\":\"\",\"maxLength\":\"\",\"multiline\":\"\",\"initialRows\":\"4\"}', '2016-05-22 03:23:01', '2016-05-22 16:49:00', '48679163-9e30-4feb-be97-8bb02b0a6710'),
 ('117', '8', 'Redirect', 'redirect', 'global', '', '0', 'PlainText', '{\"placeholder\":\"\",\"maxLength\":\"\",\"multiline\":\"\",\"initialRows\":\"4\"}', '2016-05-22 03:23:25', '2016-05-22 16:49:23', '20d9c5cc-1c52-4cb6-8771-0c87f9a43b8f'),
 ('118', '8', 'Field value', 'value', 'global', '', '0', 'PlainText', '{\"placeholder\":\"\",\"maxLength\":\"\",\"multiline\":\"\",\"initialRows\":\"4\"}', '2016-05-22 03:27:27', '2016-05-22 16:48:24', '9009e076-af20-4d8a-abab-bf0a25aac8c1'),
 ('119', '5', 'Option field type', 'optionFieldType', 'global', '', '0', 'Dropdown', '{\"options\":[{\"label\":\"Checkbox\",\"value\":\"checkbox\",\"default\":\"\"},{\"label\":\"Radio\",\"value\":\"radio\",\"default\":\"\"},{\"label\":\"Select\",\"value\":\"select\",\"default\":\"\"}]}', '2016-05-22 03:30:26', '2016-06-24 07:27:47', '8f1b02b5-d063-4c96-929a-d3e526063479'),
 ('121', '8', 'Error message', 'errorMessage', 'global', '', '0', 'PlainText', '{\"placeholder\":\"\",\"maxLength\":\"\",\"multiline\":\"\",\"initialRows\":\"4\"}', '2016-05-22 03:32:03', '2016-05-22 16:47:59', '03dcf591-403d-4dd9-9e11-2768c2ea88ca'),
 ('122', '8', 'Thank you message', 'thankYouMessage', 'global', '', '0', 'PlainText', '{\"placeholder\":\"\",\"maxLength\":\"\",\"multiline\":\"1\",\"initialRows\":\"4\"}', '2016-05-22 03:32:16', '2016-05-22 16:49:35', 'f111b0f6-b901-408a-8c88-2dca8254768b'),
 ('123', '1', 'Form', 'form', 'global', '', '0', 'Neo', '{\"maxBlocks\":null}', '2016-05-22 03:35:23', '2016-05-22 16:48:36', '70a84085-abc6-4204-bd60-bc6b10fd65d7'),
 ('124', '5', 'Field label', 'fieldLabel', 'global', '', '0', 'PlainText', '{\"placeholder\":\"\",\"maxLength\":\"\",\"multiline\":\"\",\"initialRows\":\"4\"}', '2016-05-22 04:02:24', '2016-05-22 04:03:43', '0eb38997-d32e-4b2d-80c3-716821f283dd'),
 ('125', '5', 'Button colour', 'buttonColour', 'global', '', '0', 'Dropdown', '{\"options\":[{\"label\":\"Default\",\"value\":\"default\",\"default\":\"1\"},{\"label\":\"Grey\",\"value\":\"grey\",\"default\":\"\"},{\"label\":\"Red\",\"value\":\"red\",\"default\":\"\"},{\"label\":\"Blue\",\"value\":\"blue\",\"default\":\"\"}]}', '2016-05-22 06:40:49', '2016-05-22 06:40:49', '5ea17738-abd1-4add-ac22-1054fcbad0c3'),
 ('126', '5', 'Option format', 'optionFormat', 'global', '', '0', 'Dropdown', '{\"options\":[{\"label\":\"Normal\",\"value\":\"normal\",\"default\":\"1\"},{\"label\":\"Buttons\",\"value\":\"buttons\",\"default\":\"\"},{\"label\":\"Pills\",\"value\":\"pills\",\"default\":\"\"}]}', '2016-05-22 07:25:55', '2016-05-22 07:41:15', '7ef66986-e9cf-47aa-bfc2-4150dd9d0d95'),
 ('127', '6', 'Head snippets', 'headSnippets', 'global', 'Paste code that should be inserted into the head here. Like webfont includes.', '0', 'PlainText', '{\"placeholder\":\"\",\"maxLength\":\"\",\"multiline\":\"1\",\"initialRows\":\"4\"}', '2016-05-31 16:10:06', '2016-07-07 22:47:59', 'f8d071c0-5b54-4005-ac0e-b00eeb98a83e'),
 ('128', '4', 'List entries from:', 'listingSection', 'global', '', '0', 'ListingSection_ListingSection', NULL, '2016-06-25 23:40:30', '2016-06-25 23:40:30', '57386148-de29-4916-aa88-cdf647c35ccb'),
 ('129', '4', 'Limit', 'limit', 'global', '', '0', 'Number', '{\"min\":\"1\",\"max\":\"\",\"decimals\":\"0\"}', '2016-06-25 23:41:19', '2016-06-25 23:41:19', '7cbfe6c0-a0e5-4be6-99b5-a5428251214b'),
 ('130', '6', 'Footer snippets', 'footerSnippets', 'global', '', '0', 'PlainText', '{\"placeholder\":\"\",\"maxLength\":\"\",\"multiline\":\"1\",\"initialRows\":\"4\"}', '2016-07-07 22:48:55', '2016-07-07 22:48:55', 'd6c5584e-c542-4f36-a49a-6ad9d243c805'),
 ('131', '5', 'Button type', 'buttonType', 'global', '', '0', 'Dropdown', '{\"options\":[{\"label\":\"Normal\",\"value\":\"\",\"default\":\"1\"},{\"label\":\"Small\",\"value\":\"small\",\"default\":\"\"},{\"label\":\"Large\",\"value\":\"large\",\"default\":\"\"},{\"label\":\"Full width\",\"value\":\"full\",\"default\":\"\"}]}', '2016-07-07 23:48:32', '2016-07-07 23:48:32', '749f00c6-0407-4d06-8707-40b50bc5521f'),
 ('132', '5', 'Field width', 'fieldWidth', 'global', '', '0', 'Dropdown', '{\"options\":[{\"label\":\"Full\",\"value\":\"\",\"default\":\"1\"},{\"label\":\"Half\",\"value\":\"half\",\"default\":\"\"},{\"label\":\"Third\",\"value\":\"third\",\"default\":\"\"},{\"label\":\"Two third\",\"value\":\"two-third\",\"default\":\"\"},{\"label\":\"Quarter\",\"value\":\"quarter\",\"default\":\"\"},{\"label\":\"Three quarter\",\"value\":\"three-quarter\",\"default\":\"\"}]}', '2016-07-08 00:11:57', '2016-07-08 19:10:39', '24e840fe-56e8-4eba-bce8-4bc1e512acb0'),
 ('133', '7', 'Text alignment', 'textAlignment', 'global', '', '0', 'PositionSelect', '{\"options\":[\"left\",\"center\",\"right\"]}', '2016-07-08 00:28:06', '2016-07-08 00:28:06', 'fb4ef7f7-93d3-4642-ad1b-b63c1a385390');



DROP TABLE IF EXISTS `craft_globalsets`;


--
-- Schema for table `craft_globalsets`
--
CREATE TABLE `craft_globalsets` (
  `id` int(11) NOT NULL,
  `name` varchar(255) COLLATE utf8_unicode_ci NOT NULL,
  `handle` varchar(255) COLLATE utf8_unicode_ci NOT NULL,
  `fieldLayoutId` int(10) DEFAULT NULL,
  `dateCreated` datetime NOT NULL,
  `dateUpdated` datetime NOT NULL,
  `uid` char(36) COLLATE utf8_unicode_ci NOT NULL DEFAULT '0',
  PRIMARY KEY (`id`),
  UNIQUE KEY `craft_globalsets_name_unq_idx` (`name`),
  UNIQUE KEY `craft_globalsets_handle_unq_idx` (`handle`),
  KEY `craft_globalsets_fieldLayoutId_fk` (`fieldLayoutId`)
) ENGINE=InnoDB DEFAULT CHARSET=utf8 COLLATE=utf8_unicode_ci;

--
-- Data for table `craft_globalsets`
--

INSERT INTO `craft_globalsets` (`id`, `name`, `handle`, `fieldLayoutId`, `dateCreated`, `dateUpdated`, `uid`) VALUES
 ('8', 'Settings', 'settings', '133', '2016-05-11 20:23:33', '2016-05-20 06:11:54', 'bd2b910b-96ac-45e6-9f7d-533a17e30ab3');



DROP TABLE IF EXISTS `craft_info`;


--
-- Schema for table `craft_info`
--
CREATE TABLE `craft_info` (
  `id` int(11) NOT NULL AUTO_INCREMENT,
  `version` varchar(15) COLLATE utf8_unicode_ci NOT NULL,
  `build` int(11) unsigned NOT NULL,
  `schemaVersion` varchar(15) COLLATE utf8_unicode_ci NOT NULL,
  `releaseDate` datetime NOT NULL,
  `edition` tinyint(1) unsigned NOT NULL DEFAULT '0',
  `siteName` varchar(100) COLLATE utf8_unicode_ci NOT NULL,
  `siteUrl` varchar(255) COLLATE utf8_unicode_ci NOT NULL,
  `timezone` varchar(30) COLLATE utf8_unicode_ci DEFAULT NULL,
  `on` tinyint(1) unsigned NOT NULL DEFAULT '0',
  `maintenance` tinyint(1) unsigned NOT NULL DEFAULT '0',
  `track` varchar(40) COLLATE utf8_unicode_ci NOT NULL,
  `dateCreated` datetime NOT NULL,
  `dateUpdated` datetime NOT NULL,
  `uid` char(36) COLLATE utf8_unicode_ci NOT NULL DEFAULT '0',
  PRIMARY KEY (`id`)
) ENGINE=InnoDB AUTO_INCREMENT=2 DEFAULT CHARSET=utf8 COLLATE=utf8_unicode_ci;

--
-- Data for table `craft_info`
--

INSERT INTO `craft_info` (`id`, `version`, `build`, `schemaVersion`, `releaseDate`, `edition`, `siteName`, `siteUrl`, `timezone`, `on`, `maintenance`, `track`, `dateCreated`, `dateUpdated`, `uid`) VALUES
 ('1', '2.6', '2796', '2.6.5', '2016-07-10 21:13:17', '0', 'LT10 Editorial System', 'http://editorial.dev', 'UTC', '1', '0', 'stable', '2015-05-15 20:59:36', '2016-07-11 01:33:42', 'bff15d4f-5ef3-495d-bd3c-9f3c10da3e99');



DROP TABLE IF EXISTS `craft_locales`;


--
-- Schema for table `craft_locales`
--
CREATE TABLE `craft_locales` (
  `locale` char(12) COLLATE utf8_unicode_ci NOT NULL,
  `sortOrder` smallint(6) unsigned DEFAULT NULL,
  `dateCreated` datetime NOT NULL,
  `dateUpdated` datetime NOT NULL,
  `uid` char(36) COLLATE utf8_unicode_ci NOT NULL DEFAULT '0',
  PRIMARY KEY (`locale`),
  KEY `craft_locales_sortOrder_idx` (`sortOrder`)
) ENGINE=InnoDB DEFAULT CHARSET=utf8 COLLATE=utf8_unicode_ci;

--
-- Data for table `craft_locales`
--

INSERT INTO `craft_locales` (`locale`, `sortOrder`, `dateCreated`, `dateUpdated`, `uid`) VALUES
 ('en_us', '1', '2015-05-15 20:59:36', '2015-05-15 20:59:36', '82fbaf27-f124-4525-ae89-1f0e4aaf615b');



DROP TABLE IF EXISTS `craft_matrixblocks`;


--
-- Schema for table `craft_matrixblocks`
--
CREATE TABLE `craft_matrixblocks` (
  `id` int(11) NOT NULL,
  `ownerId` int(11) NOT NULL,
  `fieldId` int(11) NOT NULL,
  `typeId` int(11) DEFAULT NULL,
  `sortOrder` smallint(6) unsigned DEFAULT NULL,
  `ownerLocale` char(12) COLLATE utf8_unicode_ci DEFAULT NULL,
  `dateCreated` datetime NOT NULL,
  `dateUpdated` datetime NOT NULL,
  `uid` char(36) COLLATE utf8_unicode_ci NOT NULL DEFAULT '0',
  PRIMARY KEY (`id`),
  KEY `craft_matrixblocks_ownerId_idx` (`ownerId`),
  KEY `craft_matrixblocks_fieldId_idx` (`fieldId`),
  KEY `craft_matrixblocks_typeId_idx` (`typeId`),
  KEY `craft_matrixblocks_sortOrder_idx` (`sortOrder`),
  KEY `craft_matrixblocks_ownerLocale_fk` (`ownerLocale`)
) ENGINE=InnoDB DEFAULT CHARSET=utf8 COLLATE=utf8_unicode_ci;

DROP TABLE IF EXISTS `craft_matrixblocktypes`;


--
-- Schema for table `craft_matrixblocktypes`
--
CREATE TABLE `craft_matrixblocktypes` (
  `id` int(11) NOT NULL AUTO_INCREMENT,
  `fieldId` int(11) NOT NULL,
  `fieldLayoutId` int(11) DEFAULT NULL,
  `name` varchar(255) COLLATE utf8_unicode_ci NOT NULL,
  `handle` varchar(255) COLLATE utf8_unicode_ci NOT NULL,
  `sortOrder` smallint(6) unsigned DEFAULT NULL,
  `dateCreated` datetime NOT NULL,
  `dateUpdated` datetime NOT NULL,
  `uid` char(36) COLLATE utf8_unicode_ci NOT NULL DEFAULT '0',
  PRIMARY KEY (`id`),
  UNIQUE KEY `craft_matrixblocktypes_name_fieldId_unq_idx` (`name`,`fieldId`),
  UNIQUE KEY `craft_matrixblocktypes_handle_fieldId_unq_idx` (`handle`,`fieldId`),
  KEY `craft_matrixblocktypes_fieldId_fk` (`fieldId`),
  KEY `craft_matrixblocktypes_fieldLayoutId_fk` (`fieldLayoutId`)
) ENGINE=InnoDB AUTO_INCREMENT=5 DEFAULT CHARSET=utf8 COLLATE=utf8_unicode_ci;

--
-- Data for table `craft_matrixblocktypes`
--

INSERT INTO `craft_matrixblocktypes` (`id`, `fieldId`, `fieldLayoutId`, `name`, `handle`, `sortOrder`, `dateCreated`, `dateUpdated`, `uid`) VALUES
 ('1', '3', '498', 'Typography', 'typography', '1', '2015-05-15 21:37:13', '2016-07-07 22:47:33', '95dc2584-8c2a-4ae3-89a4-b84d06337b42'),
 ('2', '3', '499', 'Colours', 'colours', '2', '2015-05-15 21:37:13', '2016-07-07 22:47:33', '4f0d84bb-b60b-4477-be08-257b57aa68fd'),
 ('3', '3', '501', 'Custom CSS', 'customCSS', '4', '2015-05-15 21:38:17', '2016-07-07 22:47:33', '52f94000-3ae9-4d85-82b6-839474c7da6a'),
 ('4', '3', '500', 'Background images', 'backgroundImages', '3', '2015-05-15 21:41:02', '2016-07-07 22:47:33', '69fa364e-4c26-4498-94df-8582ffac8d9b');



DROP TABLE IF EXISTS `craft_matrixcontent_artdirection`;


--
-- Schema for table `craft_matrixcontent_artdirection`
--
CREATE TABLE `craft_matrixcontent_artdirection` (
  `id` int(11) NOT NULL AUTO_INCREMENT,
  `elementId` int(11) NOT NULL,
  `locale` char(12) COLLATE utf8_unicode_ci NOT NULL,
  `field_typography_hidePrimaryHeading` tinyint(1) unsigned NOT NULL DEFAULT '0',
  `field_typography_primaryHeadingFont` varchar(255) COLLATE utf8_unicode_ci DEFAULT NULL,
  `field_typography_primaryHeadingWeight` varchar(255) COLLATE utf8_unicode_ci DEFAULT NULL,
  `field_typography_primaryHeadingItalics` tinyint(1) unsigned NOT NULL DEFAULT '0',
  `field_typography_primaryHeadingUppercase` tinyint(1) unsigned NOT NULL DEFAULT '0',
  `field_typography_primaryHeadingSize` varchar(255) COLLATE utf8_unicode_ci DEFAULT NULL,
  `field_colours_backgroundColour` char(7) COLLATE utf8_unicode_ci DEFAULT NULL,
  `field_colours_headerBackgroundColour` char(7) COLLATE utf8_unicode_ci DEFAULT NULL,
  `field_colours_headerTextColour` char(7) COLLATE utf8_unicode_ci DEFAULT NULL,
  `field_colours_titleColour` char(7) COLLATE utf8_unicode_ci DEFAULT NULL,
  `field_colours_linkColour` char(7) COLLATE utf8_unicode_ci DEFAULT NULL,
  `field_colours_bodyBackgroundColour` char(7) COLLATE utf8_unicode_ci DEFAULT NULL,
  `field_colours_bodyTextColour` char(7) COLLATE utf8_unicode_ci DEFAULT NULL,
  `field_colours_linkActiveColour` char(7) COLLATE utf8_unicode_ci DEFAULT NULL,
  `field_colours_teaserBackgroundColour` char(7) COLLATE utf8_unicode_ci DEFAULT NULL,
  `field_customCSS_css` text COLLATE utf8_unicode_ci,
  `field_backgroundImages_imageSection` varchar(255) COLLATE utf8_unicode_ci DEFAULT 'page',
  `field_customCSS_breakpoint` text COLLATE utf8_unicode_ci,
  `dateCreated` datetime NOT NULL,
  `dateUpdated` datetime NOT NULL,
  `uid` char(36) COLLATE utf8_unicode_ci NOT NULL DEFAULT '0',
  PRIMARY KEY (`id`),
  UNIQUE KEY `craft_matrixcontent_artdirection_elementId_locale_unq_idx` (`elementId`,`locale`),
  KEY `craft_matrixcontent_artdirection_locale_fk` (`locale`)
) ENGINE=InnoDB DEFAULT CHARSET=utf8 COLLATE=utf8_unicode_ci;

DROP TABLE IF EXISTS `craft_migrations`;


--
-- Schema for table `craft_migrations`
--
CREATE TABLE `craft_migrations` (
  `id` int(11) NOT NULL AUTO_INCREMENT,
  `pluginId` int(11) DEFAULT NULL,
  `version` varchar(255) COLLATE utf8_unicode_ci NOT NULL,
  `applyTime` datetime NOT NULL,
  `dateCreated` datetime NOT NULL,
  `dateUpdated` datetime NOT NULL,
  `uid` char(36) COLLATE utf8_unicode_ci NOT NULL DEFAULT '0',
  PRIMARY KEY (`id`),
  UNIQUE KEY `craft_migrations_version_unq_idx` (`version`),
  KEY `craft_migrations_pluginId_fk` (`pluginId`)
) ENGINE=InnoDB AUTO_INCREMENT=54 DEFAULT CHARSET=utf8 COLLATE=utf8_unicode_ci;

--
-- Data for table `craft_migrations`
--

INSERT INTO `craft_migrations` (`id`, `pluginId`, `version`, `applyTime`, `dateCreated`, `dateUpdated`, `uid`) VALUES
 ('1', NULL, 'm000000_000000_base', '2015-05-15 20:59:36', '2015-05-15 20:59:36', '2015-05-15 20:59:36', '4c7755b0-e9bd-4e73-be56-4ca93adfb0b7'),
 ('2', NULL, 'm140730_000001_add_filename_and_format_to_transformindex', '2015-05-15 20:59:36', '2015-05-15 20:59:36', '2015-05-15 20:59:36', 'f05206a4-ef21-4097-97eb-a1e9dbae416a'),
 ('3', NULL, 'm140815_000001_add_format_to_transforms', '2015-05-15 20:59:36', '2015-05-15 20:59:36', '2015-05-15 20:59:36', '76da968f-6b41-444a-87f5-894754ffaf5a'),
 ('4', NULL, 'm140822_000001_allow_more_than_128_items_per_field', '2015-05-15 20:59:36', '2015-05-15 20:59:36', '2015-05-15 20:59:36', 'cd5c1a72-79ef-4997-bc3c-b145a93511ad'),
 ('5', NULL, 'm140829_000001_single_title_formats', '2015-05-15 20:59:36', '2015-05-15 20:59:36', '2015-05-15 20:59:36', 'e1646c1b-2e47-48f1-a08c-2569e3be74a9'),
 ('6', NULL, 'm140831_000001_extended_cache_keys', '2015-05-15 20:59:36', '2015-05-15 20:59:36', '2015-05-15 20:59:36', 'b40350f3-8449-4530-a82d-b2412ef060c3'),
 ('7', NULL, 'm140922_000001_delete_orphaned_matrix_blocks', '2015-05-15 20:59:36', '2015-05-15 20:59:36', '2015-05-15 20:59:36', '9b913513-55b9-43e8-90b9-7aa34be65651'),
 ('8', NULL, 'm141008_000001_elements_index_tune', '2015-05-15 20:59:36', '2015-05-15 20:59:36', '2015-05-15 20:59:36', '833f6a6c-aaca-44c3-a50c-2de5c223c97f'),
 ('9', NULL, 'm141009_000001_assets_source_handle', '2015-05-15 20:59:36', '2015-05-15 20:59:36', '2015-05-15 20:59:36', 'eaef987f-27a8-4d0a-af35-828f19ebc14a'),
 ('10', NULL, 'm141024_000001_field_layout_tabs', '2015-05-15 20:59:36', '2015-05-15 20:59:36', '2015-05-15 20:59:36', 'b36f7241-d0e1-4dc1-b9b0-211f1a186ff9'),
 ('11', NULL, 'm141030_000001_drop_structure_move_permission', '2015-05-15 20:59:36', '2015-05-15 20:59:36', '2015-05-15 20:59:36', 'b88d2ae6-ac23-452e-9182-2356f97bfe31'),
 ('12', NULL, 'm141103_000001_tag_titles', '2015-05-15 20:59:36', '2015-05-15 20:59:36', '2015-05-15 20:59:36', '3a579203-ff7e-49ed-b629-7a824a71acc2'),
 ('13', NULL, 'm141109_000001_user_status_shuffle', '2015-05-15 20:59:36', '2015-05-15 20:59:36', '2015-05-15 20:59:36', '7f0d3bb9-0a73-4109-b989-95231bbed8aa'),
 ('14', NULL, 'm141126_000001_user_week_start_day', '2015-05-15 20:59:36', '2015-05-15 20:59:36', '2015-05-15 20:59:36', '33d1d958-cd02-443b-afd1-cf86a4506ccd'),
 ('15', NULL, 'm150210_000001_adjust_user_photo_size', '2015-05-15 20:59:36', '2015-05-15 20:59:36', '2015-05-15 20:59:36', '6ff43ef7-f52e-42de-a507-913c9a220cd5'),
 ('16', NULL, 'm141030_000000_plugin_schema_versions', '2015-12-11 04:30:42', '2015-12-11 04:30:42', '2015-12-11 04:30:42', '0d802d8d-fb23-4c34-a7a4-cdf16bda5e2a'),
 ('17', NULL, 'm150724_000001_adjust_quality_settings', '2015-12-11 04:30:42', '2015-12-11 04:30:42', '2015-12-11 04:30:42', 'aabe4d49-eb1f-4c4b-91b9-33947c4cdd15'),
 ('18', NULL, 'm150827_000000_element_index_settings', '2015-12-11 04:30:42', '2015-12-11 04:30:42', '2015-12-11 04:30:42', '3ce66ebe-d05e-43fc-844d-ca82421b29aa'),
 ('19', NULL, 'm150918_000001_add_colspan_to_widgets', '2015-12-11 04:30:42', '2015-12-11 04:30:42', '2015-12-11 04:30:42', 'f78b7fa2-2618-4235-b2b8-a077e18a99f9'),
 ('20', NULL, 'm151007_000000_clear_asset_caches', '2015-12-11 04:30:42', '2015-12-11 04:30:42', '2015-12-11 04:30:42', '71a678da-5751-4be2-95ab-247289260cd6'),
 ('21', NULL, 'm151109_000000_text_url_formats', '2015-12-11 04:30:43', '2015-12-11 04:30:43', '2015-12-11 04:30:43', '22f13d4a-59fd-49d2-b1fd-1b867c41362d'),
 ('22', NULL, 'm151110_000000_move_logo', '2015-12-11 04:30:43', '2015-12-11 04:30:43', '2015-12-11 04:30:43', 'e65b0632-22f0-4ccd-a923-9786e09a1203'),
 ('23', NULL, 'm151117_000000_adjust_image_widthheight', '2015-12-11 04:30:43', '2015-12-11 04:30:43', '2015-12-11 04:30:43', '2a4b0037-29bd-4b9d-97b7-5763d09f15f5'),
 ('24', NULL, 'm151127_000000_clear_license_key_status', '2015-12-11 04:30:43', '2015-12-11 04:30:43', '2015-12-11 04:30:43', '06e7a1da-5ecb-494f-8832-98de0dcf1e33'),
 ('25', NULL, 'm151127_000000_plugin_license_keys', '2015-12-11 04:30:43', '2015-12-11 04:30:43', '2015-12-11 04:30:43', 'b8cebc61-771e-40db-aead-2174c852c266'),
 ('26', NULL, 'm151130_000000_update_pt_widget_feeds', '2015-12-11 04:30:43', '2015-12-11 04:30:43', '2015-12-11 04:30:43', '3995ff54-18ed-411f-aca4-300031096e49'),
 ('27', NULL, 'm160114_000000_asset_sources_public_url_default_true', '2016-05-11 02:30:07', '2016-05-11 02:30:07', '2016-05-11 02:30:07', 'ea4fa8b1-b1a0-465b-9c9e-6be7ad3fe6b8'),
 ('28', NULL, 'm160223_000000_sortorder_to_smallint', '2016-05-11 02:30:07', '2016-05-11 02:30:07', '2016-05-11 02:30:07', 'cd213416-31b6-4f70-a2b9-0f7cfc525883'),
 ('29', NULL, 'm160229_000000_set_default_entry_statuses', '2016-05-11 02:30:07', '2016-05-11 02:30:07', '2016-05-11 02:30:07', '7d21b4c6-8bd9-4d3d-9224-5f957a3971b2'),
 ('30', NULL, 'm160304_000000_client_permissions', '2016-05-11 02:30:07', '2016-05-11 02:30:07', '2016-05-11 02:30:07', 'b0cd4109-e50a-4529-a0fd-7629cf895b5a'),
 ('31', NULL, 'm160322_000000_asset_filesize', '2016-05-11 02:30:07', '2016-05-11 02:30:07', '2016-05-11 02:30:07', '7e835ddb-5792-4a43-8588-56505fbf7bae'),
 ('32', NULL, 'm160503_000000_orphaned_fieldlayouts', '2016-05-11 02:30:07', '2016-05-11 02:30:07', '2016-05-11 02:30:07', 'cb7d341f-03f5-4cfa-b3e7-28fdafa50ccf'),
 ('49', '4', 'm140713_000000_minimee_ChangeTagToReturnSettingsFieldNames', '2016-05-11 21:00:22', '2016-05-11 21:00:22', '2016-05-11 21:00:22', 'cc91bf5e-d50c-449f-9912-652402723fe4'),
 ('50', '8', 'm160428_202308_Neo_UpdateBlockLevels', '2016-05-17 23:25:01', '2016-05-17 23:25:01', '2016-05-17 23:25:01', '78c6c0a0-2c29-45ca-932f-62fa63a79cee'),
 ('51', '8', 'm160515_005002_Neo_UpdateBlockStructure', '2016-05-17 23:25:01', '2016-05-17 23:25:01', '2016-05-17 23:25:01', '7e5b6e4f-acce-41b1-ac83-07f9eacc13c5'),
 ('52', NULL, 'm160510_000000_tasksettings', '2016-05-20 15:25:06', '2016-05-20 15:25:06', '2016-05-20 15:25:06', '11102ea0-fd8c-4bbd-a2aa-efe78da019fa'),
 ('53', '8', 'm160605_191540_Neo_UpdateBlockStructureLocales', '2016-06-06 10:15:46', '2016-06-06 10:15:46', '2016-06-06 10:15:46', 'd4c4f1c5-b34d-4569-be19-18025097e50b');



DROP TABLE IF EXISTS `craft_neoblocks`;


--
-- Schema for table `craft_neoblocks`
--
CREATE TABLE `craft_neoblocks` (
  `id` int(11) NOT NULL,
  `ownerId` int(11) NOT NULL,
  `fieldId` int(11) NOT NULL,
  `typeId` int(11) DEFAULT NULL,
  `collapsed` tinyint(1) unsigned NOT NULL DEFAULT '0',
  `ownerLocale` char(12) COLLATE utf8_unicode_ci DEFAULT NULL,
  `dateCreated` datetime NOT NULL,
  `dateUpdated` datetime NOT NULL,
  `uid` char(36) COLLATE utf8_unicode_ci NOT NULL DEFAULT '0',
  PRIMARY KEY (`id`),
  KEY `craft_neoblocks_ownerId_idx` (`ownerId`),
  KEY `craft_neoblocks_fieldId_idx` (`fieldId`),
  KEY `craft_neoblocks_typeId_idx` (`typeId`),
  KEY `craft_neoblocks_collapsed_idx` (`collapsed`),
  KEY `craft_neoblocks_ownerLocale_fk` (`ownerLocale`)
) ENGINE=InnoDB DEFAULT CHARSET=utf8 COLLATE=utf8_unicode_ci;

--
-- Data for table `craft_neoblocks`
--

INSERT INTO `craft_neoblocks` (`id`, `ownerId`, `fieldId`, `typeId`, `collapsed`, `ownerLocale`, `dateCreated`, `dateUpdated`, `uid`) VALUES
 ('26', '2', '106', '1', '0', NULL, '2016-05-20 06:08:15', '2016-05-22 02:03:46', '776b205a-55bd-4723-8d6e-972206742c19'),
 ('27', '2', '106', '2', '0', NULL, '2016-05-20 06:08:15', '2016-05-22 02:03:46', 'f84a7fb0-eaeb-4efa-be11-ba434dda8864'),
 ('28', '2', '106', '2', '0', NULL, '2016-05-20 06:08:15', '2016-05-22 02:03:46', '8361cdb9-8f22-4f60-bb9d-09894c7de0fe'),
 ('29', '2', '106', '1', '0', NULL, '2016-05-20 06:08:15', '2016-05-22 02:03:46', '4b981ded-5f44-4fc1-8917-b5277ed8cdcf'),
 ('30', '2', '106', '2', '0', NULL, '2016-05-20 06:08:15', '2016-05-22 02:03:46', 'cc8a088c-7c37-4054-8d74-6e6a688dcfc6'),
 ('31', '2', '106', '2', '0', NULL, '2016-05-20 06:08:15', '2016-05-22 02:03:46', 'a92ecd7f-c1d3-40c9-b25a-9b488b8c812e');



DROP TABLE IF EXISTS `craft_neoblockstructures`;


--
-- Schema for table `craft_neoblockstructures`
--
CREATE TABLE `craft_neoblockstructures` (
  `id` int(11) NOT NULL AUTO_INCREMENT,
  `structureId` int(11) NOT NULL,
  `ownerId` int(11) NOT NULL,
  `fieldId` int(11) NOT NULL,
  `ownerLocale` char(12) COLLATE utf8_unicode_ci DEFAULT NULL,
  `dateCreated` datetime NOT NULL,
  `dateUpdated` datetime NOT NULL,
  `uid` char(36) COLLATE utf8_unicode_ci NOT NULL DEFAULT '0',
  PRIMARY KEY (`id`),
  KEY `craft_neoblockstructures_structureId_idx` (`structureId`),
  KEY `craft_neoblockstructures_ownerId_idx` (`ownerId`),
  KEY `craft_neoblockstructures_fieldId_idx` (`fieldId`),
  KEY `craft_neoblockstructures_ownerLocale_fk` (`ownerLocale`)
) ENGINE=InnoDB AUTO_INCREMENT=34 DEFAULT CHARSET=utf8 COLLATE=utf8_unicode_ci;

--
-- Data for table `craft_neoblockstructures`
--

INSERT INTO `craft_neoblockstructures` (`id`, `structureId`, `ownerId`, `fieldId`, `ownerLocale`, `dateCreated`, `dateUpdated`, `uid`) VALUES
 ('29', '30', '2', '106', NULL, '2016-05-22 02:03:46', '2016-05-22 02:03:46', '1a9187b8-1343-4a98-8fef-f1736ec97451');



DROP TABLE IF EXISTS `craft_neoblocktypes`;


--
-- Schema for table `craft_neoblocktypes`
--
CREATE TABLE `craft_neoblocktypes` (
  `id` int(11) NOT NULL AUTO_INCREMENT,
  `fieldId` int(11) NOT NULL,
  `fieldLayoutId` int(11) DEFAULT NULL,
  `name` varchar(255) COLLATE utf8_unicode_ci NOT NULL,
  `handle` varchar(255) COLLATE utf8_unicode_ci NOT NULL,
  `maxBlocks` int(10) DEFAULT '0',
  `childBlocks` text COLLATE utf8_unicode_ci,
  `topLevel` tinyint(1) unsigned NOT NULL DEFAULT '1',
  `sortOrder` smallint(6) unsigned DEFAULT NULL,
  `dateCreated` datetime NOT NULL,
  `dateUpdated` datetime NOT NULL,
  `uid` char(36) COLLATE utf8_unicode_ci NOT NULL DEFAULT '0',
  PRIMARY KEY (`id`),
  UNIQUE KEY `craft_neoblocktypes_name_fieldId_unq_idx` (`name`,`fieldId`),
  UNIQUE KEY `craft_neoblocktypes_handle_fieldId_unq_idx` (`handle`,`fieldId`),
  KEY `craft_neoblocktypes_fieldId_fk` (`fieldId`),
  KEY `craft_neoblocktypes_fieldLayoutId_fk` (`fieldLayoutId`)
) ENGINE=InnoDB AUTO_INCREMENT=22 DEFAULT CHARSET=utf8 COLLATE=utf8_unicode_ci;

--
-- Data for table `craft_neoblocktypes`
--

INSERT INTO `craft_neoblocktypes` (`id`, `fieldId`, `fieldLayoutId`, `name`, `handle`, `maxBlocks`, `childBlocks`, `topLevel`, `sortOrder`, `dateCreated`, `dateUpdated`, `uid`) VALUES
 ('1', '106', '614', 'Section', 'row', NULL, '[\"divider\",\"text\",\"button\",\"image\",\"video\",\"callout\",\"quote\",\"table\",\"code\",\"entryListing\",\"form\"]', '1', '1', '2016-05-18 00:09:48', '2016-07-08 01:37:29', '14ece4c3-7693-48c6-bc2f-f5ed90b2ef19'),
 ('2', '106', '616', 'Text', 'text', NULL, '', '0', '3', '2016-05-18 00:10:58', '2016-07-08 01:37:29', 'acd53a8b-06e1-49bd-82f6-b024029ceafd'),
 ('3', '106', '618', 'Image', 'image', NULL, '', '1', '5', '2016-05-18 00:13:18', '2016-07-08 01:37:29', '4dd8cd68-3517-4505-9e35-8ac02b94c89c'),
 ('4', '106', '620', 'Callout', 'callout', NULL, '[\"text\",\"button\",\"image\",\"video\",\"table\",\"code\"]', '0', '7', '2016-05-18 00:14:25', '2016-07-08 01:37:29', '1c55a577-efa8-41fd-96ae-a67f30853279'),
 ('5', '106', '621', 'Quote', 'quote', NULL, '', '0', '8', '2016-05-18 00:15:25', '2016-07-08 01:37:29', '878e0899-d4e3-4af5-a8cb-f73ff7eea49d'),
 ('6', '106', '623', 'Code', 'code', NULL, '', '0', '10', '2016-05-18 00:16:25', '2016-07-08 01:37:29', '93afb1e9-60b2-4868-89d2-b6320ae92f31'),
 ('7', '106', '615', 'Divider', 'divider', NULL, '', '1', '2', '2016-05-18 00:17:27', '2016-07-08 01:37:29', '9633584c-123b-40ae-9686-cfbde81ce51e'),
 ('8', '106', '619', 'Video', 'video', NULL, '', '1', '6', '2016-05-18 00:19:08', '2016-07-08 01:37:29', '634a23ad-0b2d-4219-b647-e71b04dc68db'),
 ('9', '106', '622', 'Table', 'table', NULL, '', '0', '9', '2016-05-20 05:19:17', '2016-07-08 01:37:29', '29faa494-4e7d-4778-976d-851b2bc21f01'),
 ('10', '123', '382', 'Form', 'form', NULL, '[\"fieldset\"]', '1', '1', '2016-05-22 03:35:23', '2016-05-22 16:48:36', '80ebf250-8a58-4c74-b837-54175ede80bd'),
 ('11', '123', '383', 'Fieldset', 'fieldset', NULL, '[\"text\",\"checkbox\",\"radio\",\"switch\"]', '1', '2', '2016-05-22 03:38:04', '2016-05-22 16:48:36', '9ebf0f84-6e9d-44e6-87ba-255ae8c86ab1'),
 ('12', '123', '384', 'Text input', 'text', NULL, '', '0', '3', '2016-05-22 03:43:40', '2016-05-22 16:48:36', 'bb5e5570-1091-4cfd-9722-502eefdc2dd3'),
 ('13', '123', '385', 'Checkbox input', 'checkbox', NULL, '', '0', '4', '2016-05-22 03:52:44', '2016-05-22 16:48:36', '487175b0-2aba-4376-89f6-2fbd67685d9a'),
 ('14', '123', '386', 'Radio input', 'radio', NULL, '', '0', '5', '2016-05-22 03:52:44', '2016-05-22 16:48:36', '58a0d2fd-4b0f-4469-9374-038d35bd197f'),
 ('15', '123', '387', 'Switch input', 'switch', NULL, '', '0', '6', '2016-05-22 03:52:44', '2016-05-22 16:48:36', 'becb9416-8512-475d-8d76-d6f7a3df2e48'),
 ('17', '106', '626', 'Text field', 'textField', NULL, '', '0', '13', '2016-05-22 04:58:42', '2016-07-08 01:37:29', '4f24e377-5eed-4151-857f-9150793d54d3'),
 ('18', '106', '625', 'Form', 'form', NULL, '[\"text\",\"button\",\"textField\",\"optionField\"]', '0', '12', '2016-05-22 05:26:09', '2016-07-08 01:37:29', '2742bc71-0dfe-44b6-a21d-314f5bb5114e'),
 ('19', '106', '627', 'Option field', 'optionField', NULL, '', '0', '14', '2016-05-22 06:30:03', '2016-07-08 01:37:29', '27a4597d-8bd6-4674-8f19-7ba12140964f'),
 ('20', '106', '624', 'Entry listing', 'entryListing', NULL, '', '0', '11', '2016-06-25 23:51:30', '2016-07-08 01:37:29', '95d1bc4f-a094-49e1-ab1c-faa2fd0f9511'),
 ('21', '106', '617', 'Button', 'button', NULL, '', '0', '4', '2016-07-07 22:47:14', '2016-07-08 01:37:29', '0f471d20-991d-4a05-a116-3640436b2483');



DROP TABLE IF EXISTS `craft_neogroups`;


--
-- Schema for table `craft_neogroups`
--
CREATE TABLE `craft_neogroups` (
  `id` int(11) NOT NULL AUTO_INCREMENT,
  `fieldId` int(11) NOT NULL,
  `name` varchar(255) COLLATE utf8_unicode_ci DEFAULT NULL,
  `sortOrder` smallint(6) unsigned DEFAULT NULL,
  `dateCreated` datetime NOT NULL,
  `dateUpdated` datetime NOT NULL,
  `uid` char(36) COLLATE utf8_unicode_ci NOT NULL DEFAULT '0',
  PRIMARY KEY (`id`),
  KEY `craft_neogroups_fieldId_fk` (`fieldId`)
) ENGINE=InnoDB DEFAULT CHARSET=utf8 COLLATE=utf8_unicode_ci;

DROP TABLE IF EXISTS `craft_plugins`;


--
-- Schema for table `craft_plugins`
--
CREATE TABLE `craft_plugins` (
  `id` int(11) NOT NULL AUTO_INCREMENT,
  `class` varchar(150) COLLATE utf8_unicode_ci NOT NULL,
  `version` varchar(15) COLLATE utf8_unicode_ci NOT NULL,
  `schemaVersion` varchar(15) COLLATE utf8_unicode_ci DEFAULT NULL,
  `licenseKey` char(24) COLLATE utf8_unicode_ci DEFAULT NULL,
  `licenseKeyStatus` enum('valid','invalid','mismatched','unknown') COLLATE utf8_unicode_ci NOT NULL DEFAULT 'unknown',
  `enabled` tinyint(1) unsigned NOT NULL DEFAULT '0',
  `settings` text COLLATE utf8_unicode_ci,
  `installDate` datetime NOT NULL,
  `dateCreated` datetime NOT NULL,
  `dateUpdated` datetime NOT NULL,
  `uid` char(36) COLLATE utf8_unicode_ci NOT NULL DEFAULT '0',
  PRIMARY KEY (`id`)
) ENGINE=InnoDB AUTO_INCREMENT=12 DEFAULT CHARSET=utf8 COLLATE=utf8_unicode_ci;

--
-- Data for table `craft_plugins`
--

INSERT INTO `craft_plugins` (`id`, `class`, `version`, `schemaVersion`, `licenseKey`, `licenseKeyStatus`, `enabled`, `settings`, `installDate`, `dateCreated`, `dateUpdated`, `uid`) VALUES
 ('2', 'Cookies', '1.0.2', '1.0.0', NULL, 'unknown', '1', NULL, '2016-05-11 21:00:14', '2016-05-11 21:00:14', '2016-07-11 01:33:55', '2a4b4c67-be25-46b4-a4f5-ff0307062da2'),
 ('3', 'Lettering', '1.0.0', '1.0.0', NULL, 'unknown', '1', NULL, '2016-05-11 21:00:18', '2016-05-11 21:00:18', '2016-07-11 01:33:55', '1b27ae7e-e7cd-4713-a506-ebe26f663141'),
 ('4', 'Minimee', '0.9.3', NULL, NULL, 'unknown', '1', NULL, '2016-05-11 21:00:22', '2016-05-11 21:00:22', '2016-07-11 01:33:55', '400fc21a-1ae9-46ba-93f9-62c22e6047e4'),
 ('5', 'Typogrify', '1.0', NULL, NULL, 'unknown', '1', NULL, '2016-05-11 21:00:26', '2016-05-11 21:00:26', '2016-07-11 01:33:55', '3a4f6365-3be2-4e85-981f-755bda0100ff'),
 ('7', 'Inlin', '1.1', NULL, NULL, 'unknown', '1', NULL, '2016-05-17 23:24:56', '2016-05-17 23:24:56', '2016-07-11 01:33:55', 'c9f17321-a0b0-43e6-83d4-6e1cea68a29c'),
 ('8', 'Neo', '1.3.3', '1.2.0', NULL, 'unknown', '1', NULL, '2016-05-17 23:25:01', '2016-05-17 23:25:01', '2016-07-11 01:33:55', '848fd33e-f260-4741-a522-c0494d6f5dc5'),
 ('9', 'Relabel', '0.1.3', '1.0.0', NULL, 'unknown', '1', NULL, '2016-05-17 23:25:04', '2016-05-17 23:25:04', '2016-07-11 01:33:55', 'd5eed2fa-4c22-4c3f-803f-75a66d374b7b'),
 ('10', 'TableMaker', '1.0', NULL, NULL, 'unknown', '1', NULL, '2016-05-20 05:10:23', '2016-05-20 05:10:23', '2016-07-11 01:33:55', '400cd8b8-de46-4ba4-9a68-e891a853f95a'),
 ('11', 'ListingSection', '1.0', NULL, NULL, 'unknown', '1', NULL, '2016-06-25 23:38:11', '2016-06-25 23:38:11', '2016-07-11 01:33:55', '7dc55929-daaf-4263-9daf-0501b372c894');



DROP TABLE IF EXISTS `craft_rackspaceaccess`;


--
-- Schema for table `craft_rackspaceaccess`
--
CREATE TABLE `craft_rackspaceaccess` (
  `id` int(11) NOT NULL AUTO_INCREMENT,
  `connectionKey` varchar(255) COLLATE utf8_unicode_ci NOT NULL,
  `token` varchar(255) COLLATE utf8_unicode_ci NOT NULL,
  `storageUrl` varchar(255) COLLATE utf8_unicode_ci NOT NULL,
  `cdnUrl` varchar(255) COLLATE utf8_unicode_ci NOT NULL,
  `dateCreated` datetime NOT NULL,
  `dateUpdated` datetime NOT NULL,
  `uid` char(36) COLLATE utf8_unicode_ci NOT NULL DEFAULT '0',
  PRIMARY KEY (`id`),
  UNIQUE KEY `craft_rackspaceaccess_connectionKey_unq_idx` (`connectionKey`)
) ENGINE=InnoDB DEFAULT CHARSET=utf8 COLLATE=utf8_unicode_ci;

DROP TABLE IF EXISTS `craft_relabel`;


--
-- Schema for table `craft_relabel`
--
CREATE TABLE `craft_relabel` (
  `id` int(11) NOT NULL AUTO_INCREMENT,
  `fieldId` int(11) DEFAULT NULL,
  `fieldLayoutId` int(11) DEFAULT NULL,
  `name` varchar(255) COLLATE utf8_unicode_ci DEFAULT NULL,
  `instructions` varchar(255) COLLATE utf8_unicode_ci DEFAULT NULL,
  `dateCreated` datetime NOT NULL,
  `dateUpdated` datetime NOT NULL,
  `uid` char(36) COLLATE utf8_unicode_ci NOT NULL DEFAULT '0',
  PRIMARY KEY (`id`),
  KEY `craft_relabel_fieldId_fk` (`fieldId`),
  KEY `craft_relabel_fieldLayoutId_fk` (`fieldLayoutId`)
) ENGINE=InnoDB AUTO_INCREMENT=383 DEFAULT CHARSET=utf8 COLLATE=utf8_unicode_ci;

--
-- Data for table `craft_relabel`
--

INSERT INTO `craft_relabel` (`id`, `fieldId`, `fieldLayoutId`, `name`, `instructions`, `dateCreated`, `dateUpdated`, `uid`) VALUES
 ('30', '98', '133', 'Site logo', NULL, '2016-05-20 06:11:54', '2016-05-20 06:11:54', 'ac5745b7-112f-4372-81db-f08f5856e1b2'),
 ('31', '51', '133', 'Copyright message', NULL, '2016-05-20 06:11:54', '2016-05-20 06:11:54', '884a5526-1bf7-4964-b5d3-2f5741122708'),
 ('180', '97', '382', 'Form ID', NULL, '2016-05-22 16:48:36', '2016-05-22 16:48:36', 'b7712648-615f-4f97-9431-02a50421a6f0'),
 ('181', '118', '382', 'Submit button text', NULL, '2016-05-22 16:48:36', '2016-05-22 16:48:36', 'a075a558-c7eb-4e17-bb66-f2b6694223d8'),
 ('182', '97', '384', 'ID', NULL, '2016-05-22 16:48:36', '2016-05-22 16:48:36', '0426057c-7a5e-44b9-a9b4-1a436ef36a5d'),
 ('183', '97', '385', 'ID', NULL, '2016-05-22 16:48:36', '2016-05-22 16:48:36', '2cb03efe-9d4e-47c9-8281-f4f08502ca1b'),
 ('184', '97', '386', 'ID', NULL, '2016-05-22 16:48:36', '2016-05-22 16:48:36', 'fac09261-c7f4-4765-b855-46c8c85aa9d8'),
 ('185', '97', '387', 'ID', NULL, '2016-05-22 16:48:36', '2016-05-22 16:48:36', 'd2b474d2-0e9d-4cdf-b2f5-2dd3898fa4a4'),
 ('186', '118', '387', 'Button text', NULL, '2016-05-22 16:48:36', '2016-05-22 16:48:36', 'c1add170-8cee-4237-a685-56b08bc39de2'),
 ('370', '98', '614', 'Background image', NULL, '2016-07-08 01:37:29', '2016-07-08 01:37:29', 'fa8a9467-6d69-486b-b0cf-e8d2524de931'),
 ('371', '118', '617', 'Button text', NULL, '2016-07-08 01:37:29', '2016-07-08 01:37:29', 'd07ede78-e468-4fb1-b363-7a1e5a2502d3'),
 ('372', '48', '617', 'Button destination', NULL, '2016-07-08 01:37:29', '2016-07-08 01:37:29', '1afc56f2-83b1-4698-88fa-72ea52fc4a4b'),
 ('373', '48', '618', 'Link', NULL, '2016-07-08 01:37:29', '2016-07-08 01:37:29', 'ae95dc64-48b0-4f68-8b7f-d28132eba0f9'),
 ('374', '94', '623', 'Snippet', NULL, '2016-07-08 01:37:29', '2016-07-08 01:37:29', '3a0c3869-c9e5-4cf5-afcf-db4c558735cc'),
 ('375', '95', '625', 'Form colour', NULL, '2016-07-08 01:37:29', '2016-07-08 01:37:29', '30af7971-dd1a-4401-85d0-9be398a90221'),
 ('376', '97', '625', 'ID', 'The form ID', '2016-07-08 01:37:29', '2016-07-08 01:37:29', '601d2339-042b-4fab-9021-4ad9b40b9d95'),
 ('377', '92', '625', 'Custom form colour', NULL, '2016-07-08 01:37:29', '2016-07-08 01:37:29', '3997c8f0-e118-4136-bcfe-07abb7ba7eff'),
 ('378', '94', '625', 'Form text', NULL, '2016-07-08 01:37:29', '2016-07-08 01:37:29', '9b8e76eb-b5ac-4708-9800-031a1a62a913'),
 ('379', '125', '625', 'Submit button colour', NULL, '2016-07-08 01:37:29', '2016-07-08 01:37:29', '7826367c-8252-4185-95e7-4a658343b4ed'),
 ('380', '118', '625', 'Submit button text', NULL, '2016-07-08 01:37:29', '2016-07-08 01:37:29', 'd52b0c00-319d-498d-be05-6bbff46ac930'),
 ('381', '97', '626', 'ID', NULL, '2016-07-08 01:37:29', '2016-07-08 01:37:29', '4c1fd48c-6ad6-4d56-bfcc-25b49c538726'),
 ('382', '97', '627', 'ID', NULL, '2016-07-08 01:37:29', '2016-07-08 01:37:29', '7321538d-c00f-42c1-a331-f7f1eebd1990');



DROP TABLE IF EXISTS `craft_relations`;


--
-- Schema for table `craft_relations`
--
CREATE TABLE `craft_relations` (
  `id` int(11) NOT NULL AUTO_INCREMENT,
  `fieldId` int(11) NOT NULL,
  `sourceId` int(11) NOT NULL,
  `sourceLocale` char(12) COLLATE utf8_unicode_ci DEFAULT NULL,
  `targetId` int(11) NOT NULL,
  `sortOrder` smallint(6) DEFAULT NULL,
  `dateCreated` datetime NOT NULL,
  `dateUpdated` datetime NOT NULL,
  `uid` char(36) COLLATE utf8_unicode_ci NOT NULL DEFAULT '0',
  PRIMARY KEY (`id`),
  UNIQUE KEY `craft_relations_fieldId_sourceId_sourceLocale_targetId_unq_idx` (`fieldId`,`sourceId`,`sourceLocale`,`targetId`),
  KEY `craft_relations_sourceId_fk` (`sourceId`),
  KEY `craft_relations_sourceLocale_fk` (`sourceLocale`),
  KEY `craft_relations_targetId_fk` (`targetId`)
) ENGINE=InnoDB AUTO_INCREMENT=2 DEFAULT CHARSET=utf8 COLLATE=utf8_unicode_ci;

--
-- Data for table `craft_relations`
--

INSERT INTO `craft_relations` (`id`, `fieldId`, `sourceId`, `sourceLocale`, `targetId`, `sortOrder`, `dateCreated`, `dateUpdated`, `uid`) VALUES
 ('1', '98', '108', NULL, '101', '1', '2016-07-07 21:46:43', '2016-07-07 21:46:43', 'f2c0e83a-01aa-41f0-9ad1-823e57bdb5f2');



DROP TABLE IF EXISTS `craft_routes`;


--
-- Schema for table `craft_routes`
--
CREATE TABLE `craft_routes` (
  `id` int(11) NOT NULL AUTO_INCREMENT,
  `locale` char(12) COLLATE utf8_unicode_ci DEFAULT NULL,
  `urlParts` varchar(255) COLLATE utf8_unicode_ci NOT NULL,
  `urlPattern` varchar(255) COLLATE utf8_unicode_ci NOT NULL,
  `template` varchar(255) COLLATE utf8_unicode_ci NOT NULL,
  `sortOrder` smallint(6) unsigned DEFAULT NULL,
  `dateCreated` datetime NOT NULL,
  `dateUpdated` datetime NOT NULL,
  `uid` char(36) COLLATE utf8_unicode_ci NOT NULL DEFAULT '0',
  PRIMARY KEY (`id`),
  UNIQUE KEY `craft_routes_urlPattern_unq_idx` (`urlPattern`),
  KEY `craft_routes_locale_idx` (`locale`)
) ENGINE=InnoDB DEFAULT CHARSET=utf8 COLLATE=utf8_unicode_ci;

DROP TABLE IF EXISTS `craft_searchindex`;


--
-- Schema for table `craft_searchindex`
--
CREATE TABLE `craft_searchindex` (
  `elementId` int(11) NOT NULL,
  `attribute` varchar(25) COLLATE utf8_unicode_ci NOT NULL,
  `fieldId` int(11) NOT NULL,
  `locale` char(12) COLLATE utf8_unicode_ci NOT NULL,
  `keywords` text COLLATE utf8_unicode_ci NOT NULL,
  PRIMARY KEY (`elementId`,`attribute`,`fieldId`,`locale`),
  FULLTEXT KEY `craft_searchindex_keywords_idx` (`keywords`)
) ENGINE=MyISAM DEFAULT CHARSET=utf8 COLLATE=utf8_unicode_ci;

--
-- Data for table `craft_searchindex`
--

INSERT INTO `craft_searchindex` (`elementId`, `attribute`, `fieldId`, `locale`, `keywords`) VALUES
 ('1', 'username', '0', 'en_us', ' admin '),
 ('1', 'firstname', '0', 'en_us', ''),
 ('1', 'lastname', '0', 'en_us', ''),
 ('1', 'fullname', '0', 'en_us', ''),
 ('1', 'email', '0', 'en_us', ' help louderthanten com '),
 ('1', 'slug', '0', 'en_us', ''),
 ('2', 'field', '1', 'en_us', ''),
 ('2', 'slug', '0', 'en_us', ' homepage '),
 ('2', 'title', '0', 'en_us', ' home '),
 ('8', 'slug', '0', 'en_us', ''),
 ('8', 'field', '57', 'en_us', ''),
 ('74', 'field', '94', 'en_us', ' text '),
 ('74', 'field', '93', 'en_us', ' 1 '),
 ('74', 'field', '88', 'en_us', ' c3x2 '),
 ('16', 'field', '92', 'en_us', ' 000000 '),
 ('15', 'slug', '0', 'en_us', ''),
 ('14', 'slug', '0', 'en_us', ''),
 ('14', 'field', '91', 'en_us', ''),
 ('41', 'field', '92', 'en_us', ' 000000 '),
 ('2', 'field', '3', 'en_us', ''),
 ('2', 'field', '106', 'en_us', ' 0 leftbottom transparent 000000 standardrule 0 0 standard invisible full 0 leftbottom transparent standardrule 0 left 1 standard invisible your live wires playground today we stop making trash and instead start building living breathing beauties that will look and act the way they were imagined good stuff you ve downloaded and set up live wires successfully on your machine here s how it works live wires is a platform agnostic design framework made with sass that allows you to create responsive grey box wireframes and prototypes in html scss you can keep all your code without needing to create static mock ups or other deliverables you end up throwing away c3x2 0 leftbottom transparent standardrule 0 left 1 standard invisible recommended workflow step one begin by creating your low fidelity wireframes right here this page will act as the index or home page of your project feel free to delete or overwrite the content on this page with your own step two use the linked style guide guide to style your elements components and modules step three refine your templates and share with your team or clients as fully responsive high fidelity prototypes c3 0 leftbottom reverse 000000 standardrule 0 0 standard invisible full 0 leftbottom transparent standardrule 0 left 1 standard invisible support submit your bug reports pull requests and questions to github https github com louderthanten livewires issues c2 0 leftbottom transparent standardrule 0 left 1 standard invisible about follow us on twitter http twitter com louderthanten and stay tuned for more detailed video how tos about this design workflow live wires is built by louder than ten https louderthanten com c2 '),
 ('2', 'field', '22', 'en_us', ' 000000 reverse center content it s true this site doesn t have a whole lot of content yet but don t worry our web developers have just installed the cms and they re setting things up for the content editors this very moment soon editorial dev will be an oasis of fresh perspectives sharp analyses and astute opinions that will keep you coming back again and again 0 '),
 ('75', 'field', '102', 'en_us', ' left '),
 ('26', 'field', '91', 'en_us', ''),
 ('26', 'field', '99', 'en_us', ' standard '),
 ('26', 'field', '98', 'en_us', ''),
 ('26', 'field', '92', 'en_us', ' 000000 '),
 ('26', 'field', '95', 'en_us', ' transparent '),
 ('2', 'field', '55', 'en_us', ' louder than ten '),
 ('2', 'field', '56', 'en_us', ' editorial system '),
 ('17', 'field', '94', 'en_us', ' another piece of text '),
 ('16', 'slug', '0', 'en_us', ''),
 ('16', 'field', '97', 'en_us', ''),
 ('13', 'field', '97', 'en_us', ''),
 ('13', 'slug', '0', 'en_us', ''),
 ('14', 'field', '94', 'en_us', ' test text '),
 ('14', 'field', '93', 'en_us', ' 1 '),
 ('14', 'field', '88', 'en_us', ' full '),
 ('14', 'field', '89', 'en_us', ''),
 ('14', 'field', '90', 'en_us', ''),
 ('14', 'field', '102', 'en_us', ' left '),
 ('13', 'field', '91', 'en_us', ''),
 ('13', 'field', '99', 'en_us', ' standard '),
 ('13', 'field', '98', 'en_us', ''),
 ('16', 'field', '95', 'en_us', ' reverse '),
 ('13', 'field', '92', 'en_us', ' 000000 '),
 ('13', 'field', '95', 'en_us', ' transparent '),
 ('15', 'field', '104', 'en_us', ' standardrule '),
 ('75', 'field', '91', 'en_us', ''),
 ('16', 'field', '91', 'en_us', ''),
 ('16', 'field', '99', 'en_us', ' standard '),
 ('16', 'field', '98', 'en_us', ''),
 ('15', 'field', '88', 'en_us', ' full '),
 ('15', 'field', '89', 'en_us', ''),
 ('15', 'field', '90', 'en_us', ''),
 ('15', 'field', '91', 'en_us', ''),
 ('41', 'field', '91', 'en_us', ''),
 ('71', 'slug', '0', 'en_us', ''),
 ('97', 'filename', '0', 'en_us', ' apple touch icon precomposed png '),
 ('73', 'field', '95', 'en_us', ' blue '),
 ('73', 'field', '98', 'en_us', ''),
 ('73', 'field', '99', 'en_us', ' standard '),
 ('73', 'field', '92', 'en_us', ' 000000 '),
 ('73', 'field', '91', 'en_us', ''),
 ('73', 'field', '97', 'en_us', ''),
 ('73', 'slug', '0', 'en_us', ''),
 ('17', 'field', '93', 'en_us', ' 1 '),
 ('17', 'field', '88', 'en_us', ' c3x2 '),
 ('17', 'field', '89', 'en_us', ' pl3 '),
 ('17', 'field', '90', 'en_us', ''),
 ('17', 'field', '102', 'en_us', ' left '),
 ('17', 'field', '91', 'en_us', ''),
 ('17', 'slug', '0', 'en_us', ''),
 ('18', 'field', '94', 'en_us', ' some text '),
 ('18', 'field', '101', 'en_us', ' externalquote '),
 ('18', 'field', '88', 'en_us', ' c5x3 '),
 ('18', 'field', '89', 'en_us', ''),
 ('18', 'field', '90', 'en_us', ''),
 ('18', 'field', '102', 'en_us', ' left '),
 ('18', 'field', '91', 'en_us', ''),
 ('18', 'slug', '0', 'en_us', ''),
 ('77', 'field', '91', 'en_us', ''),
 ('77', 'field', '97', 'en_us', ''),
 ('75', 'field', '92', 'en_us', ' 000000 '),
 ('41', 'field', '99', 'en_us', ' standard '),
 ('77', 'slug', '0', 'en_us', ''),
 ('41', 'slug', '0', 'en_us', ''),
 ('42', 'field', '98', 'en_us', ''),
 ('42', 'field', '94', 'en_us', ' some text '),
 ('42', 'field', '93', 'en_us', ' 1 '),
 ('42', 'field', '95', 'en_us', ' transparent '),
 ('42', 'field', '92', 'en_us', ' 000000 '),
 ('42', 'field', '88', 'en_us', ' full '),
 ('42', 'field', '89', 'en_us', ''),
 ('42', 'field', '90', 'en_us', ''),
 ('42', 'field', '102', 'en_us', ' left '),
 ('42', 'field', '91', 'en_us', ''),
 ('42', 'slug', '0', 'en_us', ''),
 ('78', 'field', '94', 'en_us', ' donec id elit non mi porta gravida at eget metus duis mollis est non commodo luctus nisi erat porttitor ligula eget lacinia odio sem nec elit morbi leo risus porta ac consectetur ac vestibulum at eros nulla vitae elit libero a pharetra augue nullam quis risus eget urna mollis ornare vel eu leo cras justo odio dapibus ac facilisis in egestas eget quam nullam quis risus eget urna mollis ornare vel eu leo vivamus sagittis lacus vel augue laoreet rutrum faucibus dolor auctor cum sociis natoque penatibus et magnis dis parturient montes nascetur ridiculus mus vestibulum id ligula porta felis euismod semper donec sed odio dui nulla vitae elit libero a pharetra augue vivamus sagittis lacus vel augue laoreet rutrum faucibus dolor auctor morbi leo risus porta ac consectetur ac vestibulum at eros morbi leo risus porta ac consectetur ac vestibulum at eros '),
 ('20', 'field', '95', 'en_us', ' transparent ');
INSERT INTO `craft_searchindex` (`elementId`, `attribute`, `fieldId`, `locale`, `keywords`) VALUES
 ('20', 'field', '92', 'en_us', ' 000000 '),
 ('20', 'field', '98', 'en_us', ''),
 ('20', 'field', '99', 'en_us', ' standard '),
 ('20', 'field', '91', 'en_us', ''),
 ('20', 'field', '97', 'en_us', ''),
 ('20', 'slug', '0', 'en_us', ''),
 ('21', 'field', '94', 'en_us', ' here s a subsection in a row asdfasdfa sdflk asdfl kjasd fl kjads lfkjadsl fk jasd lkf jasd lkf jads lk fjasd lk fjads lk fjasd lkf jasd lkfj asd lkjf a sldkjf sd alkj f dlsakj fasd lkfj sdlknf asdlkjnf alkjf a lsdkjf alsdkj fa sldkj fas dlkjf as lkj fdasl k f '),
 ('21', 'field', '93', 'en_us', ' 1 '),
 ('21', 'field', '88', 'en_us', ' c2 '),
 ('21', 'field', '89', 'en_us', ' pl6 '),
 ('21', 'field', '90', 'en_us', ''),
 ('21', 'field', '102', 'en_us', ' left '),
 ('21', 'field', '91', 'en_us', ''),
 ('21', 'slug', '0', 'en_us', ''),
 ('22', 'field', '98', 'en_us', ''),
 ('22', 'field', '94', 'en_us', ' this is a callout adsf asdf asdf asdf asd asdf asdf asdf asdf asdf asdf asdf asd '),
 ('22', 'field', '93', 'en_us', ' 1 '),
 ('22', 'field', '95', 'en_us', ' reverse '),
 ('22', 'field', '92', 'en_us', ' 000000 '),
 ('22', 'field', '88', 'en_us', ' c3 '),
 ('22', 'field', '89', 'en_us', ''),
 ('22', 'field', '90', 'en_us', ''),
 ('22', 'field', '102', 'en_us', ' right '),
 ('22', 'field', '91', 'en_us', ''),
 ('22', 'slug', '0', 'en_us', ''),
 ('23', 'field', '95', 'en_us', ' reverse '),
 ('23', 'field', '92', 'en_us', ' 000000 '),
 ('23', 'field', '98', 'en_us', ''),
 ('23', 'field', '99', 'en_us', ' row tight '),
 ('23', 'field', '91', 'en_us', ''),
 ('23', 'field', '97', 'en_us', ''),
 ('23', 'slug', '0', 'en_us', ''),
 ('25', 'field', '90', 'en_us', ''),
 ('25', 'field', '89', 'en_us', ' pl3 '),
 ('25', 'field', '88', 'en_us', ' c3x2 '),
 ('25', 'field', '93', 'en_us', ' 1 '),
 ('25', 'field', '94', 'en_us', ' more test '),
 ('25', 'field', '102', 'en_us', ' left '),
 ('25', 'field', '91', 'en_us', ''),
 ('25', 'slug', '0', 'en_us', ''),
 ('41', 'field', '97', 'en_us', ''),
 ('41', 'field', '98', 'en_us', ''),
 ('71', 'field', '91', 'en_us', ''),
 ('41', 'field', '95', 'en_us', ' transparent '),
 ('8', 'field', '98', 'en_us', ''),
 ('8', 'field', '51', 'en_us', ' louder than ten rapidly built with live wires http www livewires io '),
 ('26', 'field', '97', 'en_us', ''),
 ('26', 'slug', '0', 'en_us', ''),
 ('27', 'field', '94', 'en_us', ' your live wires playground today we stop making trash and instead start building living breathing beauties that will look and act the way they were imagined good stuff you ve downloaded and set up live wires successfully on your machine here s how it works live wires is a platform agnostic design framework made with sass that allows you to create responsive grey box wireframes and prototypes in html scss you can keep all your code without needing to create static mock ups or other deliverables you end up throwing away '),
 ('27', 'field', '93', 'en_us', ' 1 '),
 ('27', 'field', '88', 'en_us', ' c3x2 '),
 ('27', 'field', '89', 'en_us', ''),
 ('27', 'field', '90', 'en_us', ''),
 ('27', 'field', '102', 'en_us', ' left '),
 ('27', 'field', '91', 'en_us', ''),
 ('27', 'slug', '0', 'en_us', ''),
 ('28', 'field', '94', 'en_us', ' recommended workflow step one begin by creating your low fidelity wireframes right here this page will act as the index or home page of your project feel free to delete or overwrite the content on this page with your own step two use the linked style guide guide to style your elements components and modules step three refine your templates and share with your team or clients as fully responsive high fidelity prototypes '),
 ('28', 'field', '93', 'en_us', ' 1 '),
 ('28', 'field', '88', 'en_us', ' c3 '),
 ('28', 'field', '89', 'en_us', ''),
 ('28', 'field', '90', 'en_us', ''),
 ('28', 'field', '102', 'en_us', ' left '),
 ('28', 'field', '91', 'en_us', ''),
 ('28', 'slug', '0', 'en_us', ''),
 ('29', 'field', '95', 'en_us', ' reverse '),
 ('29', 'field', '92', 'en_us', ' 000000 '),
 ('29', 'field', '98', 'en_us', ''),
 ('29', 'field', '99', 'en_us', ' standard '),
 ('29', 'field', '91', 'en_us', ''),
 ('29', 'field', '97', 'en_us', ''),
 ('29', 'slug', '0', 'en_us', ''),
 ('30', 'field', '94', 'en_us', ' support submit your bug reports pull requests and questions to github https github com louderthanten livewires issues '),
 ('30', 'field', '93', 'en_us', ' 1 '),
 ('30', 'field', '88', 'en_us', ' c2 '),
 ('30', 'field', '89', 'en_us', ''),
 ('30', 'field', '90', 'en_us', ''),
 ('30', 'field', '102', 'en_us', ' left '),
 ('30', 'field', '91', 'en_us', ''),
 ('30', 'slug', '0', 'en_us', ''),
 ('31', 'field', '94', 'en_us', ' about follow us on twitter http twitter com louderthanten and stay tuned for more detailed video how tos about this design workflow live wires is built by louder than ten https louderthanten com '),
 ('31', 'field', '93', 'en_us', ' 1 '),
 ('31', 'field', '88', 'en_us', ' c2 '),
 ('31', 'field', '89', 'en_us', ''),
 ('31', 'field', '90', 'en_us', ''),
 ('31', 'field', '102', 'en_us', ' left '),
 ('31', 'field', '91', 'en_us', ''),
 ('31', 'slug', '0', 'en_us', ''),
 ('8', 'field', '109', 'en_us', ' 0 '),
 ('75', 'slug', '0', 'en_us', ''),
 ('77', 'field', '92', 'en_us', ' 000000 '),
 ('74', 'slug', '0', 'en_us', ''),
 ('75', 'field', '98', 'en_us', ''),
 ('75', 'field', '94', 'en_us', ' text '),
 ('75', 'field', '93', 'en_us', ' 1 '),
 ('75', 'field', '95', 'en_us', ' transparent '),
 ('75', 'field', '88', 'en_us', ' c3 '),
 ('71', 'field', '102', 'en_us', ' left '),
 ('71', 'field', '90', 'en_us', ''),
 ('71', 'field', '88', 'en_us', ' full '),
 ('71', 'field', '89', 'en_us', '');
INSERT INTO `craft_searchindex` (`elementId`, `attribute`, `fieldId`, `locale`, `keywords`) VALUES
 ('97', 'kind', '0', 'en_us', ' image '),
 ('95', 'field', '90', 'en_us', ''),
 ('95', 'field', '91', 'en_us', ''),
 ('95', 'slug', '0', 'en_us', ''),
 ('96', 'field', '94', 'en_us', ' some more text '),
 ('46', 'field', '95', 'en_us', ' transparent '),
 ('46', 'field', '92', 'en_us', ' 000000 '),
 ('46', 'field', '98', 'en_us', ''),
 ('46', 'field', '99', 'en_us', ' standard '),
 ('46', 'field', '91', 'en_us', ''),
 ('46', 'field', '97', 'en_us', ''),
 ('46', 'slug', '0', 'en_us', ''),
 ('47', 'field', '97', 'en_us', ''),
 ('47', 'field', '120', 'en_us', ''),
 ('47', 'field', '116', 'en_us', ''),
 ('47', 'field', '117', 'en_us', ''),
 ('47', 'field', '118', 'en_us', ''),
 ('47', 'field', '122', 'en_us', ''),
 ('47', 'field', '88', 'en_us', ' full '),
 ('47', 'field', '89', 'en_us', ''),
 ('47', 'field', '90', 'en_us', ''),
 ('47', 'field', '102', 'en_us', ' left '),
 ('47', 'field', '91', 'en_us', ''),
 ('47', 'slug', '0', 'en_us', ''),
 ('75', 'field', '89', 'en_us', ''),
 ('75', 'field', '90', 'en_us', ''),
 ('74', 'field', '89', 'en_us', ''),
 ('74', 'field', '90', 'en_us', ''),
 ('74', 'field', '102', 'en_us', ' left '),
 ('74', 'field', '91', 'en_us', ''),
 ('64', 'field', '117', 'en_us', ''),
 ('64', 'field', '118', 'en_us', ' getin in touch '),
 ('64', 'field', '125', 'en_us', ' blue '),
 ('50', 'field', '124', 'en_us', ' name '),
 ('50', 'field', '112', 'en_us', ' name '),
 ('50', 'field', '97', 'en_us', ''),
 ('50', 'field', '118', 'en_us', ''),
 ('50', 'field', '113', 'en_us', ' text '),
 ('50', 'field', '115', 'en_us', ' 1 '),
 ('50', 'field', '121', 'en_us', ' please enter your name '),
 ('50', 'field', '88', 'en_us', ' full '),
 ('50', 'field', '91', 'en_us', ''),
 ('50', 'slug', '0', 'en_us', ''),
 ('51', 'field', '124', 'en_us', ' email '),
 ('51', 'field', '112', 'en_us', ' email '),
 ('51', 'field', '97', 'en_us', ''),
 ('51', 'field', '118', 'en_us', ''),
 ('51', 'field', '113', 'en_us', ' email '),
 ('51', 'field', '115', 'en_us', ' 1 '),
 ('51', 'field', '121', 'en_us', ' enter a valid email address '),
 ('51', 'field', '88', 'en_us', ' full '),
 ('51', 'field', '91', 'en_us', ''),
 ('51', 'slug', '0', 'en_us', ''),
 ('70', 'field', '95', 'en_us', ' reverse '),
 ('70', 'field', '98', 'en_us', ''),
 ('64', 'field', '122', 'en_us', ''),
 ('70', 'field', '99', 'en_us', ' standard '),
 ('70', 'field', '92', 'en_us', ' 000000 '),
 ('70', 'field', '91', 'en_us', ''),
 ('70', 'field', '97', 'en_us', ''),
 ('70', 'slug', '0', 'en_us', ''),
 ('71', 'field', '94', 'en_us', ' text code here we are '),
 ('71', 'field', '93', 'en_us', ' 1 '),
 ('64', 'field', '95', 'en_us', ' reverse '),
 ('64', 'field', '92', 'en_us', ' 000000 '),
 ('95', 'field', '89', 'en_us', ''),
 ('67', 'field', '111', 'en_us', ' your emailhere com '),
 ('68', 'slug', '0', 'en_us', ''),
 ('68', 'field', '91', 'en_us', ''),
 ('68', 'field', '97', 'en_us', ''),
 ('68', 'field', '112', 'en_us', ''),
 ('68', 'field', '88', 'en_us', ' full '),
 ('68', 'field', '115', 'en_us', ' 1 '),
 ('68', 'field', '126', 'en_us', ' normal '),
 ('68', 'field', '119', 'en_us', ' checkbox '),
 ('68', 'field', '114', 'en_us', ' i agree to the terms and conditions agree 1 i agree to the terms and conditions agree 1 '),
 ('68', 'field', '124', 'en_us', ''),
 ('67', 'slug', '0', 'en_us', ''),
 ('67', 'field', '91', 'en_us', ''),
 ('67', 'field', '121', 'en_us', ''),
 ('67', 'field', '118', 'en_us', ''),
 ('67', 'field', '97', 'en_us', ''),
 ('67', 'field', '112', 'en_us', ''),
 ('67', 'field', '88', 'en_us', ' full '),
 ('67', 'field', '115', 'en_us', ' 1 '),
 ('67', 'field', '124', 'en_us', ' email '),
 ('97', 'extension', '0', 'en_us', ' png '),
 ('77', 'field', '98', 'en_us', ''),
 ('64', 'field', '116', 'en_us', ''),
 ('67', 'field', '113', 'en_us', ' email '),
 ('95', 'field', '88', 'en_us', ' full '),
 ('77', 'field', '95', 'en_us', ' transparent '),
 ('64', 'field', '94', 'en_us', ' contact '),
 ('65', 'field', '111', 'en_us', ' eg bobby bower '),
 ('64', 'field', '97', 'en_us', ''),
 ('77', 'field', '99', 'en_us', ' standard '),
 ('64', 'field', '88', 'en_us', ' c5x3 '),
 ('64', 'field', '89', 'en_us', ''),
 ('64', 'field', '90', 'en_us', ''),
 ('64', 'field', '102', 'en_us', ' left ');
INSERT INTO `craft_searchindex` (`elementId`, `attribute`, `fieldId`, `locale`, `keywords`) VALUES
 ('64', 'field', '91', 'en_us', ''),
 ('64', 'slug', '0', 'en_us', ''),
 ('65', 'field', '124', 'en_us', ' name '),
 ('65', 'field', '112', 'en_us', ''),
 ('65', 'field', '97', 'en_us', ''),
 ('65', 'field', '118', 'en_us', ''),
 ('65', 'field', '113', 'en_us', ' text '),
 ('65', 'field', '115', 'en_us', ' 0 '),
 ('65', 'field', '121', 'en_us', ''),
 ('65', 'field', '88', 'en_us', ' full '),
 ('65', 'field', '91', 'en_us', ''),
 ('65', 'slug', '0', 'en_us', ''),
 ('66', 'field', '98', 'en_us', ''),
 ('66', 'field', '94', 'en_us', ' contact info 123 address '),
 ('66', 'field', '93', 'en_us', ' 1 '),
 ('66', 'field', '95', 'en_us', ' subtle '),
 ('66', 'field', '92', 'en_us', ' 000000 '),
 ('66', 'field', '88', 'en_us', ' c5x2 '),
 ('66', 'field', '89', 'en_us', ''),
 ('66', 'field', '90', 'en_us', ''),
 ('66', 'field', '102', 'en_us', ' right '),
 ('66', 'field', '91', 'en_us', ''),
 ('66', 'slug', '0', 'en_us', ''),
 ('78', 'field', '93', 'en_us', ' 1 '),
 ('78', 'field', '88', 'en_us', ' full '),
 ('78', 'field', '89', 'en_us', ''),
 ('78', 'field', '90', 'en_us', ''),
 ('78', 'field', '102', 'en_us', ' left '),
 ('78', 'field', '91', 'en_us', ''),
 ('78', 'slug', '0', 'en_us', ''),
 ('96', 'field', '93', 'en_us', ' 1 '),
 ('96', 'field', '88', 'en_us', ' full '),
 ('96', 'field', '89', 'en_us', ''),
 ('96', 'field', '90', 'en_us', ''),
 ('96', 'field', '102', 'en_us', ' left '),
 ('96', 'field', '91', 'en_us', ''),
 ('96', 'slug', '0', 'en_us', ''),
 ('90', 'field', '106', 'en_us', ''),
 ('90', 'field', '123', 'en_us', ''),
 ('91', 'field', '106', 'en_us', ''),
 ('91', 'field', '123', 'en_us', ''),
 ('92', 'field', '106', 'en_us', ''),
 ('92', 'field', '123', 'en_us', ''),
 ('93', 'field', '106', 'en_us', ''),
 ('93', 'field', '123', 'en_us', ''),
 ('94', 'field', '106', 'en_us', ''),
 ('94', 'field', '123', 'en_us', ''),
 ('97', 'slug', '0', 'en_us', ' apple touch icon precomposed '),
 ('97', 'title', '0', 'en_us', ' apple touch icon precomposed '),
 ('98', 'field', '43', 'en_us', ''),
 ('98', 'field', '44', 'en_us', ''),
 ('98', 'field', '45', 'en_us', ''),
 ('77', 'field', '106', 'en_us', ''),
 ('77', 'field', '123', 'en_us', ''),
 ('78', 'field', '106', 'en_us', ''),
 ('78', 'field', '123', 'en_us', ''),
 ('95', 'field', '104', 'en_us', ' rule hairline '),
 ('92', 'field', '89', 'en_us', ''),
 ('92', 'field', '88', 'en_us', ' full '),
 ('92', 'field', '48', 'en_us', ''),
 ('80', 'field', '95', 'en_us', ' transparent '),
 ('80', 'field', '98', 'en_us', ''),
 ('80', 'field', '99', 'en_us', ' standard '),
 ('80', 'field', '92', 'en_us', ' 000000 '),
 ('80', 'field', '91', 'en_us', ''),
 ('80', 'field', '97', 'en_us', ''),
 ('80', 'slug', '0', 'en_us', ''),
 ('81', 'field', '94', 'en_us', ' donec id elit non mi porta gravida at eget metus duis mollis est non commodo luctus nisi erat porttitor ligula eget lacinia odio sem nec elit morbi leo risus porta ac consectetur ac vestibulum at eros nulla vitae elit libero a pharetra augue nullam quis risus eget urna mollis ornare vel eu leo cras justo odio dapibus ac facilisis in egestas eget quam nullam quis risus eget urna mollis ornare vel eu leo vivamus sagittis lacus vel augue laoreet rutrum faucibus dolor auctor cum sociis natoque penatibus et magnis dis parturient montes nascetur ridiculus mus vestibulum id ligula porta felis euismod semper donec sed odio dui nulla vitae elit libero a pharetra augue vivamus sagittis lacus vel augue laoreet rutrum faucibus dolor auctor morbi leo risus porta ac consectetur ac vestibulum at eros morbi leo risus porta ac consectetur ac vestibulum at eros '),
 ('81', 'field', '93', 'en_us', ' 1 '),
 ('81', 'field', '88', 'en_us', ' full '),
 ('81', 'field', '89', 'en_us', ''),
 ('81', 'field', '90', 'en_us', ''),
 ('81', 'field', '102', 'en_us', ' left '),
 ('81', 'field', '91', 'en_us', ''),
 ('81', 'slug', '0', 'en_us', ''),
 ('92', 'field', '90', 'en_us', ''),
 ('92', 'field', '102', 'en_us', ' left '),
 ('92', 'field', '110', 'en_us', ''),
 ('92', 'field', '111', 'en_us', ''),
 ('92', 'field', '91', 'en_us', ''),
 ('92', 'field', '97', 'en_us', ''),
 ('92', 'slug', '0', 'en_us', ''),
 ('93', 'field', '94', 'en_us', ' here is some text in callout we re truly talking matrix now '),
 ('93', 'field', '93', 'en_us', ' 1 '),
 ('93', 'field', '88', 'en_us', ' full '),
 ('93', 'field', '89', 'en_us', ''),
 ('93', 'field', '90', 'en_us', ''),
 ('93', 'field', '102', 'en_us', ' left '),
 ('93', 'field', '91', 'en_us', ''),
 ('93', 'slug', '0', 'en_us', ''),
 ('94', 'field', '94', 'en_us', ' here is some main text '),
 ('94', 'field', '93', 'en_us', ' 1 '),
 ('94', 'field', '88', 'en_us', ' full '),
 ('94', 'field', '89', 'en_us', ''),
 ('94', 'field', '90', 'en_us', ''),
 ('94', 'field', '102', 'en_us', ' left '),
 ('94', 'field', '91', 'en_us', ''),
 ('94', 'slug', '0', 'en_us', ''),
 ('80', 'field', '106', 'en_us', ''),
 ('80', 'field', '123', 'en_us', '');
INSERT INTO `craft_searchindex` (`elementId`, `attribute`, `fieldId`, `locale`, `keywords`) VALUES
 ('81', 'field', '106', 'en_us', ''),
 ('81', 'field', '123', 'en_us', ''),
 ('92', 'field', '98', 'en_us', ' finger hole '),
 ('119', 'field', '119', 'en_us', ' select '),
 ('83', 'field', '95', 'en_us', ' transparent '),
 ('83', 'field', '98', 'en_us', ''),
 ('83', 'field', '99', 'en_us', ' standard '),
 ('83', 'field', '92', 'en_us', ' 000000 '),
 ('83', 'field', '91', 'en_us', ''),
 ('83', 'field', '97', 'en_us', ''),
 ('83', 'slug', '0', 'en_us', ''),
 ('84', 'field', '94', 'en_us', ' donec id elit non mi porta gravida at eget metus duis mollis est non commodo luctus nisi erat porttitor ligula eget lacinia odio sem nec elit morbi leo risus porta ac consectetur ac vestibulum at eros nulla vitae elit libero a pharetra augue nullam quis risus eget urna mollis ornare vel eu leo cras justo odio dapibus ac facilisis in egestas eget quam nullam quis risus eget urna mollis ornare vel eu leo vivamus sagittis lacus vel augue laoreet rutrum faucibus dolor auctor cum sociis natoque penatibus et magnis dis parturient montes nascetur ridiculus mus vestibulum id ligula porta felis euismod semper donec sed odio dui nulla vitae elit libero a pharetra augue vivamus sagittis lacus vel augue laoreet rutrum faucibus dolor auctor morbi leo risus porta ac consectetur ac vestibulum at eros morbi leo risus porta ac consectetur ac vestibulum at eros '),
 ('84', 'field', '93', 'en_us', ' 1 '),
 ('84', 'field', '88', 'en_us', ' full '),
 ('84', 'field', '89', 'en_us', ''),
 ('84', 'field', '90', 'en_us', ''),
 ('84', 'field', '102', 'en_us', ' left '),
 ('84', 'field', '91', 'en_us', ''),
 ('84', 'slug', '0', 'en_us', ''),
 ('119', 'field', '126', 'en_us', ' normal '),
 ('119', 'field', '115', 'en_us', ' 0 '),
 ('98', 'field', '48', 'en_us', ''),
 ('98', 'field', '47', 'en_us', ' 0 '),
 ('98', 'field', '46', 'en_us', ''),
 ('97', 'field', '45', 'en_us', ''),
 ('97', 'field', '46', 'en_us', ''),
 ('97', 'field', '44', 'en_us', ''),
 ('97', 'field', '43', 'en_us', ''),
 ('90', 'field', '95', 'en_us', ' subtle '),
 ('90', 'field', '98', 'en_us', ''),
 ('90', 'field', '99', 'en_us', ' standard '),
 ('90', 'field', '92', 'en_us', ' 000000 '),
 ('90', 'field', '91', 'en_us', ''),
 ('90', 'field', '97', 'en_us', ''),
 ('90', 'slug', '0', 'en_us', ''),
 ('91', 'field', '95', 'en_us', ' reverse '),
 ('91', 'field', '88', 'en_us', ' c2 '),
 ('91', 'field', '89', 'en_us', ''),
 ('91', 'field', '90', 'en_us', ''),
 ('91', 'field', '102', 'en_us', ' left '),
 ('91', 'field', '92', 'en_us', ' 000000 '),
 ('91', 'field', '91', 'en_us', ''),
 ('91', 'slug', '0', 'en_us', ''),
 ('83', 'field', '106', 'en_us', ''),
 ('83', 'field', '123', 'en_us', ''),
 ('84', 'field', '106', 'en_us', ''),
 ('84', 'field', '123', 'en_us', ''),
 ('104', 'field', '95', 'en_us', ' reverse '),
 ('104', 'field', '98', 'en_us', ''),
 ('86', 'field', '95', 'en_us', ' transparent '),
 ('86', 'field', '98', 'en_us', ''),
 ('86', 'field', '99', 'en_us', ' standard '),
 ('86', 'field', '92', 'en_us', ' 000000 '),
 ('86', 'field', '91', 'en_us', ''),
 ('86', 'field', '97', 'en_us', ''),
 ('86', 'slug', '0', 'en_us', ''),
 ('87', 'field', '94', 'en_us', ' here are some entries '),
 ('87', 'field', '93', 'en_us', ' 1 '),
 ('87', 'field', '128', 'en_us', ' news '),
 ('87', 'field', '129', 'en_us', ' 3 '),
 ('87', 'field', '95', 'en_us', ' transparent '),
 ('87', 'field', '102', 'en_us', ' left '),
 ('87', 'field', '89', 'en_us', ''),
 ('87', 'field', '90', 'en_us', ''),
 ('87', 'field', '88', 'en_us', ' full '),
 ('87', 'field', '97', 'en_us', ''),
 ('87', 'field', '91', 'en_us', ''),
 ('87', 'field', '92', 'en_us', ' 000000 '),
 ('87', 'slug', '0', 'en_us', ''),
 ('105', 'field', '94', 'en_us', ' some text '),
 ('104', 'slug', '0', 'en_us', ''),
 ('104', 'field', '97', 'en_us', ''),
 ('104', 'field', '91', 'en_us', ''),
 ('104', 'field', '92', 'en_us', ' 000000 '),
 ('104', 'field', '99', 'en_us', ' standard '),
 ('86', 'field', '106', 'en_us', ''),
 ('86', 'field', '123', 'en_us', ''),
 ('87', 'field', '106', 'en_us', ''),
 ('87', 'field', '123', 'en_us', ''),
 ('97', 'field', '47', 'en_us', ' 0 '),
 ('97', 'field', '48', 'en_us', ''),
 ('97', 'field', '49', 'en_us', ''),
 ('97', 'field', '50', 'en_us', ''),
 ('97', 'field', '51', 'en_us', ''),
 ('97', 'field', '52', 'en_us', ''),
 ('97', 'field', '53', 'en_us', ''),
 ('97', 'field', '54', 'en_us', ''),
 ('95', 'field', '106', 'en_us', ''),
 ('95', 'field', '123', 'en_us', ''),
 ('96', 'field', '106', 'en_us', ''),
 ('96', 'field', '123', 'en_us', ''),
 ('98', 'field', '49', 'en_us', ''),
 ('98', 'field', '50', 'en_us', ''),
 ('98', 'field', '51', 'en_us', ''),
 ('98', 'field', '52', 'en_us', ''),
 ('98', 'field', '53', 'en_us', ''),
 ('98', 'field', '54', 'en_us', ''),
 ('98', 'filename', '0', 'en_us', ' placeholder png '),
 ('98', 'extension', '0', 'en_us', ' png '),
 ('98', 'kind', '0', 'en_us', ' image ');
INSERT INTO `craft_searchindex` (`elementId`, `attribute`, `fieldId`, `locale`, `keywords`) VALUES
 ('98', 'slug', '0', 'en_us', ' placeholder '),
 ('98', 'title', '0', 'en_us', ' placeholder '),
 ('99', 'field', '43', 'en_us', ''),
 ('99', 'field', '44', 'en_us', ''),
 ('99', 'field', '45', 'en_us', ''),
 ('99', 'field', '46', 'en_us', ''),
 ('99', 'field', '47', 'en_us', ' 0 '),
 ('99', 'field', '48', 'en_us', ''),
 ('99', 'field', '49', 'en_us', ''),
 ('99', 'field', '50', 'en_us', ''),
 ('99', 'field', '51', 'en_us', ''),
 ('99', 'field', '52', 'en_us', ''),
 ('99', 'field', '53', 'en_us', ''),
 ('99', 'field', '54', 'en_us', ''),
 ('99', 'filename', '0', 'en_us', ' logo svg '),
 ('99', 'extension', '0', 'en_us', ' svg '),
 ('99', 'kind', '0', 'en_us', ' image '),
 ('99', 'slug', '0', 'en_us', ' logo '),
 ('99', 'title', '0', 'en_us', ' logo '),
 ('100', 'field', '43', 'en_us', ''),
 ('100', 'field', '44', 'en_us', ''),
 ('100', 'field', '45', 'en_us', ''),
 ('100', 'field', '46', 'en_us', ''),
 ('100', 'field', '47', 'en_us', ' 0 '),
 ('100', 'field', '48', 'en_us', ''),
 ('100', 'field', '49', 'en_us', ''),
 ('100', 'field', '50', 'en_us', ''),
 ('100', 'field', '51', 'en_us', ''),
 ('100', 'field', '52', 'en_us', ''),
 ('100', 'field', '53', 'en_us', ''),
 ('100', 'field', '54', 'en_us', ''),
 ('100', 'filename', '0', 'en_us', ' text png '),
 ('100', 'extension', '0', 'en_us', ' png '),
 ('100', 'kind', '0', 'en_us', ' image '),
 ('100', 'slug', '0', 'en_us', ' text '),
 ('100', 'title', '0', 'en_us', ' text '),
 ('101', 'field', '43', 'en_us', ''),
 ('101', 'field', '44', 'en_us', ''),
 ('101', 'field', '45', 'en_us', ''),
 ('101', 'field', '46', 'en_us', ''),
 ('101', 'field', '47', 'en_us', ' 0 '),
 ('101', 'field', '48', 'en_us', ''),
 ('101', 'field', '49', 'en_us', ''),
 ('101', 'field', '50', 'en_us', ''),
 ('101', 'field', '51', 'en_us', ''),
 ('101', 'field', '52', 'en_us', ''),
 ('101', 'field', '53', 'en_us', ''),
 ('101', 'field', '54', 'en_us', ''),
 ('101', 'filename', '0', 'en_us', ' logo reverse svg '),
 ('101', 'extension', '0', 'en_us', ' svg '),
 ('101', 'kind', '0', 'en_us', ' image '),
 ('101', 'slug', '0', 'en_us', ' logo reverse '),
 ('101', 'title', '0', 'en_us', ' logo reverse '),
 ('102', 'field', '43', 'en_us', ''),
 ('102', 'field', '44', 'en_us', ''),
 ('102', 'field', '45', 'en_us', ''),
 ('102', 'field', '46', 'en_us', ''),
 ('102', 'field', '47', 'en_us', ' 0 '),
 ('102', 'field', '48', 'en_us', ''),
 ('102', 'field', '49', 'en_us', ''),
 ('102', 'field', '50', 'en_us', ''),
 ('102', 'field', '51', 'en_us', ''),
 ('102', 'field', '52', 'en_us', ''),
 ('102', 'field', '53', 'en_us', ''),
 ('102', 'field', '54', 'en_us', ''),
 ('102', 'filename', '0', 'en_us', ' logo svg '),
 ('102', 'extension', '0', 'en_us', ' svg '),
 ('102', 'kind', '0', 'en_us', ' image '),
 ('102', 'slug', '0', 'en_us', ' logo '),
 ('102', 'title', '0', 'en_us', ' logo '),
 ('105', 'field', '93', 'en_us', ' 1 '),
 ('105', 'field', '88', 'en_us', ' full '),
 ('105', 'field', '89', 'en_us', ''),
 ('105', 'field', '90', 'en_us', ''),
 ('105', 'field', '102', 'en_us', ' left '),
 ('105', 'field', '91', 'en_us', ''),
 ('105', 'field', '97', 'en_us', ''),
 ('105', 'slug', '0', 'en_us', ''),
 ('110', 'field', '88', 'en_us', ' full '),
 ('109', 'field', '91', 'en_us', ''),
 ('109', 'field', '97', 'en_us', ''),
 ('109', 'slug', '0', 'en_us', ''),
 ('110', 'field', '95', 'en_us', ' subtle '),
 ('107', 'field', '94', 'en_us', ' callout texts '),
 ('107', 'field', '93', 'en_us', ' 1 '),
 ('107', 'field', '88', 'en_us', ' full '),
 ('107', 'field', '89', 'en_us', ''),
 ('107', 'field', '90', 'en_us', ''),
 ('107', 'field', '102', 'en_us', ' left '),
 ('107', 'field', '91', 'en_us', ''),
 ('107', 'field', '97', 'en_us', ''),
 ('107', 'slug', '0', 'en_us', ''),
 ('108', 'field', '98', 'en_us', ' logo reverse '),
 ('108', 'field', '48', 'en_us', ''),
 ('108', 'field', '88', 'en_us', ' full '),
 ('108', 'field', '89', 'en_us', ''),
 ('108', 'field', '90', 'en_us', ''),
 ('108', 'field', '102', 'en_us', ' left '),
 ('108', 'field', '110', 'en_us', ''),
 ('108', 'field', '111', 'en_us', '');
INSERT INTO `craft_searchindex` (`elementId`, `attribute`, `fieldId`, `locale`, `keywords`) VALUES
 ('108', 'field', '91', 'en_us', ''),
 ('104', 'field', '106', 'en_us', ''),
 ('104', 'field', '123', 'en_us', ''),
 ('105', 'field', '106', 'en_us', ''),
 ('105', 'field', '123', 'en_us', ''),
 ('110', 'field', '89', 'en_us', ''),
 ('107', 'field', '106', 'en_us', ''),
 ('107', 'field', '123', 'en_us', ''),
 ('108', 'field', '97', 'en_us', ''),
 ('108', 'slug', '0', 'en_us', ''),
 ('109', 'field', '95', 'en_us', ' transparent '),
 ('109', 'field', '98', 'en_us', ''),
 ('109', 'field', '99', 'en_us', ' standard '),
 ('109', 'field', '92', 'en_us', ' 000000 '),
 ('108', 'field', '106', 'en_us', ''),
 ('108', 'field', '123', 'en_us', ''),
 ('110', 'field', '90', 'en_us', ''),
 ('110', 'field', '102', 'en_us', ' left '),
 ('110', 'field', '97', 'en_us', ''),
 ('110', 'field', '116', 'en_us', ''),
 ('110', 'field', '117', 'en_us', ''),
 ('110', 'field', '122', 'en_us', ''),
 ('110', 'field', '92', 'en_us', ' 000000 '),
 ('110', 'field', '91', 'en_us', ''),
 ('110', 'slug', '0', 'en_us', ''),
 ('111', 'field', '94', 'en_us', ' form intro text '),
 ('111', 'field', '93', 'en_us', ' 1 '),
 ('111', 'field', '88', 'en_us', ' full '),
 ('111', 'field', '89', 'en_us', ''),
 ('111', 'field', '90', 'en_us', ''),
 ('111', 'field', '102', 'en_us', ' left '),
 ('111', 'field', '91', 'en_us', ''),
 ('111', 'field', '97', 'en_us', ''),
 ('111', 'slug', '0', 'en_us', ''),
 ('112', 'field', '124', 'en_us', ' text label '),
 ('112', 'field', '111', 'en_us', ''),
 ('112', 'field', '113', 'en_us', ' text '),
 ('112', 'field', '115', 'en_us', ' 0 '),
 ('112', 'field', '132', 'en_us', ' half '),
 ('112', 'field', '112', 'en_us', ''),
 ('112', 'field', '97', 'en_us', ''),
 ('112', 'field', '118', 'en_us', ''),
 ('112', 'field', '121', 'en_us', ''),
 ('112', 'field', '91', 'en_us', ''),
 ('112', 'slug', '0', 'en_us', ''),
 ('113', 'field', '124', 'en_us', ' second text field '),
 ('113', 'field', '111', 'en_us', ''),
 ('113', 'field', '113', 'en_us', ' text '),
 ('113', 'field', '115', 'en_us', ' 0 '),
 ('113', 'field', '132', 'en_us', ''),
 ('113', 'field', '112', 'en_us', ''),
 ('113', 'field', '97', 'en_us', ''),
 ('113', 'field', '118', 'en_us', ''),
 ('113', 'field', '121', 'en_us', ''),
 ('113', 'field', '91', 'en_us', ' clear '),
 ('113', 'slug', '0', 'en_us', ''),
 ('114', 'field', '95', 'en_us', ' transparent '),
 ('114', 'field', '98', 'en_us', ''),
 ('114', 'field', '99', 'en_us', ' standard '),
 ('114', 'field', '92', 'en_us', ' 000000 '),
 ('114', 'field', '91', 'en_us', ''),
 ('114', 'field', '97', 'en_us', ''),
 ('114', 'slug', '0', 'en_us', ''),
 ('115', 'field', '94', 'en_us', ' here is some text '),
 ('115', 'field', '93', 'en_us', ' 1 '),
 ('115', 'field', '88', 'en_us', ' full '),
 ('115', 'field', '89', 'en_us', ''),
 ('115', 'field', '90', 'en_us', ''),
 ('115', 'field', '102', 'en_us', ' left '),
 ('115', 'field', '133', 'en_us', ' center '),
 ('115', 'field', '91', 'en_us', ''),
 ('115', 'field', '97', 'en_us', ''),
 ('115', 'slug', '0', 'en_us', ''),
 ('118', 'slug', '0', 'en_us', ''),
 ('119', 'field', '124', 'en_us', ' test '),
 ('119', 'field', '114', 'en_us', ' asdfasdf asdf asdfasdf asdf asdfasdf asdfas asdfasdf asdfas asdfasdf asdfasdf asdfasdf asdfasdf '),
 ('109', 'field', '106', 'en_us', ''),
 ('109', 'field', '123', 'en_us', ''),
 ('110', 'field', '106', 'en_us', ''),
 ('110', 'field', '123', 'en_us', ''),
 ('111', 'field', '106', 'en_us', ''),
 ('111', 'field', '123', 'en_us', ''),
 ('112', 'field', '106', 'en_us', ''),
 ('112', 'field', '123', 'en_us', ''),
 ('113', 'field', '106', 'en_us', ''),
 ('113', 'field', '123', 'en_us', ''),
 ('117', 'field', '95', 'en_us', ' transparent '),
 ('117', 'field', '98', 'en_us', ''),
 ('117', 'field', '99', 'en_us', ' standard '),
 ('117', 'field', '133', 'en_us', ' left '),
 ('117', 'field', '92', 'en_us', ' 000000 '),
 ('117', 'field', '91', 'en_us', ''),
 ('117', 'field', '97', 'en_us', ''),
 ('117', 'slug', '0', 'en_us', ''),
 ('118', 'field', '95', 'en_us', ' transparent '),
 ('118', 'field', '88', 'en_us', ' full '),
 ('118', 'field', '89', 'en_us', ''),
 ('118', 'field', '90', 'en_us', ''),
 ('118', 'field', '102', 'en_us', ' left '),
 ('118', 'field', '97', 'en_us', '');
INSERT INTO `craft_searchindex` (`elementId`, `attribute`, `fieldId`, `locale`, `keywords`) VALUES
 ('118', 'field', '116', 'en_us', ''),
 ('118', 'field', '117', 'en_us', ''),
 ('118', 'field', '122', 'en_us', ''),
 ('118', 'field', '92', 'en_us', ' 000000 '),
 ('118', 'field', '91', 'en_us', ''),
 ('114', 'field', '106', 'en_us', ''),
 ('114', 'field', '123', 'en_us', ''),
 ('115', 'field', '106', 'en_us', ''),
 ('115', 'field', '123', 'en_us', ''),
 ('119', 'field', '88', 'en_us', ' full '),
 ('119', 'field', '112', 'en_us', ''),
 ('119', 'field', '97', 'en_us', ''),
 ('119', 'field', '91', 'en_us', ''),
 ('119', 'slug', '0', 'en_us', ''),
 ('117', 'field', '106', 'en_us', ''),
 ('117', 'field', '123', 'en_us', ''),
 ('118', 'field', '106', 'en_us', ''),
 ('118', 'field', '123', 'en_us', ''),
 ('119', 'field', '106', 'en_us', ''),
 ('119', 'field', '123', 'en_us', '');



DROP TABLE IF EXISTS `craft_sections`;


--
-- Schema for table `craft_sections`
--
CREATE TABLE `craft_sections` (
  `id` int(11) NOT NULL AUTO_INCREMENT,
  `structureId` int(11) DEFAULT NULL,
  `name` varchar(255) COLLATE utf8_unicode_ci NOT NULL,
  `handle` varchar(255) COLLATE utf8_unicode_ci NOT NULL,
  `type` enum('single','channel','structure') COLLATE utf8_unicode_ci NOT NULL DEFAULT 'channel',
  `hasUrls` tinyint(1) unsigned NOT NULL DEFAULT '1',
  `template` varchar(500) COLLATE utf8_unicode_ci DEFAULT NULL,
  `enableVersioning` tinyint(1) unsigned NOT NULL DEFAULT '0',
  `dateCreated` datetime NOT NULL,
  `dateUpdated` datetime NOT NULL,
  `uid` char(36) COLLATE utf8_unicode_ci NOT NULL DEFAULT '0',
  PRIMARY KEY (`id`),
  UNIQUE KEY `craft_sections_name_unq_idx` (`name`),
  UNIQUE KEY `craft_sections_handle_unq_idx` (`handle`),
  KEY `craft_sections_structureId_fk` (`structureId`)
) ENGINE=InnoDB AUTO_INCREMENT=4 DEFAULT CHARSET=utf8 COLLATE=utf8_unicode_ci;

--
-- Data for table `craft_sections`
--

INSERT INTO `craft_sections` (`id`, `structureId`, `name`, `handle`, `type`, `hasUrls`, `template`, `enableVersioning`, `dateCreated`, `dateUpdated`, `uid`) VALUES
 ('1', NULL, 'Homepage', 'homepage', 'single', '1', 'index', '1', '2015-05-15 20:59:41', '2016-05-22 02:33:47', '34691f4d-1260-41aa-b24e-e4436701a537'),
 ('3', '1', 'Pages', 'pages', 'structure', '1', '_page', '1', '2016-05-11 02:44:22', '2016-05-11 02:44:22', '89ec7d70-546c-48cf-b723-9030fc3d8d04');



DROP TABLE IF EXISTS `craft_sections_i18n`;


--
-- Schema for table `craft_sections_i18n`
--
CREATE TABLE `craft_sections_i18n` (
  `id` int(11) NOT NULL AUTO_INCREMENT,
  `sectionId` int(11) NOT NULL,
  `locale` char(12) COLLATE utf8_unicode_ci NOT NULL,
  `enabledByDefault` tinyint(1) unsigned NOT NULL DEFAULT '1',
  `urlFormat` text COLLATE utf8_unicode_ci,
  `nestedUrlFormat` text COLLATE utf8_unicode_ci,
  `dateCreated` datetime NOT NULL,
  `dateUpdated` datetime NOT NULL,
  `uid` char(36) COLLATE utf8_unicode_ci NOT NULL DEFAULT '0',
  PRIMARY KEY (`id`),
  UNIQUE KEY `craft_sections_i18n_sectionId_locale_unq_idx` (`sectionId`,`locale`),
  KEY `craft_sections_i18n_locale_fk` (`locale`)
) ENGINE=InnoDB AUTO_INCREMENT=4 DEFAULT CHARSET=utf8 COLLATE=utf8_unicode_ci;

--
-- Data for table `craft_sections_i18n`
--

INSERT INTO `craft_sections_i18n` (`id`, `sectionId`, `locale`, `enabledByDefault`, `urlFormat`, `nestedUrlFormat`, `dateCreated`, `dateUpdated`, `uid`) VALUES
 ('1', '1', 'en_us', '1', '__home__', NULL, '2015-05-15 20:59:41', '2016-05-11 02:30:07', '284cbd62-6b2a-4fc0-aac6-725623892bf2'),
 ('3', '3', 'en_us', '1', '{slug}', '{parent.uri}/{slug}', '2016-05-11 02:44:22', '2016-05-11 02:44:22', 'dca2cfcd-4f21-4a43-b0d3-ec8272956711');



DROP TABLE IF EXISTS `craft_sessions`;


--
-- Schema for table `craft_sessions`
--
CREATE TABLE `craft_sessions` (
  `id` int(11) NOT NULL AUTO_INCREMENT,
  `userId` int(11) NOT NULL,
  `token` char(100) COLLATE utf8_unicode_ci NOT NULL,
  `dateCreated` datetime NOT NULL,
  `dateUpdated` datetime NOT NULL,
  `uid` char(36) COLLATE utf8_unicode_ci NOT NULL DEFAULT '0',
  PRIMARY KEY (`id`),
  KEY `craft_sessions_uid_idx` (`uid`),
  KEY `craft_sessions_token_idx` (`token`),
  KEY `craft_sessions_dateUpdated_idx` (`dateUpdated`),
  KEY `craft_sessions_userId_fk` (`userId`)
) ENGINE=InnoDB AUTO_INCREMENT=17 DEFAULT CHARSET=utf8 COLLATE=utf8_unicode_ci;

DROP TABLE IF EXISTS `craft_shunnedmessages`;


--
-- Schema for table `craft_shunnedmessages`
--
CREATE TABLE `craft_shunnedmessages` (
  `id` int(11) NOT NULL AUTO_INCREMENT,
  `userId` int(11) NOT NULL,
  `message` varchar(255) COLLATE utf8_unicode_ci NOT NULL,
  `expiryDate` datetime DEFAULT NULL,
  `dateCreated` datetime NOT NULL,
  `dateUpdated` datetime NOT NULL,
  `uid` char(36) COLLATE utf8_unicode_ci NOT NULL DEFAULT '0',
  PRIMARY KEY (`id`),
  UNIQUE KEY `craft_shunnedmessages_userId_message_unq_idx` (`userId`,`message`)
) ENGINE=InnoDB DEFAULT CHARSET=utf8 COLLATE=utf8_unicode_ci;

DROP TABLE IF EXISTS `craft_structureelements`;


--
-- Schema for table `craft_structureelements`
--
CREATE TABLE `craft_structureelements` (
  `id` int(11) NOT NULL AUTO_INCREMENT,
  `structureId` int(11) NOT NULL,
  `elementId` int(11) DEFAULT NULL,
  `root` int(11) unsigned DEFAULT NULL,
  `lft` int(11) unsigned NOT NULL,
  `rgt` int(11) unsigned NOT NULL,
  `level` smallint(6) unsigned NOT NULL,
  `dateCreated` datetime NOT NULL,
  `dateUpdated` datetime NOT NULL,
  `uid` char(36) COLLATE utf8_unicode_ci NOT NULL DEFAULT '0',
  PRIMARY KEY (`id`),
  UNIQUE KEY `craft_structureelements_structureId_elementId_unq_idx` (`structureId`,`elementId`),
  KEY `craft_structureelements_root_idx` (`root`),
  KEY `craft_structureelements_lft_idx` (`lft`),
  KEY `craft_structureelements_rgt_idx` (`rgt`),
  KEY `craft_structureelements_level_idx` (`level`),
  KEY `craft_structureelements_elementId_fk` (`elementId`)
) ENGINE=InnoDB AUTO_INCREMENT=505 DEFAULT CHARSET=utf8 COLLATE=utf8_unicode_ci;

--
-- Data for table `craft_structureelements`
--

INSERT INTO `craft_structureelements` (`id`, `structureId`, `elementId`, `root`, `lft`, `rgt`, `level`, `dateCreated`, `dateUpdated`, `uid`) VALUES
 ('1', '1', NULL, '1', '1', '2', '0', '2016-05-11 20:14:26', '2016-05-11 20:14:26', '0728cf98-93a1-48df-9b3b-622d698be126'),
 ('47', '10', NULL, '47', '1', '12', '0', '2016-05-20 05:23:49', '2016-05-20 05:23:49', '3731902e-5321-41a9-897d-9091c520e4db'),
 ('48', '10', '20', '47', '2', '7', '1', '2016-05-20 05:23:49', '2016-05-20 05:23:49', 'e67f7074-8539-45b1-bd7a-f3adfc4e853d'),
 ('49', '10', '21', '47', '3', '4', '2', '2016-05-20 05:23:49', '2016-05-20 05:23:49', 'fcf8315a-228b-4fae-8c04-7e07a771a750'),
 ('50', '10', '22', '47', '5', '6', '2', '2016-05-20 05:23:49', '2016-05-20 05:23:49', '57436bcf-dd77-4386-b9e8-01b5b9e87bf7'),
 ('51', '10', '23', '47', '8', '11', '1', '2016-05-20 05:23:49', '2016-05-20 05:23:49', 'b0e37fcf-16d7-4a3a-ac45-cae359e4a11f'),
 ('52', '10', '25', '47', '9', '10', '2', '2016-05-20 05:23:49', '2016-05-20 05:23:49', '4e6a4572-818f-462b-8d66-f6c7c1ec1119'),
 ('60', '12', NULL, '60', '1', '14', '0', '2016-05-20 05:27:37', '2016-05-20 05:27:37', '57ce6a95-14e4-402a-9bb5-e672eb872109'),
 ('61', '12', '13', '60', '2', '5', '1', '2016-05-20 05:27:37', '2016-05-20 05:27:37', '65de344a-8638-4518-8f84-e3b7199e87a2'),
 ('62', '12', '14', '60', '3', '4', '2', '2016-05-20 05:27:37', '2016-05-20 05:27:37', 'cd60aba2-2f32-4f2e-a37a-213cfb4fdd65'),
 ('63', '12', '15', '60', '6', '7', '1', '2016-05-20 05:27:37', '2016-05-20 05:27:37', 'efca5849-2cf7-493f-8588-3d2538c06b42'),
 ('64', '12', '16', '60', '8', '13', '1', '2016-05-20 05:27:37', '2016-05-20 05:27:37', 'ce08693f-d963-4b42-99e1-8a0523de882a'),
 ('65', '12', '17', '60', '9', '10', '2', '2016-05-20 05:27:37', '2016-05-20 05:27:37', '9b8ef781-497a-4277-8628-9d7da7bcb529'),
 ('66', '12', '18', '60', '11', '12', '2', '2016-05-20 05:27:37', '2016-05-20 05:27:37', '7c1e98a1-ec85-4b1e-baa1-f318107fbc62'),
 ('201', '30', NULL, '201', '1', '14', '0', '2016-05-22 02:03:46', '2016-05-22 02:03:46', '7f276516-f4e1-41ac-ac5e-1b0a87c8b502'),
 ('202', '30', '26', '201', '2', '7', '1', '2016-05-22 02:03:46', '2016-05-22 02:03:46', '8976132e-9e09-428d-8555-d803f112f7e8'),
 ('203', '30', '27', '201', '3', '4', '2', '2016-05-22 02:03:46', '2016-05-22 02:03:46', '7e42ca27-1d0a-446a-96f6-00149ab0d3a5'),
 ('204', '30', '28', '201', '5', '6', '2', '2016-05-22 02:03:46', '2016-05-22 02:03:46', '4fbd2bdf-5c88-4785-b97e-dd772d57fabc'),
 ('205', '30', '29', '201', '8', '13', '1', '2016-05-22 02:03:46', '2016-05-22 02:03:46', '5fa08fb1-7adf-4870-b978-3a66400fa586'),
 ('206', '30', '30', '201', '9', '10', '2', '2016-05-22 02:03:46', '2016-05-22 02:03:46', 'f81c5652-de06-4f34-b0ed-0a47b3d8be4a'),
 ('207', '30', '31', '201', '11', '12', '2', '2016-05-22 02:03:46', '2016-05-22 02:03:46', '6a374562-167c-4573-b19f-ec71552546fc'),
 ('219', '35', NULL, '219', '1', '4', '0', '2016-05-22 04:32:55', '2016-05-22 04:32:55', '11363d3b-d783-4ce7-bf05-e1528207dba2'),
 ('220', '35', '47', '219', '2', '3', '1', '2016-05-22 04:32:55', '2016-05-22 04:32:55', 'b7498408-51f2-4245-8b06-d4a46a72705f'),
 ('238', '44', NULL, '238', '1', '10', '0', '2016-05-22 05:01:12', '2016-05-22 05:01:12', '37002170-f81a-45ab-8b2f-b4294c7762ad'),
 ('239', '44', '41', '238', '2', '9', '1', '2016-05-22 05:01:12', '2016-05-22 05:01:12', 'c5ab7d95-4869-4e89-a415-0cbc88bc9dc5'),
 ('240', '44', '42', '238', '3', '4', '2', '2016-05-22 05:01:12', '2016-05-22 05:01:12', 'a04be86a-d4dc-4077-9a28-72636928aa5d'),
 ('242', '44', '50', '238', '5', '6', '2', '2016-05-22 05:01:12', '2016-05-22 05:01:12', 'e70cbff6-3fd5-401b-9400-a270c65244c0'),
 ('243', '44', '51', '238', '7', '8', '2', '2016-05-22 05:01:12', '2016-05-22 05:01:12', '324dcdaf-a3bd-4de3-a7a0-fb278f90e2e3'),
 ('397', '74', NULL, '397', '1', '14', '0', '2016-05-22 17:04:39', '2016-05-22 17:04:39', '580c4b64-7fc1-425c-89cb-34de5e783221'),
 ('398', '74', '46', '397', '2', '13', '1', '2016-05-22 17:04:39', '2016-05-22 17:04:39', 'bb69e6e2-f384-4a9e-b674-d577461d2d17'),
 ('399', '74', '64', '397', '3', '10', '2', '2016-05-22 17:04:39', '2016-05-22 17:04:39', '3d1dbaf4-7f75-4761-8485-e39a4931e974'),
 ('400', '74', '65', '397', '4', '5', '3', '2016-05-22 17:04:39', '2016-05-22 17:04:39', '7945fb96-2f53-4952-8344-dc05b87d4621'),
 ('401', '74', '67', '397', '6', '7', '3', '2016-05-22 17:04:39', '2016-05-22 17:04:39', 'f0b2d96e-8955-4904-85aa-c6866e50afbb'),
 ('402', '74', '68', '397', '8', '9', '3', '2016-05-22 17:04:39', '2016-05-22 17:04:39', '61cc8a9b-6305-4bc4-bb57-5f53cdedb79f'),
 ('403', '74', '66', '397', '11', '12', '2', '2016-05-22 17:04:39', '2016-05-22 17:04:39', 'ea58b81e-4b23-42e2-bac0-a8476128f3be'),
 ('408', '76', NULL, '408', '1', '6', '0', '2016-05-25 00:30:12', '2016-05-25 00:30:12', '7b1ece7f-36d1-4305-a9a5-2a173589c18b'),
 ('409', '76', '70', '408', '2', '5', '1', '2016-05-25 00:30:12', '2016-05-25 00:30:12', 'abd5287a-9aa3-4bbf-9ae0-f9f7dfd7896b'),
 ('410', '76', '71', '408', '3', '4', '2', '2016-05-25 00:30:12', '2016-05-25 00:30:12', 'a1a5eb69-a57f-4b42-9af3-9b4686642509'),
 ('411', '77', NULL, '411', '1', '8', '0', '2016-05-27 06:50:27', '2016-05-27 06:50:27', 'b113decf-e49e-4613-bf74-5b2c217bdb42'),
 ('412', '77', '73', '411', '2', '7', '1', '2016-05-27 06:50:27', '2016-05-27 06:50:27', 'd61cd5c3-58f9-4e6f-907c-25fb25d92a69'),
 ('413', '77', '74', '411', '3', '4', '2', '2016-05-27 06:50:27', '2016-05-27 06:50:27', 'ceed188f-6d5f-4706-9ba5-fc940fd2607f'),
 ('414', '77', '75', '411', '5', '6', '2', '2016-05-27 06:50:27', '2016-05-27 06:50:27', '4bffbf02-ea40-42f7-aebe-2740b42077ad'),
 ('418', '79', NULL, '418', '1', '6', '0', '2016-06-26 00:08:15', '2016-06-26 00:08:15', '3df98f97-6e71-4d78-8807-f28fb948fb32'),
 ('419', '79', '77', '418', '2', '5', '1', '2016-06-26 00:08:15', '2016-06-26 00:08:15', 'be63c182-8426-40cc-9ffb-05fc91b4f66f'),
 ('420', '79', '78', '418', '3', '4', '2', '2016-06-26 00:08:15', '2016-06-26 00:08:15', 'fb49eca3-da12-49c1-8df0-72a2c257d610'),
 ('421', '80', NULL, '421', '1', '6', '0', '2016-06-26 00:08:40', '2016-06-26 00:08:40', '512af3a9-7a85-4093-bc11-a645d93326bd'),
 ('422', '80', '80', '421', '2', '5', '1', '2016-06-26 00:08:40', '2016-06-26 00:08:40', '2501e35d-3235-4fe7-9e16-2c4660fc79d4'),
 ('423', '80', '81', '421', '3', '4', '2', '2016-06-26 00:08:40', '2016-06-26 00:08:40', '11f3c507-db67-4f20-b3b2-757e34b3029a'),
 ('424', '81', NULL, '424', '1', '6', '0', '2016-06-26 00:09:02', '2016-06-26 00:09:02', '0f19330e-729c-435b-ae2f-17e0b61ab73d'),
 ('425', '81', '83', '424', '2', '5', '1', '2016-06-26 00:09:02', '2016-06-26 00:09:02', '1bcc2af2-8df0-4c60-9d19-97cac2382ba4'),
 ('426', '81', '84', '424', '3', '4', '2', '2016-06-26 00:09:02', '2016-06-26 00:09:02', 'af430cc8-8826-4b0a-96b6-e0e48a50acff'),
 ('431', '83', NULL, '431', '1', '6', '0', '2016-06-26 00:11:34', '2016-06-26 00:11:34', '6411b613-55ac-4467-8e73-a7b1f4698976'),
 ('432', '83', '86', '431', '2', '5', '1', '2016-06-26 00:11:34', '2016-06-26 00:11:34', 'e3825253-6705-4a87-8e19-beb5d66170b2'),
 ('433', '83', '87', '431', '3', '4', '2', '2016-06-26 00:11:34', '2016-06-26 00:11:34', '328058b8-848d-4497-8a8b-e9e159c27d2f'),
 ('447', '86', NULL, '447', '1', '16', '0', '2016-06-30 21:05:58', '2016-06-30 21:05:58', '1f9540f5-f35f-409b-bda5-c8941f8341fa'),
 ('448', '86', '90', '447', '2', '15', '1', '2016-06-30 21:05:58', '2016-06-30 21:05:58', 'a3c3a4fa-59cc-4440-9297-a8c32003a18b'),
 ('449', '86', '91', '447', '3', '12', '2', '2016-06-30 21:05:58', '2016-06-30 21:05:58', '3c9e1169-f52d-4c54-974a-f70020739295'),
 ('450', '86', '92', '447', '4', '5', '3', '2016-06-30 21:05:58', '2016-06-30 21:05:58', '4e983796-1388-47c8-aa92-cacf5ba9aafc'),
 ('451', '86', '93', '447', '6', '7', '3', '2016-06-30 21:05:58', '2016-06-30 21:05:58', '3daf9fe2-0a29-448a-80f3-82be418bb523'),
 ('452', '86', '95', '447', '8', '9', '3', '2016-06-30 21:05:58', '2016-06-30 21:05:58', '03b6059e-e97b-4392-80bc-e64dd3ab824c'),
 ('453', '86', '96', '447', '10', '11', '3', '2016-06-30 21:05:58', '2016-06-30 21:05:58', 'e3aaf215-983c-4721-9069-8514efd88b46'),
 ('454', '86', '94', '447', '13', '14', '2', '2016-06-30 21:05:58', '2016-06-30 21:05:58', '4b4f0843-66d7-4a7d-b984-b718b8625bd6'),
 ('476', '90', NULL, '476', '1', '24', '0', '2016-07-08 00:34:05', '2016-07-08 00:34:05', '6d8dcc60-e811-4c66-ac2c-5412c5b2bdb0'),
 ('477', '90', '104', '476', '2', '9', '1', '2016-07-08 00:34:05', '2016-07-08 00:34:05', '029bf0be-3a13-47ea-b87b-c3f382787993'),
 ('478', '90', '105', '476', '3', '4', '2', '2016-07-08 00:34:05', '2016-07-08 00:34:05', 'c63ddb5f-269c-483c-98d5-0380c1351204'),
 ('479', '90', '108', '476', '5', '6', '2', '2016-07-08 00:34:05', '2016-07-08 00:34:05', '69017f2b-1e9f-4215-8545-6627f28fb0a9'),
 ('480', '90', '107', '476', '7', '8', '2', '2016-07-08 00:34:05', '2016-07-08 00:34:05', 'a619f47d-fa33-4e03-a86c-6ddb9b4e1293'),
 ('481', '90', '109', '476', '10', '19', '1', '2016-07-08 00:34:05', '2016-07-08 00:34:05', '42304758-7506-4e0d-94aa-34fdcfb49bf1'),
 ('482', '90', '110', '476', '11', '18', '2', '2016-07-08 00:34:05', '2016-07-08 00:34:05', '21c1d3fc-fd65-4d5f-b974-1ae2417c0881'),
 ('483', '90', '111', '476', '12', '13', '3', '2016-07-08 00:34:05', '2016-07-08 00:34:05', '4785ca4f-feb4-4a62-a051-f65b699574d3'),
 ('484', '90', '112', '476', '14', '15', '3', '2016-07-08 00:34:05', '2016-07-08 00:34:05', 'f907d201-688c-45ce-861f-ffa96c25334a'),
 ('485', '90', '113', '476', '16', '17', '3', '2016-07-08 00:34:05', '2016-07-08 00:34:05', '675c6d7c-a2cb-4d8f-b334-5bcc692072f2'),
 ('486', '90', '114', '476', '20', '23', '1', '2016-07-08 00:34:05', '2016-07-08 00:34:05', 'dc48f82a-98bc-46e6-9914-e552e50df4c1'),
 ('487', '90', '115', '476', '21', '22', '2', '2016-07-08 00:34:05', '2016-07-08 00:34:05', 'e8d76399-6720-4e8f-baf6-f67fb43229de'),
 ('501', '94', NULL, '501', '1', '8', '0', '2016-07-08 21:17:40', '2016-07-08 21:17:40', '935abf5f-6e13-4472-8a56-17d1bb00a89f'),
 ('502', '94', '117', '501', '2', '7', '1', '2016-07-08 21:17:40', '2016-07-08 21:17:40', '30e99c6b-2886-42a2-8eca-4000216456c9'),
 ('503', '94', '118', '501', '3', '6', '2', '2016-07-08 21:17:40', '2016-07-08 21:17:40', '11cc18e5-8cde-424b-8055-1c98a25453a7'),
 ('504', '94', '119', '501', '4', '5', '3', '2016-07-08 21:17:40', '2016-07-08 21:17:40', '1a369f89-9d63-48be-a87f-2ec951b97aa1');



DROP TABLE IF EXISTS `craft_structures`;


--
-- Schema for table `craft_structures`
--
CREATE TABLE `craft_structures` (
  `id` int(11) NOT NULL AUTO_INCREMENT,
  `maxLevels` smallint(6) unsigned DEFAULT NULL,
  `dateCreated` datetime NOT NULL,
  `dateUpdated` datetime NOT NULL,
  `uid` char(36) COLLATE utf8_unicode_ci NOT NULL DEFAULT '0',
  PRIMARY KEY (`id`)
) ENGINE=InnoDB AUTO_INCREMENT=95 DEFAULT CHARSET=utf8 COLLATE=utf8_unicode_ci;

--
-- Data for table `craft_structures`
--

INSERT INTO `craft_structures` (`id`, `maxLevels`, `dateCreated`, `dateUpdated`, `uid`) VALUES
 ('1', NULL, '2016-05-11 02:44:22', '2016-05-11 02:44:22', 'a0518718-4a73-4258-8fc7-5d17a8d00d12'),
 ('10', NULL, '2016-05-20 05:23:49', '2016-05-20 05:23:49', 'a21b1be8-d6ec-42bd-938d-3bdc5476bf38'),
 ('12', NULL, '2016-05-20 05:27:37', '2016-05-20 05:27:37', '49ae22d1-2f17-46d1-9058-39b599e85f25'),
 ('30', NULL, '2016-05-22 02:03:46', '2016-05-22 02:03:46', 'a7fbaa27-3279-4579-b76f-1e54db337695'),
 ('35', NULL, '2016-05-22 04:32:55', '2016-05-22 04:32:55', '5accc225-e734-4311-85d7-ee7ad49c4985'),
 ('44', NULL, '2016-05-22 05:01:12', '2016-05-22 05:01:12', 'c743edf0-3708-4d20-8999-acabdb3c2f1f'),
 ('45', NULL, '2016-05-22 05:01:12', '2016-05-22 05:01:12', '00f89609-4083-4427-a601-15a3272093c4'),
 ('74', NULL, '2016-05-22 17:04:39', '2016-05-22 17:04:39', 'd80d387b-13da-4b53-9da1-1e51ea9b658c'),
 ('76', NULL, '2016-05-25 00:30:12', '2016-05-25 00:30:12', 'd1758cbe-3500-4ea7-9915-0e0c6ba378a0'),
 ('77', NULL, '2016-05-27 06:50:27', '2016-05-27 06:50:27', '427c59cd-d9ea-4893-b787-65cfd43c4ba1'),
 ('79', NULL, '2016-06-26 00:08:15', '2016-06-26 00:08:15', 'bc5d9c14-240e-40f7-9b71-444f4bc01b94'),
 ('80', NULL, '2016-06-26 00:08:40', '2016-06-26 00:08:40', '79196872-6c9c-44f8-83bf-d4367d20fe45'),
 ('81', NULL, '2016-06-26 00:09:02', '2016-06-26 00:09:02', 'f70fc306-c16c-4fe7-830c-1435fc38eef9'),
 ('83', NULL, '2016-06-26 00:11:34', '2016-06-26 00:11:34', '133040ff-5922-4051-9013-9e1055232523'),
 ('86', NULL, '2016-06-30 21:05:58', '2016-06-30 21:05:58', '289b6042-0a7f-43c8-902d-b643798d713f'),
 ('90', NULL, '2016-07-08 00:34:05', '2016-07-08 00:34:05', '9b39f004-924d-4d92-8119-5bbdf30fb8aa'),
 ('94', NULL, '2016-07-08 21:17:40', '2016-07-08 21:17:40', '29fa3924-8620-430a-903a-184d7d2a4238');



DROP TABLE IF EXISTS `craft_systemsettings`;


--
-- Schema for table `craft_systemsettings`
--
CREATE TABLE `craft_systemsettings` (
  `id` int(11) NOT NULL AUTO_INCREMENT,
  `category` varchar(15) COLLATE utf8_unicode_ci NOT NULL,
  `settings` text COLLATE utf8_unicode_ci,
  `dateCreated` datetime NOT NULL,
  `dateUpdated` datetime NOT NULL,
  `uid` char(36) COLLATE utf8_unicode_ci NOT NULL DEFAULT '0',
  PRIMARY KEY (`id`),
  UNIQUE KEY `craft_systemsettings_category_unq_idx` (`category`)
) ENGINE=InnoDB AUTO_INCREMENT=2 DEFAULT CHARSET=utf8 COLLATE=utf8_unicode_ci;

--
-- Data for table `craft_systemsettings`
--

INSERT INTO `craft_systemsettings` (`id`, `category`, `settings`, `dateCreated`, `dateUpdated`, `uid`) VALUES
 ('1', 'email', '{\"protocol\":\"php\",\"emailAddress\":\"help@louderthanten.com\",\"senderName\":\"LT10 Editorial System\"}', '2015-05-15 20:59:41', '2015-05-15 20:59:41', '4013e2c5-4dbc-4a14-8db7-36045b1294a4');



DROP TABLE IF EXISTS `craft_taggroups`;


--
-- Schema for table `craft_taggroups`
--
CREATE TABLE `craft_taggroups` (
  `id` int(11) NOT NULL AUTO_INCREMENT,
  `name` varchar(255) COLLATE utf8_unicode_ci NOT NULL,
  `handle` varchar(255) COLLATE utf8_unicode_ci NOT NULL,
  `fieldLayoutId` int(10) DEFAULT NULL,
  `dateCreated` datetime NOT NULL,
  `dateUpdated` datetime NOT NULL,
  `uid` char(36) COLLATE utf8_unicode_ci NOT NULL DEFAULT '0',
  PRIMARY KEY (`id`),
  UNIQUE KEY `craft_taggroups_name_unq_idx` (`name`),
  UNIQUE KEY `craft_taggroups_handle_unq_idx` (`handle`),
  KEY `craft_taggroups_fieldLayoutId_fk` (`fieldLayoutId`)
) ENGINE=InnoDB AUTO_INCREMENT=2 DEFAULT CHARSET=utf8 COLLATE=utf8_unicode_ci;

--
-- Data for table `craft_taggroups`
--

INSERT INTO `craft_taggroups` (`id`, `name`, `handle`, `fieldLayoutId`, `dateCreated`, `dateUpdated`, `uid`) VALUES
 ('1', 'Default', 'default', '1', '2015-05-15 20:59:41', '2015-05-15 20:59:41', '577277c8-1686-4dc3-8408-5039bc078d80');



DROP TABLE IF EXISTS `craft_tags`;


--
-- Schema for table `craft_tags`
--
CREATE TABLE `craft_tags` (
  `id` int(11) NOT NULL,
  `groupId` int(11) NOT NULL,
  `dateCreated` datetime NOT NULL,
  `dateUpdated` datetime NOT NULL,
  `uid` char(36) COLLATE utf8_unicode_ci NOT NULL DEFAULT '0',
  PRIMARY KEY (`id`),
  KEY `craft_tags_groupId_fk` (`groupId`)
) ENGINE=InnoDB DEFAULT CHARSET=utf8 COLLATE=utf8_unicode_ci;

DROP TABLE IF EXISTS `craft_tasks`;


--
-- Schema for table `craft_tasks`
--
CREATE TABLE `craft_tasks` (
  `id` int(11) NOT NULL AUTO_INCREMENT,
  `root` int(11) unsigned DEFAULT NULL,
  `lft` int(11) unsigned NOT NULL,
  `rgt` int(11) unsigned NOT NULL,
  `level` smallint(6) unsigned NOT NULL,
  `currentStep` int(11) unsigned DEFAULT NULL,
  `totalSteps` int(11) unsigned DEFAULT NULL,
  `status` enum('pending','error','running') COLLATE utf8_unicode_ci DEFAULT NULL,
  `type` varchar(150) COLLATE utf8_unicode_ci NOT NULL,
  `description` varchar(255) COLLATE utf8_unicode_ci DEFAULT NULL,
  `settings` mediumtext COLLATE utf8_unicode_ci,
  `dateCreated` datetime NOT NULL,
  `dateUpdated` datetime NOT NULL,
  `uid` char(36) COLLATE utf8_unicode_ci NOT NULL DEFAULT '0',
  PRIMARY KEY (`id`),
  KEY `craft_tasks_root_idx` (`root`),
  KEY `craft_tasks_lft_idx` (`lft`),
  KEY `craft_tasks_rgt_idx` (`rgt`),
  KEY `craft_tasks_level_idx` (`level`)
) ENGINE=InnoDB AUTO_INCREMENT=35 DEFAULT CHARSET=utf8 COLLATE=utf8_unicode_ci;

DROP TABLE IF EXISTS `craft_templatecachecriteria`;


--
-- Schema for table `craft_templatecachecriteria`
--
CREATE TABLE `craft_templatecachecriteria` (
  `id` int(11) NOT NULL AUTO_INCREMENT,
  `cacheId` int(11) NOT NULL,
  `type` varchar(150) COLLATE utf8_unicode_ci NOT NULL,
  `criteria` text COLLATE utf8_unicode_ci NOT NULL,
  PRIMARY KEY (`id`),
  KEY `craft_templatecachecriteria_cacheId_fk` (`cacheId`),
  KEY `craft_templatecachecriteria_type_idx` (`type`)
) ENGINE=InnoDB DEFAULT CHARSET=utf8 COLLATE=utf8_unicode_ci;

DROP TABLE IF EXISTS `craft_templatecacheelements`;


--
-- Schema for table `craft_templatecacheelements`
--
CREATE TABLE `craft_templatecacheelements` (
  `cacheId` int(11) NOT NULL,
  `elementId` int(11) NOT NULL,
  KEY `craft_templatecacheelements_cacheId_fk` (`cacheId`),
  KEY `craft_templatecacheelements_elementId_fk` (`elementId`)
) ENGINE=InnoDB DEFAULT CHARSET=utf8 COLLATE=utf8_unicode_ci;

DROP TABLE IF EXISTS `craft_templatecaches`;


--
-- Schema for table `craft_templatecaches`
--
CREATE TABLE `craft_templatecaches` (
  `id` int(11) NOT NULL AUTO_INCREMENT,
  `cacheKey` varchar(255) COLLATE utf8_unicode_ci NOT NULL,
  `locale` char(12) COLLATE utf8_unicode_ci NOT NULL,
  `path` varchar(255) COLLATE utf8_unicode_ci DEFAULT NULL,
  `expiryDate` datetime NOT NULL,
  `body` mediumtext COLLATE utf8_unicode_ci NOT NULL,
  PRIMARY KEY (`id`),
  KEY `craft_templatecaches_expiryDate_cacheKey_locale_path_idx` (`expiryDate`,`cacheKey`,`locale`,`path`),
  KEY `craft_templatecaches_locale_fk` (`locale`)
) ENGINE=InnoDB DEFAULT CHARSET=utf8 COLLATE=utf8_unicode_ci;

DROP TABLE IF EXISTS `craft_tokens`;


--
-- Schema for table `craft_tokens`
--
CREATE TABLE `craft_tokens` (
  `id` int(11) NOT NULL AUTO_INCREMENT,
  `token` char(32) COLLATE utf8_unicode_ci NOT NULL,
  `route` text COLLATE utf8_unicode_ci,
  `usageLimit` tinyint(3) unsigned DEFAULT NULL,
  `usageCount` tinyint(3) unsigned DEFAULT NULL,
  `expiryDate` datetime NOT NULL,
  `dateCreated` datetime NOT NULL,
  `dateUpdated` datetime NOT NULL,
  `uid` char(36) COLLATE utf8_unicode_ci NOT NULL DEFAULT '0',
  PRIMARY KEY (`id`),
  UNIQUE KEY `craft_tokens_token_unq_idx` (`token`),
  KEY `craft_tokens_expiryDate_idx` (`expiryDate`)
) ENGINE=InnoDB DEFAULT CHARSET=utf8 COLLATE=utf8_unicode_ci;

DROP TABLE IF EXISTS `craft_usergroups`;


--
-- Schema for table `craft_usergroups`
--
CREATE TABLE `craft_usergroups` (
  `id` int(11) NOT NULL AUTO_INCREMENT,
  `name` varchar(255) COLLATE utf8_unicode_ci NOT NULL,
  `handle` varchar(255) COLLATE utf8_unicode_ci NOT NULL,
  `dateCreated` datetime NOT NULL,
  `dateUpdated` datetime NOT NULL,
  `uid` char(36) COLLATE utf8_unicode_ci NOT NULL DEFAULT '0',
  PRIMARY KEY (`id`)
) ENGINE=InnoDB DEFAULT CHARSET=utf8 COLLATE=utf8_unicode_ci;

DROP TABLE IF EXISTS `craft_usergroups_users`;


--
-- Schema for table `craft_usergroups_users`
--
CREATE TABLE `craft_usergroups_users` (
  `id` int(11) NOT NULL AUTO_INCREMENT,
  `groupId` int(11) NOT NULL,
  `userId` int(11) NOT NULL,
  `dateCreated` datetime NOT NULL,
  `dateUpdated` datetime NOT NULL,
  `uid` char(36) COLLATE utf8_unicode_ci NOT NULL DEFAULT '0',
  PRIMARY KEY (`id`),
  UNIQUE KEY `craft_usergroups_users_groupId_userId_unq_idx` (`groupId`,`userId`),
  KEY `craft_usergroups_users_userId_fk` (`userId`)
) ENGINE=InnoDB DEFAULT CHARSET=utf8 COLLATE=utf8_unicode_ci;

DROP TABLE IF EXISTS `craft_userpermissions`;


--
-- Schema for table `craft_userpermissions`
--
CREATE TABLE `craft_userpermissions` (
  `id` int(11) NOT NULL AUTO_INCREMENT,
  `name` varchar(255) COLLATE utf8_unicode_ci NOT NULL,
  `dateCreated` datetime NOT NULL,
  `dateUpdated` datetime NOT NULL,
  `uid` char(36) COLLATE utf8_unicode_ci NOT NULL DEFAULT '0',
  PRIMARY KEY (`id`),
  UNIQUE KEY `craft_userpermissions_name_unq_idx` (`name`)
) ENGINE=InnoDB DEFAULT CHARSET=utf8 COLLATE=utf8_unicode_ci;

DROP TABLE IF EXISTS `craft_userpermissions_usergroups`;


--
-- Schema for table `craft_userpermissions_usergroups`
--
CREATE TABLE `craft_userpermissions_usergroups` (
  `id` int(11) NOT NULL AUTO_INCREMENT,
  `permissionId` int(11) NOT NULL,
  `groupId` int(11) NOT NULL,
  `dateCreated` datetime NOT NULL,
  `dateUpdated` datetime NOT NULL,
  `uid` char(36) COLLATE utf8_unicode_ci NOT NULL DEFAULT '0',
  PRIMARY KEY (`id`),
  UNIQUE KEY `craft_userpermissions_usergroups_permissionId_groupId_unq_idx` (`permissionId`,`groupId`),
  KEY `craft_userpermissions_usergroups_groupId_fk` (`groupId`)
) ENGINE=InnoDB DEFAULT CHARSET=utf8 COLLATE=utf8_unicode_ci;

DROP TABLE IF EXISTS `craft_userpermissions_users`;


--
-- Schema for table `craft_userpermissions_users`
--
CREATE TABLE `craft_userpermissions_users` (
  `id` int(11) NOT NULL AUTO_INCREMENT,
  `permissionId` int(11) NOT NULL,
  `userId` int(11) NOT NULL,
  `dateCreated` datetime NOT NULL,
  `dateUpdated` datetime NOT NULL,
  `uid` char(36) COLLATE utf8_unicode_ci NOT NULL DEFAULT '0',
  PRIMARY KEY (`id`),
  UNIQUE KEY `craft_userpermissions_users_permissionId_userId_unq_idx` (`permissionId`,`userId`),
  KEY `craft_userpermissions_users_userId_fk` (`userId`)
) ENGINE=InnoDB DEFAULT CHARSET=utf8 COLLATE=utf8_unicode_ci;

DROP TABLE IF EXISTS `craft_users`;


--
-- Schema for table `craft_users`
--
CREATE TABLE `craft_users` (
  `id` int(11) NOT NULL,
  `username` varchar(100) COLLATE utf8_unicode_ci NOT NULL,
  `photo` varchar(100) COLLATE utf8_unicode_ci DEFAULT NULL,
  `firstName` varchar(100) COLLATE utf8_unicode_ci DEFAULT NULL,
  `lastName` varchar(100) COLLATE utf8_unicode_ci DEFAULT NULL,
  `email` varchar(255) COLLATE utf8_unicode_ci NOT NULL,
  `password` char(255) COLLATE utf8_unicode_ci DEFAULT NULL,
  `preferredLocale` char(12) COLLATE utf8_unicode_ci DEFAULT NULL,
  `weekStartDay` tinyint(1) unsigned NOT NULL DEFAULT '0',
  `admin` tinyint(1) unsigned NOT NULL DEFAULT '0',
  `client` tinyint(1) unsigned NOT NULL DEFAULT '0',
  `locked` tinyint(1) unsigned NOT NULL DEFAULT '0',
  `suspended` tinyint(1) unsigned NOT NULL DEFAULT '0',
  `pending` tinyint(1) unsigned NOT NULL DEFAULT '0',
  `archived` tinyint(1) unsigned NOT NULL DEFAULT '0',
  `lastLoginDate` datetime DEFAULT NULL,
  `lastLoginAttemptIPAddress` varchar(45) COLLATE utf8_unicode_ci DEFAULT NULL,
  `invalidLoginWindowStart` datetime DEFAULT NULL,
  `invalidLoginCount` tinyint(4) unsigned DEFAULT NULL,
  `lastInvalidLoginDate` datetime DEFAULT NULL,
  `lockoutDate` datetime DEFAULT NULL,
  `verificationCode` char(100) COLLATE utf8_unicode_ci DEFAULT NULL,
  `verificationCodeIssuedDate` datetime DEFAULT NULL,
  `unverifiedEmail` varchar(255) COLLATE utf8_unicode_ci DEFAULT NULL,
  `passwordResetRequired` tinyint(1) unsigned NOT NULL DEFAULT '0',
  `lastPasswordChangeDate` datetime DEFAULT NULL,
  `dateCreated` datetime NOT NULL,
  `dateUpdated` datetime NOT NULL,
  `uid` char(36) COLLATE utf8_unicode_ci NOT NULL DEFAULT '0',
  PRIMARY KEY (`id`),
  UNIQUE KEY `craft_users_username_unq_idx` (`username`),
  UNIQUE KEY `craft_users_email_unq_idx` (`email`),
  KEY `craft_users_verificationCode_idx` (`verificationCode`),
  KEY `craft_users_uid_idx` (`uid`),
  KEY `craft_users_preferredLocale_fk` (`preferredLocale`)
) ENGINE=InnoDB DEFAULT CHARSET=utf8 COLLATE=utf8_unicode_ci;

--
-- Data for table `craft_users`
--

INSERT INTO `craft_users` (`id`, `username`, `photo`, `firstName`, `lastName`, `email`, `password`, `preferredLocale`, `weekStartDay`, `admin`, `client`, `locked`, `suspended`, `pending`, `archived`, `lastLoginDate`, `lastLoginAttemptIPAddress`, `invalidLoginWindowStart`, `invalidLoginCount`, `lastInvalidLoginDate`, `lockoutDate`, `verificationCode`, `verificationCodeIssuedDate`, `unverifiedEmail`, `passwordResetRequired`, `lastPasswordChangeDate`, `dateCreated`, `dateUpdated`, `uid`) VALUES
 ('1', 'admin', NULL, NULL, NULL, 'help@louderthanten.com', '$2a$13$w3FJc.FqHbtJgQUT983ocO3srqhQj1a2uQQl0xnZop3CYqlka5u8W', NULL, '0', '1', '0', '0', '0', '0', '0', '2016-07-08 18:30:02', '::1', NULL, NULL, NULL, NULL, NULL, NULL, NULL, '0', '2015-05-15 20:59:38', '2015-05-15 20:59:38', '2016-07-08 18:30:02', '7c194cca-3fdd-48cf-9ebd-7229b1addb2d');



DROP TABLE IF EXISTS `craft_widgets`;


--
-- Schema for table `craft_widgets`
--
CREATE TABLE `craft_widgets` (
  `id` int(11) NOT NULL AUTO_INCREMENT,
  `userId` int(11) NOT NULL,
  `type` varchar(150) COLLATE utf8_unicode_ci NOT NULL,
  `sortOrder` smallint(6) unsigned DEFAULT NULL,
  `colspan` tinyint(4) unsigned DEFAULT NULL,
  `settings` text COLLATE utf8_unicode_ci,
  `enabled` tinyint(1) unsigned NOT NULL DEFAULT '1',
  `dateCreated` datetime NOT NULL,
  `dateUpdated` datetime NOT NULL,
  `uid` char(36) COLLATE utf8_unicode_ci NOT NULL DEFAULT '0',
  PRIMARY KEY (`id`),
  KEY `craft_widgets_userId_fk` (`userId`)
) ENGINE=InnoDB AUTO_INCREMENT=5 DEFAULT CHARSET=utf8 COLLATE=utf8_unicode_ci;

--
-- Data for table `craft_widgets`
--

INSERT INTO `craft_widgets` (`id`, `userId`, `type`, `sortOrder`, `colspan`, `settings`, `enabled`, `dateCreated`, `dateUpdated`, `uid`) VALUES
 ('1', '1', 'RecentEntries', '1', NULL, NULL, '1', '2015-05-15 21:00:47', '2015-05-15 21:00:47', 'b272650d-fe4c-47ee-b2e7-818392f1b8a4'),
 ('2', '1', 'GetHelp', '2', NULL, NULL, '1', '2015-05-15 21:00:47', '2015-05-15 21:00:47', '791b24f8-a5ae-4712-b4df-d3b5620fb194'),
 ('3', '1', 'Updates', '3', NULL, NULL, '1', '2015-05-15 21:00:47', '2015-05-15 21:00:47', '989819ae-efac-43c0-b2ab-ba54ec41336b'),
 ('4', '1', 'Feed', '4', NULL, '{\"url\":\"https:\\/\\/craftcms.com\\/news.rss\",\"title\":\"Craft News\"}', '1', '2015-05-15 21:00:47', '2015-12-11 04:30:43', '6a1cb7d6-c7e4-4230-8667-f7597fbf2e2a');


--
-- Constraints for tables
--


--
-- Constraints for table `craft_assetfiles`
--
ALTER TABLE `craft_assetfiles`
	ADD CONSTRAINT `craft_assetfiles_folderId_fk` FOREIGN KEY (`folderId`) REFERENCES `craft_assetfolders` (`id`) ON DELETE CASCADE,
	ADD CONSTRAINT `craft_assetfiles_id_fk` FOREIGN KEY (`id`) REFERENCES `craft_elements` (`id`) ON DELETE CASCADE,
	ADD CONSTRAINT `craft_assetfiles_sourceId_fk` FOREIGN KEY (`sourceId`) REFERENCES `craft_assetsources` (`id`) ON DELETE CASCADE;

--
-- Constraints for table `craft_assetfolders`
--
ALTER TABLE `craft_assetfolders`
	ADD CONSTRAINT `craft_assetfolders_parentId_fk` FOREIGN KEY (`parentId`) REFERENCES `craft_assetfolders` (`id`) ON DELETE CASCADE,
	ADD CONSTRAINT `craft_assetfolders_sourceId_fk` FOREIGN KEY (`sourceId`) REFERENCES `craft_assetsources` (`id`) ON DELETE CASCADE;

--
-- Constraints for table `craft_assetindexdata`
--
ALTER TABLE `craft_assetindexdata`
	ADD CONSTRAINT `craft_assetindexdata_sourceId_fk` FOREIGN KEY (`sourceId`) REFERENCES `craft_assetsources` (`id`) ON DELETE CASCADE;

--
-- Constraints for table `craft_assetsources`
--
ALTER TABLE `craft_assetsources`
	ADD CONSTRAINT `craft_assetsources_fieldLayoutId_fk` FOREIGN KEY (`fieldLayoutId`) REFERENCES `craft_fieldlayouts` (`id`) ON DELETE SET NULL;

--
-- Constraints for table `craft_categories`
--
ALTER TABLE `craft_categories`
	ADD CONSTRAINT `craft_categories_groupId_fk` FOREIGN KEY (`groupId`) REFERENCES `craft_categorygroups` (`id`) ON DELETE CASCADE,
	ADD CONSTRAINT `craft_categories_id_fk` FOREIGN KEY (`id`) REFERENCES `craft_elements` (`id`) ON DELETE CASCADE;

--
-- Constraints for table `craft_categorygroups`
--
ALTER TABLE `craft_categorygroups`
	ADD CONSTRAINT `craft_categorygroups_fieldLayoutId_fk` FOREIGN KEY (`fieldLayoutId`) REFERENCES `craft_fieldlayouts` (`id`) ON DELETE SET NULL,
	ADD CONSTRAINT `craft_categorygroups_structureId_fk` FOREIGN KEY (`structureId`) REFERENCES `craft_structures` (`id`) ON DELETE CASCADE;

--
-- Constraints for table `craft_categorygroups_i18n`
--
ALTER TABLE `craft_categorygroups_i18n`
	ADD CONSTRAINT `craft_categorygroups_i18n_groupId_fk` FOREIGN KEY (`groupId`) REFERENCES `craft_categorygroups` (`id`) ON DELETE CASCADE,
	ADD CONSTRAINT `craft_categorygroups_i18n_locale_fk` FOREIGN KEY (`locale`) REFERENCES `craft_locales` (`locale`) ON DELETE CASCADE ON UPDATE CASCADE;

--
-- Constraints for table `craft_content`
--
ALTER TABLE `craft_content`
	ADD CONSTRAINT `craft_content_elementId_fk` FOREIGN KEY (`elementId`) REFERENCES `craft_elements` (`id`) ON DELETE CASCADE,
	ADD CONSTRAINT `craft_content_locale_fk` FOREIGN KEY (`locale`) REFERENCES `craft_locales` (`locale`) ON DELETE CASCADE ON UPDATE CASCADE;

--
-- Constraints for table `craft_elements_i18n`
--
ALTER TABLE `craft_elements_i18n`
	ADD CONSTRAINT `craft_elements_i18n_elementId_fk` FOREIGN KEY (`elementId`) REFERENCES `craft_elements` (`id`) ON DELETE CASCADE,
	ADD CONSTRAINT `craft_elements_i18n_locale_fk` FOREIGN KEY (`locale`) REFERENCES `craft_locales` (`locale`) ON DELETE CASCADE ON UPDATE CASCADE;

--
-- Constraints for table `craft_emailmessages`
--
ALTER TABLE `craft_emailmessages`
	ADD CONSTRAINT `craft_emailmessages_locale_fk` FOREIGN KEY (`locale`) REFERENCES `craft_locales` (`locale`) ON DELETE CASCADE ON UPDATE CASCADE;

--
-- Constraints for table `craft_entries`
--
ALTER TABLE `craft_entries`
	ADD CONSTRAINT `craft_entries_authorId_fk` FOREIGN KEY (`authorId`) REFERENCES `craft_users` (`id`) ON DELETE CASCADE,
	ADD CONSTRAINT `craft_entries_id_fk` FOREIGN KEY (`id`) REFERENCES `craft_elements` (`id`) ON DELETE CASCADE,
	ADD CONSTRAINT `craft_entries_sectionId_fk` FOREIGN KEY (`sectionId`) REFERENCES `craft_sections` (`id`) ON DELETE CASCADE,
	ADD CONSTRAINT `craft_entries_typeId_fk` FOREIGN KEY (`typeId`) REFERENCES `craft_entrytypes` (`id`) ON DELETE CASCADE;

--
-- Constraints for table `craft_entrydrafts`
--
ALTER TABLE `craft_entrydrafts`
	ADD CONSTRAINT `craft_entrydrafts_creatorId_fk` FOREIGN KEY (`creatorId`) REFERENCES `craft_users` (`id`) ON DELETE CASCADE,
	ADD CONSTRAINT `craft_entrydrafts_entryId_fk` FOREIGN KEY (`entryId`) REFERENCES `craft_entries` (`id`) ON DELETE CASCADE,
	ADD CONSTRAINT `craft_entrydrafts_locale_fk` FOREIGN KEY (`locale`) REFERENCES `craft_locales` (`locale`) ON DELETE CASCADE ON UPDATE CASCADE,
	ADD CONSTRAINT `craft_entrydrafts_sectionId_fk` FOREIGN KEY (`sectionId`) REFERENCES `craft_sections` (`id`) ON DELETE CASCADE;

--
-- Constraints for table `craft_entrytypes`
--
ALTER TABLE `craft_entrytypes`
	ADD CONSTRAINT `craft_entrytypes_fieldLayoutId_fk` FOREIGN KEY (`fieldLayoutId`) REFERENCES `craft_fieldlayouts` (`id`) ON DELETE SET NULL,
	ADD CONSTRAINT `craft_entrytypes_sectionId_fk` FOREIGN KEY (`sectionId`) REFERENCES `craft_sections` (`id`) ON DELETE CASCADE;

--
-- Constraints for table `craft_entryversions`
--
ALTER TABLE `craft_entryversions`
	ADD CONSTRAINT `craft_entryversions_creatorId_fk` FOREIGN KEY (`creatorId`) REFERENCES `craft_users` (`id`) ON DELETE SET NULL,
	ADD CONSTRAINT `craft_entryversions_entryId_fk` FOREIGN KEY (`entryId`) REFERENCES `craft_entries` (`id`) ON DELETE CASCADE,
	ADD CONSTRAINT `craft_entryversions_locale_fk` FOREIGN KEY (`locale`) REFERENCES `craft_locales` (`locale`) ON DELETE CASCADE ON UPDATE CASCADE,
	ADD CONSTRAINT `craft_entryversions_sectionId_fk` FOREIGN KEY (`sectionId`) REFERENCES `craft_sections` (`id`) ON DELETE CASCADE;

--
-- Constraints for table `craft_fieldlayoutfields`
--
ALTER TABLE `craft_fieldlayoutfields`
	ADD CONSTRAINT `craft_fieldlayoutfields_fieldId_fk` FOREIGN KEY (`fieldId`) REFERENCES `craft_fields` (`id`) ON DELETE CASCADE,
	ADD CONSTRAINT `craft_fieldlayoutfields_layoutId_fk` FOREIGN KEY (`layoutId`) REFERENCES `craft_fieldlayouts` (`id`) ON DELETE CASCADE,
	ADD CONSTRAINT `craft_fieldlayoutfields_tabId_fk` FOREIGN KEY (`tabId`) REFERENCES `craft_fieldlayouttabs` (`id`) ON DELETE CASCADE;

--
-- Constraints for table `craft_fieldlayouttabs`
--
ALTER TABLE `craft_fieldlayouttabs`
	ADD CONSTRAINT `craft_fieldlayouttabs_layoutId_fk` FOREIGN KEY (`layoutId`) REFERENCES `craft_fieldlayouts` (`id`) ON DELETE CASCADE;

--
-- Constraints for table `craft_fields`
--
ALTER TABLE `craft_fields`
	ADD CONSTRAINT `craft_fields_groupId_fk` FOREIGN KEY (`groupId`) REFERENCES `craft_fieldgroups` (`id`) ON DELETE CASCADE;

--
-- Constraints for table `craft_globalsets`
--
ALTER TABLE `craft_globalsets`
	ADD CONSTRAINT `craft_globalsets_fieldLayoutId_fk` FOREIGN KEY (`fieldLayoutId`) REFERENCES `craft_fieldlayouts` (`id`) ON DELETE SET NULL,
	ADD CONSTRAINT `craft_globalsets_id_fk` FOREIGN KEY (`id`) REFERENCES `craft_elements` (`id`) ON DELETE CASCADE;

--
-- Constraints for table `craft_matrixblocks`
--
ALTER TABLE `craft_matrixblocks`
	ADD CONSTRAINT `craft_matrixblocks_fieldId_fk` FOREIGN KEY (`fieldId`) REFERENCES `craft_fields` (`id`) ON DELETE CASCADE,
	ADD CONSTRAINT `craft_matrixblocks_id_fk` FOREIGN KEY (`id`) REFERENCES `craft_elements` (`id`) ON DELETE CASCADE,
	ADD CONSTRAINT `craft_matrixblocks_ownerId_fk` FOREIGN KEY (`ownerId`) REFERENCES `craft_elements` (`id`) ON DELETE CASCADE,
	ADD CONSTRAINT `craft_matrixblocks_ownerLocale_fk` FOREIGN KEY (`ownerLocale`) REFERENCES `craft_locales` (`locale`) ON DELETE CASCADE ON UPDATE CASCADE,
	ADD CONSTRAINT `craft_matrixblocks_typeId_fk` FOREIGN KEY (`typeId`) REFERENCES `craft_matrixblocktypes` (`id`) ON DELETE CASCADE;

--
-- Constraints for table `craft_matrixblocktypes`
--
ALTER TABLE `craft_matrixblocktypes`
	ADD CONSTRAINT `craft_matrixblocktypes_fieldId_fk` FOREIGN KEY (`fieldId`) REFERENCES `craft_fields` (`id`) ON DELETE CASCADE,
	ADD CONSTRAINT `craft_matrixblocktypes_fieldLayoutId_fk` FOREIGN KEY (`fieldLayoutId`) REFERENCES `craft_fieldlayouts` (`id`) ON DELETE SET NULL;

--
-- Constraints for table `craft_matrixcontent_artdirection`
--
ALTER TABLE `craft_matrixcontent_artdirection`
	ADD CONSTRAINT `craft_matrixcontent_artdirection_elementId_fk` FOREIGN KEY (`elementId`) REFERENCES `craft_elements` (`id`) ON DELETE CASCADE,
	ADD CONSTRAINT `craft_matrixcontent_artdirection_locale_fk` FOREIGN KEY (`locale`) REFERENCES `craft_locales` (`locale`) ON DELETE CASCADE ON UPDATE CASCADE;

--
-- Constraints for table `craft_migrations`
--
ALTER TABLE `craft_migrations`
	ADD CONSTRAINT `craft_migrations_pluginId_fk` FOREIGN KEY (`pluginId`) REFERENCES `craft_plugins` (`id`) ON DELETE CASCADE;

--
-- Constraints for table `craft_neoblocks`
--
ALTER TABLE `craft_neoblocks`
	ADD CONSTRAINT `craft_neoblocks_fieldId_fk` FOREIGN KEY (`fieldId`) REFERENCES `craft_fields` (`id`) ON DELETE CASCADE,
	ADD CONSTRAINT `craft_neoblocks_id_fk` FOREIGN KEY (`id`) REFERENCES `craft_elements` (`id`) ON DELETE CASCADE,
	ADD CONSTRAINT `craft_neoblocks_ownerId_fk` FOREIGN KEY (`ownerId`) REFERENCES `craft_elements` (`id`) ON DELETE CASCADE,
	ADD CONSTRAINT `craft_neoblocks_ownerLocale_fk` FOREIGN KEY (`ownerLocale`) REFERENCES `craft_locales` (`locale`) ON DELETE CASCADE ON UPDATE CASCADE,
	ADD CONSTRAINT `craft_neoblocks_typeId_fk` FOREIGN KEY (`typeId`) REFERENCES `craft_neoblocktypes` (`id`) ON DELETE CASCADE;

--
-- Constraints for table `craft_neoblockstructures`
--
ALTER TABLE `craft_neoblockstructures`
	ADD CONSTRAINT `craft_neoblockstructures_fieldId_fk` FOREIGN KEY (`fieldId`) REFERENCES `craft_fields` (`id`) ON DELETE CASCADE,
	ADD CONSTRAINT `craft_neoblockstructures_ownerId_fk` FOREIGN KEY (`ownerId`) REFERENCES `craft_elements` (`id`) ON DELETE CASCADE,
	ADD CONSTRAINT `craft_neoblockstructures_ownerLocale_fk` FOREIGN KEY (`ownerLocale`) REFERENCES `craft_locales` (`locale`) ON DELETE CASCADE ON UPDATE CASCADE,
	ADD CONSTRAINT `craft_neoblockstructures_structureId_fk` FOREIGN KEY (`structureId`) REFERENCES `craft_structures` (`id`) ON DELETE CASCADE;

--
-- Constraints for table `craft_neoblocktypes`
--
ALTER TABLE `craft_neoblocktypes`
	ADD CONSTRAINT `craft_neoblocktypes_fieldId_fk` FOREIGN KEY (`fieldId`) REFERENCES `craft_fields` (`id`) ON DELETE CASCADE,
	ADD CONSTRAINT `craft_neoblocktypes_fieldLayoutId_fk` FOREIGN KEY (`fieldLayoutId`) REFERENCES `craft_fieldlayouts` (`id`) ON DELETE SET NULL;

--
-- Constraints for table `craft_neogroups`
--
ALTER TABLE `craft_neogroups`
	ADD CONSTRAINT `craft_neogroups_fieldId_fk` FOREIGN KEY (`fieldId`) REFERENCES `craft_fields` (`id`) ON DELETE CASCADE;

--
-- Constraints for table `craft_relabel`
--
ALTER TABLE `craft_relabel`
	ADD CONSTRAINT `craft_relabel_fieldId_fk` FOREIGN KEY (`fieldId`) REFERENCES `craft_fields` (`id`) ON DELETE CASCADE,
	ADD CONSTRAINT `craft_relabel_fieldLayoutId_fk` FOREIGN KEY (`fieldLayoutId`) REFERENCES `craft_fieldlayouts` (`id`) ON DELETE CASCADE;

--
-- Constraints for table `craft_relations`
--
ALTER TABLE `craft_relations`
	ADD CONSTRAINT `craft_relations_fieldId_fk` FOREIGN KEY (`fieldId`) REFERENCES `craft_fields` (`id`) ON DELETE CASCADE,
	ADD CONSTRAINT `craft_relations_sourceId_fk` FOREIGN KEY (`sourceId`) REFERENCES `craft_elements` (`id`) ON DELETE CASCADE,
	ADD CONSTRAINT `craft_relations_sourceLocale_fk` FOREIGN KEY (`sourceLocale`) REFERENCES `craft_locales` (`locale`) ON DELETE CASCADE ON UPDATE CASCADE,
	ADD CONSTRAINT `craft_relations_targetId_fk` FOREIGN KEY (`targetId`) REFERENCES `craft_elements` (`id`) ON DELETE CASCADE;

--
-- Constraints for table `craft_routes`
--
ALTER TABLE `craft_routes`
	ADD CONSTRAINT `craft_routes_locale_fk` FOREIGN KEY (`locale`) REFERENCES `craft_locales` (`locale`) ON DELETE CASCADE ON UPDATE CASCADE;

--
-- Constraints for table `craft_sections`
--
ALTER TABLE `craft_sections`
	ADD CONSTRAINT `craft_sections_structureId_fk` FOREIGN KEY (`structureId`) REFERENCES `craft_structures` (`id`) ON DELETE SET NULL;

--
-- Constraints for table `craft_sections_i18n`
--
ALTER TABLE `craft_sections_i18n`
	ADD CONSTRAINT `craft_sections_i18n_locale_fk` FOREIGN KEY (`locale`) REFERENCES `craft_locales` (`locale`) ON DELETE CASCADE ON UPDATE CASCADE,
	ADD CONSTRAINT `craft_sections_i18n_sectionId_fk` FOREIGN KEY (`sectionId`) REFERENCES `craft_sections` (`id`) ON DELETE CASCADE;

--
-- Constraints for table `craft_sessions`
--
ALTER TABLE `craft_sessions`
	ADD CONSTRAINT `craft_sessions_userId_fk` FOREIGN KEY (`userId`) REFERENCES `craft_users` (`id`) ON DELETE CASCADE;

--
-- Constraints for table `craft_shunnedmessages`
--
ALTER TABLE `craft_shunnedmessages`
	ADD CONSTRAINT `craft_shunnedmessages_userId_fk` FOREIGN KEY (`userId`) REFERENCES `craft_users` (`id`) ON DELETE CASCADE;

--
-- Constraints for table `craft_structureelements`
--
ALTER TABLE `craft_structureelements`
	ADD CONSTRAINT `craft_structureelements_elementId_fk` FOREIGN KEY (`elementId`) REFERENCES `craft_elements` (`id`) ON DELETE CASCADE,
	ADD CONSTRAINT `craft_structureelements_structureId_fk` FOREIGN KEY (`structureId`) REFERENCES `craft_structures` (`id`) ON DELETE CASCADE;

--
-- Constraints for table `craft_taggroups`
--
ALTER TABLE `craft_taggroups`
	ADD CONSTRAINT `craft_taggroups_fieldLayoutId_fk` FOREIGN KEY (`fieldLayoutId`) REFERENCES `craft_fieldlayouts` (`id`) ON DELETE SET NULL;

--
-- Constraints for table `craft_tags`
--
ALTER TABLE `craft_tags`
	ADD CONSTRAINT `craft_tags_groupId_fk` FOREIGN KEY (`groupId`) REFERENCES `craft_taggroups` (`id`) ON DELETE CASCADE,
	ADD CONSTRAINT `craft_tags_id_fk` FOREIGN KEY (`id`) REFERENCES `craft_elements` (`id`) ON DELETE CASCADE;

--
-- Constraints for table `craft_templatecachecriteria`
--
ALTER TABLE `craft_templatecachecriteria`
	ADD CONSTRAINT `craft_templatecachecriteria_cacheId_fk` FOREIGN KEY (`cacheId`) REFERENCES `craft_templatecaches` (`id`) ON DELETE CASCADE;

--
-- Constraints for table `craft_templatecacheelements`
--
ALTER TABLE `craft_templatecacheelements`
	ADD CONSTRAINT `craft_templatecacheelements_cacheId_fk` FOREIGN KEY (`cacheId`) REFERENCES `craft_templatecaches` (`id`) ON DELETE CASCADE,
	ADD CONSTRAINT `craft_templatecacheelements_elementId_fk` FOREIGN KEY (`elementId`) REFERENCES `craft_elements` (`id`) ON DELETE CASCADE;

--
-- Constraints for table `craft_templatecaches`
--
ALTER TABLE `craft_templatecaches`
	ADD CONSTRAINT `craft_templatecaches_locale_fk` FOREIGN KEY (`locale`) REFERENCES `craft_locales` (`locale`) ON DELETE CASCADE ON UPDATE CASCADE;

--
-- Constraints for table `craft_usergroups_users`
--
ALTER TABLE `craft_usergroups_users`
	ADD CONSTRAINT `craft_usergroups_users_groupId_fk` FOREIGN KEY (`groupId`) REFERENCES `craft_usergroups` (`id`) ON DELETE CASCADE,
	ADD CONSTRAINT `craft_usergroups_users_userId_fk` FOREIGN KEY (`userId`) REFERENCES `craft_users` (`id`) ON DELETE CASCADE;

--
-- Constraints for table `craft_userpermissions_usergroups`
--
ALTER TABLE `craft_userpermissions_usergroups`
	ADD CONSTRAINT `craft_userpermissions_usergroups_groupId_fk` FOREIGN KEY (`groupId`) REFERENCES `craft_usergroups` (`id`) ON DELETE CASCADE,
	ADD CONSTRAINT `craft_userpermissions_usergroups_permissionId_fk` FOREIGN KEY (`permissionId`) REFERENCES `craft_userpermissions` (`id`) ON DELETE CASCADE;

--
-- Constraints for table `craft_userpermissions_users`
--
ALTER TABLE `craft_userpermissions_users`
	ADD CONSTRAINT `craft_userpermissions_users_permissionId_fk` FOREIGN KEY (`permissionId`) REFERENCES `craft_userpermissions` (`id`) ON DELETE CASCADE,
	ADD CONSTRAINT `craft_userpermissions_users_userId_fk` FOREIGN KEY (`userId`) REFERENCES `craft_users` (`id`) ON DELETE CASCADE;

--
-- Constraints for table `craft_users`
--
ALTER TABLE `craft_users`
	ADD CONSTRAINT `craft_users_id_fk` FOREIGN KEY (`id`) REFERENCES `craft_elements` (`id`) ON DELETE CASCADE,
	ADD CONSTRAINT `craft_users_preferredLocale_fk` FOREIGN KEY (`preferredLocale`) REFERENCES `craft_locales` (`locale`) ON DELETE SET NULL ON UPDATE CASCADE;

--
-- Constraints for table `craft_widgets`
--
ALTER TABLE `craft_widgets`
	ADD CONSTRAINT `craft_widgets_userId_fk` FOREIGN KEY (`userId`) REFERENCES `craft_users` (`id`) ON DELETE CASCADE;

SET FOREIGN_KEY_CHECKS = 1;
