-- Generated by Craft v2.6.2785 on May 20, 2016, 6:24:42 AM.

--
-- Disable foreign key checks and autocommit.
--

SET FOREIGN_KEY_CHECKS = 0;
SET SQL_MODE = "NO_AUTO_VALUE_ON_ZERO";
SET AUTOCOMMIT = 0;
SET NAMES utf8;


DROP TABLE IF EXISTS `craft_assetfiles`;


--
-- Schema for table `craft_assetfiles`
--
CREATE TABLE `craft_assetfiles` (
  `id` int(11) NOT NULL,
  `sourceId` int(11) DEFAULT NULL,
  `folderId` int(11) NOT NULL,
  `filename` varchar(255) COLLATE utf8_unicode_ci NOT NULL,
  `kind` varchar(50) COLLATE utf8_unicode_ci NOT NULL DEFAULT 'unknown',
  `width` int(11) unsigned DEFAULT NULL,
  `height` int(11) unsigned DEFAULT NULL,
  `size` bigint(20) unsigned DEFAULT NULL,
  `dateModified` datetime DEFAULT NULL,
  `dateCreated` datetime NOT NULL,
  `dateUpdated` datetime NOT NULL,
  `uid` char(36) COLLATE utf8_unicode_ci NOT NULL DEFAULT '0',
  PRIMARY KEY (`id`),
  UNIQUE KEY `craft_assetfiles_filename_folderId_unq_idx` (`filename`,`folderId`),
  KEY `craft_assetfiles_sourceId_fk` (`sourceId`),
  KEY `craft_assetfiles_folderId_fk` (`folderId`)
) ENGINE=InnoDB DEFAULT CHARSET=utf8 COLLATE=utf8_unicode_ci;

DROP TABLE IF EXISTS `craft_assetfolders`;


--
-- Schema for table `craft_assetfolders`
--
CREATE TABLE `craft_assetfolders` (
  `id` int(11) NOT NULL AUTO_INCREMENT,
  `parentId` int(11) DEFAULT NULL,
  `sourceId` int(11) DEFAULT NULL,
  `name` varchar(255) COLLATE utf8_unicode_ci NOT NULL,
  `path` varchar(255) COLLATE utf8_unicode_ci DEFAULT NULL,
  `dateCreated` datetime NOT NULL,
  `dateUpdated` datetime NOT NULL,
  `uid` char(36) COLLATE utf8_unicode_ci NOT NULL DEFAULT '0',
  PRIMARY KEY (`id`),
  UNIQUE KEY `craft_assetfolders_name_parentId_sourceId_unq_idx` (`name`,`parentId`,`sourceId`),
  KEY `craft_assetfolders_parentId_fk` (`parentId`),
  KEY `craft_assetfolders_sourceId_fk` (`sourceId`)
) ENGINE=InnoDB AUTO_INCREMENT=2 DEFAULT CHARSET=utf8 COLLATE=utf8_unicode_ci;

--
-- Data for table `craft_assetfolders`
--

INSERT INTO `craft_assetfolders` (`id`, `parentId`, `sourceId`, `name`, `path`, `dateCreated`, `dateUpdated`, `uid`) VALUES
 ('1', NULL, '1', 'Article images', '', '2015-05-15 21:39:23', '2015-05-15 21:39:23', '6ecf1e41-655a-4d3b-beb9-4ea10668f60d');



DROP TABLE IF EXISTS `craft_assetindexdata`;


--
-- Schema for table `craft_assetindexdata`
--
CREATE TABLE `craft_assetindexdata` (
  `id` int(11) NOT NULL AUTO_INCREMENT,
  `sessionId` varchar(36) COLLATE utf8_unicode_ci NOT NULL DEFAULT '',
  `sourceId` int(10) NOT NULL,
  `offset` int(10) NOT NULL,
  `uri` varchar(255) COLLATE utf8_unicode_ci DEFAULT NULL,
  `size` bigint(20) unsigned DEFAULT NULL,
  `recordId` int(10) DEFAULT NULL,
  `dateCreated` datetime NOT NULL,
  `dateUpdated` datetime NOT NULL,
  `uid` char(36) COLLATE utf8_unicode_ci NOT NULL DEFAULT '0',
  PRIMARY KEY (`id`),
  UNIQUE KEY `craft_assetindexdata_sessionId_sourceId_offset_unq_idx` (`sessionId`,`sourceId`,`offset`),
  KEY `craft_assetindexdata_sourceId_fk` (`sourceId`)
) ENGINE=InnoDB DEFAULT CHARSET=utf8 COLLATE=utf8_unicode_ci;

DROP TABLE IF EXISTS `craft_assetsources`;


--
-- Schema for table `craft_assetsources`
--
CREATE TABLE `craft_assetsources` (
  `id` int(11) NOT NULL AUTO_INCREMENT,
  `name` varchar(255) COLLATE utf8_unicode_ci NOT NULL,
  `handle` varchar(255) COLLATE utf8_unicode_ci NOT NULL,
  `type` varchar(150) COLLATE utf8_unicode_ci NOT NULL,
  `settings` text COLLATE utf8_unicode_ci,
  `sortOrder` smallint(6) unsigned DEFAULT NULL,
  `fieldLayoutId` int(10) DEFAULT NULL,
  `dateCreated` datetime NOT NULL,
  `dateUpdated` datetime NOT NULL,
  `uid` char(36) COLLATE utf8_unicode_ci NOT NULL DEFAULT '0',
  PRIMARY KEY (`id`),
  UNIQUE KEY `craft_assetsources_name_unq_idx` (`name`),
  UNIQUE KEY `craft_assetsources_handle_unq_idx` (`handle`),
  KEY `craft_assetsources_fieldLayoutId_fk` (`fieldLayoutId`)
) ENGINE=InnoDB AUTO_INCREMENT=2 DEFAULT CHARSET=utf8 COLLATE=utf8_unicode_ci;

--
-- Data for table `craft_assetsources`
--

INSERT INTO `craft_assetsources` (`id`, `name`, `handle`, `type`, `settings`, `sortOrder`, `fieldLayoutId`, `dateCreated`, `dateUpdated`, `uid`) VALUES
 ('1', 'Article images', 'articleImages', 'Local', '{\"path\":\"~\\/public_html\\/img\\/\",\"url\":\"\\/img\\/\",\"publicURLs\":true}', '1', '20', '2015-05-15 21:39:23', '2016-05-11 02:30:07', '473a5d2b-d024-40c4-99e7-793297204ba6');



DROP TABLE IF EXISTS `craft_assettransformindex`;


--
-- Schema for table `craft_assettransformindex`
--
CREATE TABLE `craft_assettransformindex` (
  `id` int(11) NOT NULL AUTO_INCREMENT,
  `fileId` int(11) NOT NULL,
  `filename` varchar(255) COLLATE utf8_unicode_ci DEFAULT NULL,
  `format` varchar(255) COLLATE utf8_unicode_ci DEFAULT NULL,
  `location` varchar(255) COLLATE utf8_unicode_ci NOT NULL,
  `sourceId` int(11) DEFAULT NULL,
  `fileExists` tinyint(1) DEFAULT NULL,
  `inProgress` tinyint(1) DEFAULT NULL,
  `dateIndexed` datetime DEFAULT NULL,
  `dateCreated` datetime NOT NULL,
  `dateUpdated` datetime NOT NULL,
  `uid` char(36) COLLATE utf8_unicode_ci NOT NULL DEFAULT '0',
  PRIMARY KEY (`id`),
  KEY `craft_assettransformindex_sourceId_fileId_location_idx` (`sourceId`,`fileId`,`location`)
) ENGINE=InnoDB DEFAULT CHARSET=utf8 COLLATE=utf8_unicode_ci;

DROP TABLE IF EXISTS `craft_assettransforms`;


--
-- Schema for table `craft_assettransforms`
--
CREATE TABLE `craft_assettransforms` (
  `id` int(11) NOT NULL AUTO_INCREMENT,
  `name` varchar(255) COLLATE utf8_unicode_ci NOT NULL,
  `handle` varchar(255) COLLATE utf8_unicode_ci NOT NULL,
  `mode` enum('stretch','fit','crop') COLLATE utf8_unicode_ci NOT NULL DEFAULT 'crop',
  `position` enum('top-left','top-center','top-right','center-left','center-center','center-right','bottom-left','bottom-center','bottom-right') COLLATE utf8_unicode_ci NOT NULL DEFAULT 'center-center',
  `height` int(10) DEFAULT NULL,
  `width` int(10) DEFAULT NULL,
  `format` varchar(255) COLLATE utf8_unicode_ci DEFAULT NULL,
  `quality` int(10) DEFAULT NULL,
  `dimensionChangeTime` datetime DEFAULT NULL,
  `dateCreated` datetime NOT NULL,
  `dateUpdated` datetime NOT NULL,
  `uid` char(36) COLLATE utf8_unicode_ci NOT NULL DEFAULT '0',
  PRIMARY KEY (`id`),
  UNIQUE KEY `craft_assettransforms_name_unq_idx` (`name`),
  UNIQUE KEY `craft_assettransforms_handle_unq_idx` (`handle`)
) ENGINE=InnoDB DEFAULT CHARSET=utf8 COLLATE=utf8_unicode_ci;

DROP TABLE IF EXISTS `craft_categories`;


--
-- Schema for table `craft_categories`
--
CREATE TABLE `craft_categories` (
  `id` int(11) NOT NULL,
  `groupId` int(11) NOT NULL,
  `dateCreated` datetime NOT NULL,
  `dateUpdated` datetime NOT NULL,
  `uid` char(36) COLLATE utf8_unicode_ci NOT NULL DEFAULT '0',
  PRIMARY KEY (`id`),
  KEY `craft_categories_groupId_fk` (`groupId`)
) ENGINE=InnoDB DEFAULT CHARSET=utf8 COLLATE=utf8_unicode_ci;

DROP TABLE IF EXISTS `craft_categorygroups`;


--
-- Schema for table `craft_categorygroups`
--
CREATE TABLE `craft_categorygroups` (
  `id` int(11) NOT NULL AUTO_INCREMENT,
  `structureId` int(11) NOT NULL,
  `fieldLayoutId` int(11) DEFAULT NULL,
  `name` varchar(255) COLLATE utf8_unicode_ci NOT NULL,
  `handle` varchar(255) COLLATE utf8_unicode_ci NOT NULL,
  `hasUrls` tinyint(1) unsigned NOT NULL DEFAULT '1',
  `template` varchar(500) COLLATE utf8_unicode_ci DEFAULT NULL,
  `dateCreated` datetime NOT NULL,
  `dateUpdated` datetime NOT NULL,
  `uid` char(36) COLLATE utf8_unicode_ci NOT NULL DEFAULT '0',
  PRIMARY KEY (`id`),
  UNIQUE KEY `craft_categorygroups_name_unq_idx` (`name`),
  UNIQUE KEY `craft_categorygroups_handle_unq_idx` (`handle`),
  KEY `craft_categorygroups_structureId_fk` (`structureId`),
  KEY `craft_categorygroups_fieldLayoutId_fk` (`fieldLayoutId`)
) ENGINE=InnoDB DEFAULT CHARSET=utf8 COLLATE=utf8_unicode_ci;

DROP TABLE IF EXISTS `craft_categorygroups_i18n`;


--
-- Schema for table `craft_categorygroups_i18n`
--
CREATE TABLE `craft_categorygroups_i18n` (
  `id` int(11) NOT NULL AUTO_INCREMENT,
  `groupId` int(11) NOT NULL,
  `locale` char(12) COLLATE utf8_unicode_ci NOT NULL,
  `urlFormat` text COLLATE utf8_unicode_ci,
  `nestedUrlFormat` text COLLATE utf8_unicode_ci,
  `dateCreated` datetime NOT NULL,
  `dateUpdated` datetime NOT NULL,
  `uid` char(36) COLLATE utf8_unicode_ci NOT NULL DEFAULT '0',
  PRIMARY KEY (`id`),
  UNIQUE KEY `craft_categorygroups_i18n_groupId_locale_unq_idx` (`groupId`,`locale`),
  KEY `craft_categorygroups_i18n_locale_fk` (`locale`)
) ENGINE=InnoDB DEFAULT CHARSET=utf8 COLLATE=utf8_unicode_ci;

DROP TABLE IF EXISTS `craft_content`;


--
-- Schema for table `craft_content`
--
CREATE TABLE `craft_content` (
  `id` int(11) NOT NULL AUTO_INCREMENT,
  `elementId` int(11) NOT NULL,
  `locale` char(12) COLLATE utf8_unicode_ci NOT NULL,
  `title` varchar(255) COLLATE utf8_unicode_ci DEFAULT NULL,
  `field_imageSize` text COLLATE utf8_unicode_ci,
  `field_imagePosition` varchar(255) COLLATE utf8_unicode_ci DEFAULT NULL,
  `field_imageFinePosition` text COLLATE utf8_unicode_ci,
  `field_imageRepeat` varchar(255) COLLATE utf8_unicode_ci DEFAULT '',
  `field_fixedPosition` tinyint(1) unsigned NOT NULL DEFAULT '0',
  `field_websiteUrl` text COLLATE utf8_unicode_ci,
  `field_altText` text COLLATE utf8_unicode_ci,
  `field_caption` text COLLATE utf8_unicode_ci,
  `field_credit` text COLLATE utf8_unicode_ci,
  `field_imageCreditUrl` text COLLATE utf8_unicode_ci,
  `field_imageCreditOrganization` text COLLATE utf8_unicode_ci,
  `field_imageCreditOrgUrl` text COLLATE utf8_unicode_ci,
  `field_heading` text COLLATE utf8_unicode_ci,
  `field_subhead` text COLLATE utf8_unicode_ci,
  `field_gtm` text COLLATE utf8_unicode_ci,
  `field_width` varchar(255) COLLATE utf8_unicode_ci DEFAULT 'full',
  `field_pushLeft` varchar(255) COLLATE utf8_unicode_ci DEFAULT '',
  `field_pushRight` varchar(255) COLLATE utf8_unicode_ci DEFAULT '',
  `field_customClass` text COLLATE utf8_unicode_ci,
  `field_customColour` char(7) COLLATE utf8_unicode_ci DEFAULT NULL,
  `field_markdown` tinyint(1) unsigned NOT NULL DEFAULT '0',
  `field_text` text COLLATE utf8_unicode_ci,
  `field_colour` varchar(255) COLLATE utf8_unicode_ci DEFAULT 'transparent',
  `field_anchorName` text COLLATE utf8_unicode_ci,
  `field_rowType` varchar(255) COLLATE utf8_unicode_ci DEFAULT 'standard',
  `field_captionPosition` varchar(255) COLLATE utf8_unicode_ci DEFAULT 'leftBottom',
  `field_quoteType` varchar(255) COLLATE utf8_unicode_ci DEFAULT NULL,
  `field_float` varchar(255) COLLATE utf8_unicode_ci DEFAULT NULL,
  `field_language` varchar(255) COLLATE utf8_unicode_ci DEFAULT NULL,
  `field_dividerType` varchar(255) COLLATE utf8_unicode_ci DEFAULT 'standardRule',
  `field_embedCode` text COLLATE utf8_unicode_ci,
  `field_table` text COLLATE utf8_unicode_ci,
  `field_tableType` varchar(255) COLLATE utf8_unicode_ci DEFAULT 'invisible',
  `field_blankOutText` tinyint(1) unsigned NOT NULL DEFAULT '0',
  `dateCreated` datetime NOT NULL,
  `dateUpdated` datetime NOT NULL,
  `uid` char(36) COLLATE utf8_unicode_ci NOT NULL DEFAULT '0',
  PRIMARY KEY (`id`),
  UNIQUE KEY `craft_content_elementId_locale_unq_idx` (`elementId`,`locale`),
  KEY `craft_content_title_idx` (`title`),
  KEY `craft_content_locale_fk` (`locale`)
) ENGINE=InnoDB AUTO_INCREMENT=25 DEFAULT CHARSET=utf8 COLLATE=utf8_unicode_ci;

--
-- Data for table `craft_content`
--

INSERT INTO `craft_content` (`id`, `elementId`, `locale`, `title`, `field_imageSize`, `field_imagePosition`, `field_imageFinePosition`, `field_imageRepeat`, `field_fixedPosition`, `field_websiteUrl`, `field_altText`, `field_caption`, `field_credit`, `field_imageCreditUrl`, `field_imageCreditOrganization`, `field_imageCreditOrgUrl`, `field_heading`, `field_subhead`, `field_gtm`, `field_width`, `field_pushLeft`, `field_pushRight`, `field_customClass`, `field_customColour`, `field_markdown`, `field_text`, `field_colour`, `field_anchorName`, `field_rowType`, `field_captionPosition`, `field_quoteType`, `field_float`, `field_language`, `field_dividerType`, `field_embedCode`, `field_table`, `field_tableType`, `field_blankOutText`, `dateCreated`, `dateUpdated`, `uid`) VALUES
 ('1', '1', 'en_us', NULL, NULL, NULL, NULL, '', '0', NULL, NULL, NULL, NULL, NULL, NULL, NULL, NULL, NULL, NULL, 'full', NULL, NULL, NULL, NULL, '0', NULL, 'transparent', NULL, 'standard', 'leftBottom', NULL, NULL, NULL, 'standardRule', NULL, NULL, 'invisible', '0', '2015-05-15 20:59:38', '2015-05-15 20:59:38', 'bba6efc1-4a23-42cb-acb1-515af914d7b5'),
 ('2', '2', 'en_us', 'Louder Than Ten Editorial System', NULL, NULL, NULL, '', '0', NULL, NULL, NULL, NULL, NULL, NULL, NULL, 'Louder Than Ten', ' Editorial System', NULL, 'full', NULL, NULL, NULL, NULL, '0', NULL, 'transparent', NULL, 'standard', 'leftBottom', NULL, NULL, NULL, 'standardRule', NULL, NULL, 'invisible', '0', '2015-05-15 20:59:41', '2016-05-20 06:09:54', '0513e76f-97b1-479d-9db2-20887c18f0a4'),
 ('5', '8', 'en_us', NULL, NULL, NULL, NULL, '', '0', NULL, NULL, NULL, '&copy; Louder Than Ten. Rapidly built with [Live Wires](http://www.livewires.io).', NULL, NULL, NULL, NULL, NULL, '', 'full', NULL, NULL, NULL, NULL, '0', NULL, 'transparent', NULL, 'standard', 'leftBottom', NULL, NULL, NULL, 'standardRule', NULL, NULL, 'invisible', '0', '2016-05-11 20:23:33', '2016-05-20 06:16:36', '6cd7ec2b-2686-45d7-a9c1-fe338a2ac935'),
 ('6', '13', 'en_us', NULL, NULL, NULL, NULL, '', '0', NULL, NULL, NULL, NULL, NULL, NULL, NULL, NULL, NULL, NULL, 'full', NULL, NULL, '', '#000000', '0', NULL, 'transparent', '', 'standard', 'leftBottom', NULL, NULL, NULL, 'standardRule', NULL, NULL, 'invisible', '0', '2016-05-18 00:33:32', '2016-05-20 05:27:37', '48915912-7833-4e7c-ae92-9e867782fb1b'),
 ('7', '14', 'en_us', NULL, NULL, NULL, NULL, '', '0', NULL, NULL, NULL, NULL, NULL, NULL, NULL, NULL, NULL, NULL, 'full', '', '', '', NULL, '1', 'Test text.', 'transparent', NULL, 'standard', 'leftBottom', NULL, 'left', NULL, 'standardRule', NULL, NULL, 'invisible', '0', '2016-05-18 00:33:32', '2016-05-20 05:27:37', '380b4827-a702-42f6-9547-618412fc1daa'),
 ('8', '15', 'en_us', NULL, NULL, NULL, NULL, '', '0', NULL, NULL, NULL, NULL, NULL, NULL, NULL, NULL, NULL, NULL, 'full', '', '', '', NULL, '0', NULL, 'transparent', NULL, 'standard', 'leftBottom', NULL, NULL, NULL, 'standardRule', NULL, NULL, 'invisible', '0', '2016-05-18 00:53:45', '2016-05-20 05:27:37', 'ba253b2f-b37d-48b1-85f2-1f88e12e26d6'),
 ('9', '16', 'en_us', NULL, NULL, NULL, NULL, '', '0', NULL, NULL, NULL, NULL, NULL, NULL, NULL, NULL, NULL, NULL, 'full', '', '', '', '#000000', '0', NULL, 'reverse', '', 'standard', 'leftBottom', NULL, NULL, NULL, 'standardRule', NULL, NULL, 'invisible', '0', '2016-05-18 00:53:45', '2016-05-20 05:27:37', 'f11f2eb3-69c0-4a50-b6c8-4f313a291d44'),
 ('10', '17', 'en_us', NULL, NULL, NULL, NULL, '', '0', NULL, NULL, NULL, NULL, NULL, NULL, NULL, NULL, NULL, NULL, 'c3x2', 'pl3', '', '', NULL, '1', 'Another piece of text', 'transparent', NULL, 'standard', 'leftBottom', NULL, 'left', NULL, 'standardRule', NULL, NULL, 'invisible', '0', '2016-05-18 00:53:45', '2016-05-20 05:27:37', 'f9d0fbd5-c2ff-4de1-b3f2-22cb7a5273b3'),
 ('11', '18', 'en_us', NULL, NULL, NULL, NULL, '', '0', NULL, NULL, NULL, NULL, NULL, NULL, NULL, NULL, NULL, NULL, 'c5x3', '', '', '', NULL, '0', 'Some text', 'transparent', NULL, 'standard', 'leftBottom', 'externalQuote', 'left', NULL, 'standardRule', NULL, NULL, 'invisible', '0', '2016-05-18 00:53:45', '2016-05-20 05:27:37', 'f3c4c878-c68c-4c01-aef7-ec1dd77009f3'),
 ('13', '20', 'en_us', NULL, NULL, NULL, NULL, '', '0', NULL, NULL, NULL, NULL, NULL, NULL, NULL, NULL, NULL, NULL, 'full', '', '', '', '#000000', '0', NULL, 'transparent', '', 'standard', 'leftBottom', NULL, NULL, NULL, 'standardRule', NULL, NULL, 'invisible', '0', '2016-05-19 23:24:07', '2016-05-20 05:23:49', 'f64aaf70-3128-499c-b176-22b7a788d7a5'),
 ('14', '21', 'en_us', NULL, NULL, NULL, NULL, '', '0', NULL, NULL, NULL, NULL, NULL, NULL, NULL, NULL, NULL, NULL, 'c2', 'pl6', '', '', NULL, '1', '## Here\'s a subsection in a row\r\n\r\nasdfasdfa sdflk asdfl kjasd;fl kjads;lfkjadsl;fk jasd;lkf jasd;lkf jads;lk fjasd;lk fjads;lk fjasd;lkf jasd;lkfj asd;lkjf a;sldkjf sd;alkj f;dlsakj fasd;lkfj sdlknf asdlkjnf ;alkjf a;lsdkjf ;alsdkj fa;sldkj fas;dlkjf as;lkj fdasl;k f', 'transparent', NULL, 'standard', 'leftBottom', NULL, 'left', NULL, 'standardRule', NULL, NULL, 'invisible', '0', '2016-05-19 23:24:07', '2016-05-20 05:23:49', '653ae24a-5435-408e-b178-a4835a127767'),
 ('15', '22', 'en_us', NULL, NULL, NULL, NULL, '', '0', NULL, NULL, NULL, NULL, NULL, NULL, NULL, NULL, NULL, NULL, 'c3', '', '', '', '#000000', '1', '### This is a callout\r\n\r\nadsf asdf \r\nasdf asdf asd\r\n asdf asdf asdf\r\n asdf asdf asdf asdf asd\r\n', 'reverse', NULL, 'standard', 'leftBottom', NULL, 'right', NULL, 'standardRule', NULL, NULL, 'invisible', '0', '2016-05-19 23:24:07', '2016-05-20 05:23:49', '0057712b-a53d-47d9-82c3-c1073b4a6cab'),
 ('16', '23', 'en_us', NULL, NULL, NULL, NULL, '', '0', NULL, NULL, NULL, NULL, NULL, NULL, NULL, NULL, NULL, NULL, 'full', '', '', '', '#000000', '0', NULL, 'reverse', '', 'row--tight', 'leftBottom', NULL, NULL, NULL, 'standardRule', NULL, NULL, 'invisible', '0', '2016-05-19 23:24:07', '2016-05-20 05:23:49', '6332cf17-baf5-448f-85e1-bfc57a7353e1'),
 ('18', '25', 'en_us', NULL, NULL, NULL, NULL, '', '0', NULL, NULL, NULL, NULL, NULL, NULL, NULL, NULL, NULL, NULL, 'c3x2', 'pl3', '', '', NULL, '1', '### More test', 'transparent', NULL, 'standard', 'leftBottom', NULL, 'left', NULL, 'standardRule', NULL, NULL, 'invisible', '0', '2016-05-19 23:26:35', '2016-05-20 05:23:49', '2d1aa871-dc99-4bc9-b21f-ed0db2aa2a2e'),
 ('19', '26', 'en_us', NULL, NULL, NULL, NULL, '', '0', NULL, NULL, NULL, NULL, NULL, NULL, NULL, NULL, NULL, NULL, 'full', '', '', '', '#000000', '0', NULL, 'transparent', '', 'standard', 'leftBottom', NULL, NULL, NULL, 'standardRule', NULL, NULL, 'invisible', '0', '2016-05-20 06:08:15', '2016-05-20 06:09:54', '40435f88-0480-420e-be0c-1ce03b73fa96'),
 ('20', '27', 'en_us', NULL, NULL, NULL, NULL, '', '0', NULL, NULL, NULL, NULL, NULL, NULL, NULL, NULL, NULL, NULL, 'c3x2', '', '', '', NULL, '1', '##Your Live Wires playground\r\n\r\n<p class=\"lead\">Today we stop making trash and, instead, start building living, breathing beauties that will look and act the way they were imagined.</p>\r\n\r\nGood stuff! You’ve downloaded and set up Live Wires successfully on your machine. Here\'s how it works:\r\n\r\nLive Wires is a platform-agnostic design framework made with Sass that allows you to create responsive grey-box wireframes and prototypes in HTML & SCSS. You can keep all your code without needing to create static mock ups or other deliverables you end up throwing away.', 'transparent', NULL, 'standard', 'leftBottom', NULL, 'left', NULL, 'standardRule', NULL, NULL, 'invisible', '0', '2016-05-20 06:08:15', '2016-05-20 06:09:55', '5c0d8709-fff2-4e45-bdab-8cb6dac03dfa'),
 ('21', '28', 'en_us', NULL, NULL, NULL, NULL, '', '0', NULL, NULL, NULL, NULL, NULL, NULL, NULL, NULL, NULL, NULL, 'c3', '', '', '', NULL, '1', '###Recommended workflow\r\n\r\n####Step one\r\n\r\nBegin by creating your low-fidelity wireframes right here. This page will act as the index or home page of your project. Feel free to delete or overwrite the content on this page with your own.\r\n\r\n####Step two\r\n\r\nUse the [linked style guide](/guide/) to style your elements, components, and modules.\r\n\r\n####Step three\r\n\r\nRefine your templates and share with your team or clients as fully-responsive high-fidelity prototypes.', 'transparent', NULL, 'standard', 'leftBottom', NULL, 'left', NULL, 'standardRule', NULL, NULL, 'invisible', '0', '2016-05-20 06:08:15', '2016-05-20 06:09:55', '9aa40a09-bb99-4b65-8b93-0eecd4bfd8d1'),
 ('22', '29', 'en_us', NULL, NULL, NULL, NULL, '', '0', NULL, NULL, NULL, NULL, NULL, NULL, NULL, NULL, NULL, NULL, 'full', '', '', '', '#000000', '0', NULL, 'reverse', '', 'standard', 'leftBottom', NULL, NULL, NULL, 'standardRule', NULL, NULL, 'invisible', '0', '2016-05-20 06:08:15', '2016-05-20 06:09:55', 'd86edb2a-2248-48ae-8dfe-7b24cfb80acb'),
 ('23', '30', 'en_us', NULL, NULL, NULL, NULL, '', '0', NULL, NULL, NULL, NULL, NULL, NULL, NULL, NULL, NULL, NULL, 'c2', '', '', '', NULL, '1', '### Support\r\n \r\nSubmit your bug reports, pull requests, and questions to [GitHub](https://github.com/louderthanten/livewires/issues).', 'transparent', NULL, 'standard', 'leftBottom', NULL, 'left', NULL, 'standardRule', NULL, NULL, 'invisible', '0', '2016-05-20 06:08:15', '2016-05-20 06:09:55', '6b884aa3-3496-4b5c-97cc-a10a2223cd72'),
 ('24', '31', 'en_us', NULL, NULL, NULL, NULL, '', '0', NULL, NULL, NULL, NULL, NULL, NULL, NULL, NULL, NULL, NULL, 'c2', '', '', '', NULL, '1', '###About\r\n\r\n[Follow us on Twitter](http://twitter.com/louderthanten) and stay tuned for more detailed video how-tos about this design workflow.\r\n\r\nLive Wires is built by [Louder Than Ten](https://louderthanten.com).', 'transparent', NULL, 'standard', 'leftBottom', NULL, 'left', NULL, 'standardRule', NULL, NULL, 'invisible', '0', '2016-05-20 06:08:15', '2016-05-20 06:09:55', '31ecae8d-0d1e-460f-97d8-2fa3c7382771');



DROP TABLE IF EXISTS `craft_deprecationerrors`;


--
-- Schema for table `craft_deprecationerrors`
--
CREATE TABLE `craft_deprecationerrors` (
  `id` int(11) NOT NULL AUTO_INCREMENT,
  `key` varchar(255) COLLATE utf8_unicode_ci NOT NULL,
  `fingerprint` varchar(255) COLLATE utf8_unicode_ci NOT NULL,
  `lastOccurrence` datetime NOT NULL,
  `file` varchar(255) COLLATE utf8_unicode_ci NOT NULL,
  `line` smallint(6) unsigned NOT NULL,
  `class` varchar(255) COLLATE utf8_unicode_ci DEFAULT NULL,
  `method` varchar(255) COLLATE utf8_unicode_ci DEFAULT NULL,
  `template` varchar(255) COLLATE utf8_unicode_ci DEFAULT NULL,
  `templateLine` smallint(6) unsigned DEFAULT NULL,
  `message` varchar(255) COLLATE utf8_unicode_ci DEFAULT NULL,
  `traces` text COLLATE utf8_unicode_ci,
  `dateCreated` datetime NOT NULL,
  `dateUpdated` datetime NOT NULL,
  `uid` char(36) COLLATE utf8_unicode_ci NOT NULL DEFAULT '0',
  PRIMARY KEY (`id`),
  UNIQUE KEY `craft_deprecationerrors_key_fingerprint_unq_idx` (`key`,`fingerprint`)
) ENGINE=InnoDB DEFAULT CHARSET=utf8 COLLATE=utf8_unicode_ci;

DROP TABLE IF EXISTS `craft_elementindexsettings`;


--
-- Schema for table `craft_elementindexsettings`
--
CREATE TABLE `craft_elementindexsettings` (
  `id` int(11) NOT NULL AUTO_INCREMENT,
  `type` varchar(150) COLLATE utf8_unicode_ci NOT NULL,
  `settings` text COLLATE utf8_unicode_ci,
  `dateCreated` datetime NOT NULL,
  `dateUpdated` datetime NOT NULL,
  `uid` char(36) COLLATE utf8_unicode_ci NOT NULL DEFAULT '0',
  PRIMARY KEY (`id`),
  UNIQUE KEY `craft_elementindexsettings_type_unq_idx` (`type`)
) ENGINE=InnoDB AUTO_INCREMENT=2 DEFAULT CHARSET=utf8 COLLATE=utf8_unicode_ci;

--
-- Data for table `craft_elementindexsettings`
--

INSERT INTO `craft_elementindexsettings` (`id`, `type`, `settings`, `dateCreated`, `dateUpdated`, `uid`) VALUES
 ('1', 'Entry', '{\"sourceOrder\":[[\"key\",\"*\"],[\"heading\",\"Site\"],[\"key\",\"section:3\"],[\"key\",\"singles\"]],\"sources\":{\"singles\":{\"tableAttributes\":{\"1\":\"uri\"}},\"section:3\":{\"tableAttributes\":{\"1\":\"uri\"}}}}', '2016-05-11 20:55:21', '2016-05-11 20:56:29', '4ca22e99-05f4-4ce4-9460-9c4b03e5be3e');



DROP TABLE IF EXISTS `craft_elements`;


--
-- Schema for table `craft_elements`
--
CREATE TABLE `craft_elements` (
  `id` int(11) NOT NULL AUTO_INCREMENT,
  `type` varchar(150) COLLATE utf8_unicode_ci NOT NULL,
  `enabled` tinyint(1) unsigned NOT NULL DEFAULT '1',
  `archived` tinyint(1) unsigned NOT NULL DEFAULT '0',
  `dateCreated` datetime NOT NULL,
  `dateUpdated` datetime NOT NULL,
  `uid` char(36) COLLATE utf8_unicode_ci NOT NULL DEFAULT '0',
  PRIMARY KEY (`id`),
  KEY `craft_elements_type_idx` (`type`),
  KEY `craft_elements_enabled_idx` (`enabled`),
  KEY `craft_elements_archived_dateCreated_idx` (`archived`,`dateCreated`)
) ENGINE=InnoDB AUTO_INCREMENT=32 DEFAULT CHARSET=utf8 COLLATE=utf8_unicode_ci;

--
-- Data for table `craft_elements`
--

INSERT INTO `craft_elements` (`id`, `type`, `enabled`, `archived`, `dateCreated`, `dateUpdated`, `uid`) VALUES
 ('1', 'User', '1', '0', '2015-05-15 20:59:38', '2015-05-15 20:59:38', '72722068-0cb6-431b-a999-fd3feb46ab5f'),
 ('2', 'Entry', '1', '0', '2015-05-15 20:59:41', '2016-05-20 06:09:54', '7983c128-079f-4e7e-bc29-8387b8b6dab5'),
 ('8', 'GlobalSet', '1', '0', '2016-05-11 20:23:33', '2016-05-20 06:16:36', 'f3e6540a-f878-41ce-a6ac-51b849628b3f'),
 ('13', 'Neo_Block', '1', '0', '2016-05-18 00:33:32', '2016-05-20 05:27:37', '6ff33de7-4823-466c-9d8b-585ad1bbe8ae'),
 ('14', 'Neo_Block', '1', '0', '2016-05-18 00:33:32', '2016-05-20 05:27:37', '442b5244-a819-4d98-adbb-0a9193e9fdf9'),
 ('15', 'Neo_Block', '1', '0', '2016-05-18 00:53:45', '2016-05-20 05:27:37', '661ba01e-a4b2-435b-b9a7-19d227286d93'),
 ('16', 'Neo_Block', '1', '0', '2016-05-18 00:53:45', '2016-05-20 05:27:37', '9046e385-b2a6-46fb-b7c0-e7efa5980382'),
 ('17', 'Neo_Block', '1', '0', '2016-05-18 00:53:45', '2016-05-20 05:27:37', '8f758f7a-c20a-45e0-9bf8-d9fcf833a62f'),
 ('18', 'Neo_Block', '1', '0', '2016-05-18 00:53:45', '2016-05-20 05:27:37', '345c5782-2202-4a91-a73d-4ec3ee705b7e'),
 ('20', 'Neo_Block', '1', '0', '2016-05-19 23:24:07', '2016-05-20 05:23:49', 'af8420a6-2c08-4ed9-ac71-d025db2aa269'),
 ('21', 'Neo_Block', '1', '0', '2016-05-19 23:24:07', '2016-05-20 05:23:49', 'd8112834-429b-4838-ad2d-36e20e3f51a8'),
 ('22', 'Neo_Block', '1', '0', '2016-05-19 23:24:07', '2016-05-20 05:23:49', 'ea245a63-1e1a-4124-9a0c-712d4c5770ba'),
 ('23', 'Neo_Block', '1', '0', '2016-05-19 23:24:07', '2016-05-20 05:23:49', 'dd04d419-51bf-4795-b1e2-a50a2d64cc92'),
 ('25', 'Neo_Block', '1', '0', '2016-05-19 23:26:35', '2016-05-20 05:23:49', '9ee9fffc-a89c-4ada-97ea-5a3da67326e4'),
 ('26', 'Neo_Block', '1', '0', '2016-05-20 06:08:15', '2016-05-20 06:09:54', '4b05da16-0605-4efe-aa50-c985b60fd427'),
 ('27', 'Neo_Block', '1', '0', '2016-05-20 06:08:15', '2016-05-20 06:09:55', '3a7a8b94-cd3d-4c95-b435-343a39523546'),
 ('28', 'Neo_Block', '1', '0', '2016-05-20 06:08:15', '2016-05-20 06:09:55', 'a2f2306a-d8dc-4501-9acf-f9e59d56a517'),
 ('29', 'Neo_Block', '1', '0', '2016-05-20 06:08:15', '2016-05-20 06:09:55', '39955f7b-9765-4729-a8d1-fdf651755b29'),
 ('30', 'Neo_Block', '1', '0', '2016-05-20 06:08:15', '2016-05-20 06:09:55', '01971bc2-32dc-4386-af6c-e99de0a39b8a'),
 ('31', 'Neo_Block', '1', '0', '2016-05-20 06:08:15', '2016-05-20 06:09:55', '5f4c941b-a3f5-419a-931e-4be80edfa33a');



DROP TABLE IF EXISTS `craft_elements_i18n`;


--
-- Schema for table `craft_elements_i18n`
--
CREATE TABLE `craft_elements_i18n` (
  `id` int(11) NOT NULL AUTO_INCREMENT,
  `elementId` int(11) NOT NULL,
  `locale` char(12) COLLATE utf8_unicode_ci NOT NULL,
  `slug` varchar(255) COLLATE utf8_unicode_ci DEFAULT NULL,
  `uri` varchar(255) COLLATE utf8_unicode_ci DEFAULT NULL,
  `enabled` tinyint(1) unsigned NOT NULL DEFAULT '1',
  `dateCreated` datetime NOT NULL,
  `dateUpdated` datetime NOT NULL,
  `uid` char(36) COLLATE utf8_unicode_ci NOT NULL DEFAULT '0',
  PRIMARY KEY (`id`),
  UNIQUE KEY `craft_elements_i18n_elementId_locale_unq_idx` (`elementId`,`locale`),
  UNIQUE KEY `craft_elements_i18n_uri_locale_unq_idx` (`uri`,`locale`),
  KEY `craft_elements_i18n_slug_locale_idx` (`slug`,`locale`),
  KEY `craft_elements_i18n_enabled_idx` (`enabled`),
  KEY `craft_elements_i18n_locale_fk` (`locale`)
) ENGINE=InnoDB AUTO_INCREMENT=32 DEFAULT CHARSET=utf8 COLLATE=utf8_unicode_ci;

--
-- Data for table `craft_elements_i18n`
--

INSERT INTO `craft_elements_i18n` (`id`, `elementId`, `locale`, `slug`, `uri`, `enabled`, `dateCreated`, `dateUpdated`, `uid`) VALUES
 ('1', '1', 'en_us', '', NULL, '1', '2015-05-15 20:59:38', '2015-05-15 20:59:38', 'c6430f47-9a89-48fe-81a3-6e646a8d53a5'),
 ('2', '2', 'en_us', 'homepage', '__home__', '1', '2015-05-15 20:59:41', '2016-05-20 06:09:54', '5a7f2ba1-1bf2-469c-b0ca-b019c87f3615'),
 ('8', '8', 'en_us', '', NULL, '1', '2016-05-11 20:23:33', '2016-05-20 06:16:36', '4c5539de-da80-4abb-ae6f-b189bb52d1d4'),
 ('13', '13', 'en_us', '', NULL, '1', '2016-05-18 00:33:32', '2016-05-20 05:27:37', '32a61f95-c59c-4eb8-97d6-91e71b9747dd'),
 ('14', '14', 'en_us', '', NULL, '1', '2016-05-18 00:33:32', '2016-05-20 05:27:37', '6f78ce4c-efd5-47f5-a7d6-338df6d6f7f1'),
 ('15', '15', 'en_us', '', NULL, '1', '2016-05-18 00:53:45', '2016-05-20 05:27:37', '2072c6bc-5904-4624-b71c-ca2443e190c6'),
 ('16', '16', 'en_us', '', NULL, '1', '2016-05-18 00:53:45', '2016-05-20 05:27:37', '162892b1-1cdc-443e-851b-03d03cfd353d'),
 ('17', '17', 'en_us', '', NULL, '1', '2016-05-18 00:53:45', '2016-05-20 05:27:37', 'e919ec91-c5c0-4491-989c-57ca03d2c569'),
 ('18', '18', 'en_us', '', NULL, '1', '2016-05-18 00:53:45', '2016-05-20 05:27:37', 'abb692d5-56ab-4498-843e-17366800a007'),
 ('20', '20', 'en_us', '', NULL, '1', '2016-05-19 23:24:07', '2016-05-20 05:23:49', '2ec4b1f1-3bcb-43c8-8a79-07e61f1ed248'),
 ('21', '21', 'en_us', '', NULL, '1', '2016-05-19 23:24:07', '2016-05-20 05:23:49', '6bf5866b-8f22-4b48-8920-e7c008758aef'),
 ('22', '22', 'en_us', '', NULL, '1', '2016-05-19 23:24:07', '2016-05-20 05:23:49', '448cdbfa-84b7-4040-a20c-f26b8fd011da'),
 ('23', '23', 'en_us', '', NULL, '1', '2016-05-19 23:24:07', '2016-05-20 05:23:49', 'fd17bef7-3852-4e5d-9174-fe8683c68692'),
 ('25', '25', 'en_us', '', NULL, '1', '2016-05-19 23:26:35', '2016-05-20 05:23:49', 'f68ab7a3-4218-4eb6-91a0-59a9f291c497'),
 ('26', '26', 'en_us', '', NULL, '1', '2016-05-20 06:08:15', '2016-05-20 06:09:54', '8fcce2e0-9154-4bf2-834e-d401b0089ead'),
 ('27', '27', 'en_us', '', NULL, '1', '2016-05-20 06:08:15', '2016-05-20 06:09:55', '0cfc4112-4990-43a9-adff-33f941672dd7'),
 ('28', '28', 'en_us', '', NULL, '1', '2016-05-20 06:08:15', '2016-05-20 06:09:55', '75a75fd7-245e-4002-80e8-58727473e2c1'),
 ('29', '29', 'en_us', '', NULL, '1', '2016-05-20 06:08:15', '2016-05-20 06:09:55', 'e64f1d04-3e41-4f1a-8ada-f339028f6e77'),
 ('30', '30', 'en_us', '', NULL, '1', '2016-05-20 06:08:15', '2016-05-20 06:09:55', '75b5fbf0-7fab-4646-bf73-4b6ec1bdf2c7'),
 ('31', '31', 'en_us', '', NULL, '1', '2016-05-20 06:08:15', '2016-05-20 06:09:55', '75efeb45-4015-4d8a-8486-a64f227882c9');



DROP TABLE IF EXISTS `craft_emailmessages`;


--
-- Schema for table `craft_emailmessages`
--
CREATE TABLE `craft_emailmessages` (
  `id` int(11) NOT NULL AUTO_INCREMENT,
  `key` char(150) COLLATE utf8_unicode_ci NOT NULL,
  `locale` char(12) COLLATE utf8_unicode_ci NOT NULL,
  `subject` varchar(1000) COLLATE utf8_unicode_ci NOT NULL,
  `body` text COLLATE utf8_unicode_ci NOT NULL,
  `dateCreated` datetime NOT NULL,
  `dateUpdated` datetime NOT NULL,
  `uid` char(36) COLLATE utf8_unicode_ci NOT NULL DEFAULT '0',
  PRIMARY KEY (`id`),
  UNIQUE KEY `craft_emailmessages_key_locale_unq_idx` (`key`,`locale`),
  KEY `craft_emailmessages_locale_fk` (`locale`)
) ENGINE=InnoDB DEFAULT CHARSET=utf8 COLLATE=utf8_unicode_ci;

DROP TABLE IF EXISTS `craft_entries`;


--
-- Schema for table `craft_entries`
--
CREATE TABLE `craft_entries` (
  `id` int(11) NOT NULL,
  `sectionId` int(11) NOT NULL,
  `typeId` int(11) DEFAULT NULL,
  `authorId` int(11) DEFAULT NULL,
  `postDate` datetime DEFAULT NULL,
  `expiryDate` datetime DEFAULT NULL,
  `dateCreated` datetime NOT NULL,
  `dateUpdated` datetime NOT NULL,
  `uid` char(36) COLLATE utf8_unicode_ci NOT NULL DEFAULT '0',
  PRIMARY KEY (`id`),
  KEY `craft_entries_sectionId_idx` (`sectionId`),
  KEY `craft_entries_typeId_idx` (`typeId`),
  KEY `craft_entries_postDate_idx` (`postDate`),
  KEY `craft_entries_expiryDate_idx` (`expiryDate`),
  KEY `craft_entries_authorId_fk` (`authorId`)
) ENGINE=InnoDB DEFAULT CHARSET=utf8 COLLATE=utf8_unicode_ci;

--
-- Data for table `craft_entries`
--

INSERT INTO `craft_entries` (`id`, `sectionId`, `typeId`, `authorId`, `postDate`, `expiryDate`, `dateCreated`, `dateUpdated`, `uid`) VALUES
 ('2', '1', '1', NULL, '2015-05-15 20:59:41', NULL, '2015-05-15 20:59:41', '2016-05-20 06:09:55', 'dd438059-508c-49d1-98c1-8e7d124aa79d');



DROP TABLE IF EXISTS `craft_entrydrafts`;


--
-- Schema for table `craft_entrydrafts`
--
CREATE TABLE `craft_entrydrafts` (
  `id` int(11) NOT NULL AUTO_INCREMENT,
  `entryId` int(11) NOT NULL,
  `sectionId` int(11) NOT NULL,
  `creatorId` int(11) NOT NULL,
  `locale` char(12) COLLATE utf8_unicode_ci NOT NULL,
  `name` varchar(255) COLLATE utf8_unicode_ci NOT NULL,
  `notes` tinytext COLLATE utf8_unicode_ci,
  `data` mediumtext COLLATE utf8_unicode_ci NOT NULL,
  `dateCreated` datetime NOT NULL,
  `dateUpdated` datetime NOT NULL,
  `uid` char(36) COLLATE utf8_unicode_ci NOT NULL DEFAULT '0',
  PRIMARY KEY (`id`),
  KEY `craft_entrydrafts_entryId_locale_idx` (`entryId`,`locale`),
  KEY `craft_entrydrafts_sectionId_fk` (`sectionId`),
  KEY `craft_entrydrafts_creatorId_fk` (`creatorId`),
  KEY `craft_entrydrafts_locale_fk` (`locale`)
) ENGINE=InnoDB DEFAULT CHARSET=utf8 COLLATE=utf8_unicode_ci;

DROP TABLE IF EXISTS `craft_entrytypes`;


--
-- Schema for table `craft_entrytypes`
--
CREATE TABLE `craft_entrytypes` (
  `id` int(11) NOT NULL AUTO_INCREMENT,
  `sectionId` int(11) NOT NULL,
  `fieldLayoutId` int(11) DEFAULT NULL,
  `name` varchar(255) COLLATE utf8_unicode_ci NOT NULL,
  `handle` varchar(255) COLLATE utf8_unicode_ci NOT NULL,
  `hasTitleField` tinyint(1) unsigned NOT NULL DEFAULT '1',
  `titleLabel` varchar(255) COLLATE utf8_unicode_ci DEFAULT 'Title',
  `titleFormat` varchar(255) COLLATE utf8_unicode_ci DEFAULT NULL,
  `sortOrder` smallint(6) unsigned DEFAULT NULL,
  `dateCreated` datetime NOT NULL,
  `dateUpdated` datetime NOT NULL,
  `uid` char(36) COLLATE utf8_unicode_ci NOT NULL DEFAULT '0',
  PRIMARY KEY (`id`),
  UNIQUE KEY `craft_entrytypes_name_sectionId_unq_idx` (`name`,`sectionId`),
  UNIQUE KEY `craft_entrytypes_handle_sectionId_unq_idx` (`handle`,`sectionId`),
  KEY `craft_entrytypes_sectionId_fk` (`sectionId`),
  KEY `craft_entrytypes_fieldLayoutId_fk` (`fieldLayoutId`)
) ENGINE=InnoDB AUTO_INCREMENT=4 DEFAULT CHARSET=utf8 COLLATE=utf8_unicode_ci;

--
-- Data for table `craft_entrytypes`
--

INSERT INTO `craft_entrytypes` (`id`, `sectionId`, `fieldLayoutId`, `name`, `handle`, `hasTitleField`, `titleLabel`, `titleFormat`, `sortOrder`, `dateCreated`, `dateUpdated`, `uid`) VALUES
 ('1', '1', '111', 'Homepage', 'homepage', '1', 'Title', NULL, NULL, '2015-05-15 20:59:41', '2016-05-18 00:20:06', 'f46a8774-d517-47fc-943a-20d97333c27a'),
 ('3', '3', '112', 'Pages', 'pages', '1', 'Title', NULL, NULL, '2016-05-11 02:44:22', '2016-05-18 00:20:17', '456d1f6a-671d-47ff-97b1-ccd6ce774009');



DROP TABLE IF EXISTS `craft_entryversions`;


--
-- Schema for table `craft_entryversions`
--
CREATE TABLE `craft_entryversions` (
  `id` int(11) NOT NULL AUTO_INCREMENT,
  `entryId` int(11) NOT NULL,
  `sectionId` int(11) NOT NULL,
  `creatorId` int(11) DEFAULT NULL,
  `locale` char(12) COLLATE utf8_unicode_ci NOT NULL,
  `num` smallint(6) unsigned NOT NULL,
  `notes` tinytext COLLATE utf8_unicode_ci,
  `data` mediumtext COLLATE utf8_unicode_ci NOT NULL,
  `dateCreated` datetime NOT NULL,
  `dateUpdated` datetime NOT NULL,
  `uid` char(36) COLLATE utf8_unicode_ci NOT NULL DEFAULT '0',
  PRIMARY KEY (`id`),
  KEY `craft_entryversions_entryId_locale_idx` (`entryId`,`locale`),
  KEY `craft_entryversions_sectionId_fk` (`sectionId`),
  KEY `craft_entryversions_creatorId_fk` (`creatorId`),
  KEY `craft_entryversions_locale_fk` (`locale`)
) ENGINE=InnoDB AUTO_INCREMENT=19 DEFAULT CHARSET=utf8 COLLATE=utf8_unicode_ci;

--
-- Data for table `craft_entryversions`
--

INSERT INTO `craft_entryversions` (`id`, `entryId`, `sectionId`, `creatorId`, `locale`, `num`, `notes`, `data`, `dateCreated`, `dateUpdated`, `uid`) VALUES
 ('17', '2', '1', '1', 'en_us', '1', '', '{\"typeId\":\"1\",\"authorId\":null,\"title\":\"Louder Than Ten Editorial System\",\"slug\":\"homepage\",\"postDate\":1431723581,\"expiryDate\":null,\"enabled\":1,\"parentId\":null,\"fields\":{\"3\":\"\",\"106\":{\"new0\":{\"type\":\"row\",\"enabled\":\"1\",\"collapsed\":\"0\",\"level\":\"0\",\"fields\":{\"colour\":\"transparent\",\"customColour\":\"#000000\",\"image\":\"\",\"rowType\":\"standard\",\"customClass\":\"\",\"anchorName\":\"\"}},\"new1\":{\"type\":\"text\",\"enabled\":\"1\",\"collapsed\":\"0\",\"level\":\"1\",\"fields\":{\"text\":\"##Your Live Wires playground\\r\\n\\r\\n<p class=\\\"lead\\\">Today we stop making trash and, instead, start building living, breathing beauties that will look and act the way they were imagined.<\\/p>\\r\\n\\r\\nGood stuff! You\\u2019ve downloaded and set up Live Wires successfully on your machine. Here\'s how it works:\\r\\n\\r\\nLive Wires is a platform-agnostic design framework made with Sass that allows you to create responsive grey-box wireframes and prototypes in HTML & SCSS. You can keep all your code without needing to create static mock ups or other deliverables you end up throwing away.\",\"markdown\":\"1\",\"width\":\"c3x2\",\"pushLeft\":\"\",\"pushRight\":\"\",\"float\":\"left\",\"customClass\":\"\"}},\"new2\":{\"type\":\"text\",\"enabled\":\"1\",\"collapsed\":\"0\",\"level\":\"1\",\"fields\":{\"text\":\"###Recommended workflow\\r\\n\\r\\n####Step one\\r\\n\\r\\nBegin by creating your low-fidelity wireframes right here. This page will act as the index or home page of your project. Feel free to delete or overwrite the content on this page with your own.\\r\\n\\r\\n####Step two\\r\\n\\r\\nUse the [linked style guide](\\/guide\\/) to style your elements, components, and modules.\\r\\n\\r\\n####Step three\\r\\n\\r\\nRefine your templates and share with your team or clients as fully-responsive high-fidelity prototypes.\",\"markdown\":\"1\",\"width\":\"c3\",\"pushLeft\":\"\",\"pushRight\":\"\",\"float\":\"left\",\"customClass\":\"\"}},\"new3\":{\"type\":\"row\",\"enabled\":\"1\",\"collapsed\":\"0\",\"level\":\"0\",\"fields\":{\"colour\":\"reverse\",\"customColour\":\"#000000\",\"image\":\"\",\"rowType\":\"standard\",\"customClass\":\"\",\"anchorName\":\"\"}},\"new7\":{\"type\":\"text\",\"enabled\":\"1\",\"collapsed\":\"0\",\"level\":\"1\",\"fields\":{\"text\":\"### Support\\r\\n \\r\\nSubmit your bug reports, pull requests, and questions to [GitHub](https:\\/\\/github.com\\/louderthanten\\/livewires\\/issues).\",\"markdown\":\"1\",\"width\":\"c2\",\"pushLeft\":\"\",\"pushRight\":\"\",\"float\":\"left\",\"customClass\":\"\"}},\"new8\":{\"type\":\"text\",\"enabled\":\"1\",\"collapsed\":\"0\",\"level\":\"1\",\"fields\":{\"text\":\"###About\\r\\n\\r\\n[Follow us on Twitter](http:\\/\\/twitter.com\\/louderthanten) and stay tuned for more detailed video how-tos about this design workflow.\\r\\n\\r\\nLive Wires is built by [Louder Than Ten](https:\\/\\/louderthanten.com).\",\"markdown\":\"1\",\"width\":\"full\",\"pushLeft\":\"\",\"pushRight\":\"\",\"float\":\"left\",\"customClass\":\"\"}}},\"55\":\"Louder Than Ten\",\"56\":\" Editorial System\"}}', '2016-05-20 06:08:15', '2016-05-20 06:08:15', 'a68d898f-d341-4a80-aef1-6888bd8b4563'),
 ('18', '2', '1', '1', 'en_us', '2', '', '{\"typeId\":\"1\",\"authorId\":null,\"title\":\"Louder Than Ten Editorial System\",\"slug\":\"homepage\",\"postDate\":1431723581,\"expiryDate\":null,\"enabled\":1,\"parentId\":null,\"fields\":{\"3\":\"\",\"106\":{\"26\":{\"type\":\"row\",\"enabled\":\"1\",\"collapsed\":\"0\",\"level\":\"0\",\"fields\":{\"colour\":\"transparent\",\"customColour\":\"#000000\",\"image\":\"\",\"rowType\":\"standard\",\"customClass\":\"\",\"anchorName\":\"\"}},\"27\":{\"type\":\"text\",\"enabled\":\"1\",\"collapsed\":\"0\",\"level\":\"1\",\"fields\":{\"text\":\"##Your Live Wires playground\\r\\n\\r\\n<p class=\\\"lead\\\">Today we stop making trash and, instead, start building living, breathing beauties that will look and act the way they were imagined.<\\/p>\\r\\n\\r\\nGood stuff! You\\u2019ve downloaded and set up Live Wires successfully on your machine. Here\'s how it works:\\r\\n\\r\\nLive Wires is a platform-agnostic design framework made with Sass that allows you to create responsive grey-box wireframes and prototypes in HTML & SCSS. You can keep all your code without needing to create static mock ups or other deliverables you end up throwing away.\",\"markdown\":\"1\",\"width\":\"c3x2\",\"pushLeft\":\"\",\"pushRight\":\"\",\"float\":\"left\",\"customClass\":\"\"}},\"28\":{\"type\":\"text\",\"enabled\":\"1\",\"collapsed\":\"0\",\"level\":\"1\",\"fields\":{\"text\":\"###Recommended workflow\\r\\n\\r\\n####Step one\\r\\n\\r\\nBegin by creating your low-fidelity wireframes right here. This page will act as the index or home page of your project. Feel free to delete or overwrite the content on this page with your own.\\r\\n\\r\\n####Step two\\r\\n\\r\\nUse the [linked style guide](\\/guide\\/) to style your elements, components, and modules.\\r\\n\\r\\n####Step three\\r\\n\\r\\nRefine your templates and share with your team or clients as fully-responsive high-fidelity prototypes.\",\"markdown\":\"1\",\"width\":\"c3\",\"pushLeft\":\"\",\"pushRight\":\"\",\"float\":\"left\",\"customClass\":\"\"}},\"29\":{\"type\":\"row\",\"enabled\":\"1\",\"collapsed\":\"0\",\"level\":\"0\",\"fields\":{\"colour\":\"reverse\",\"customColour\":\"#000000\",\"image\":\"\",\"rowType\":\"standard\",\"customClass\":\"\",\"anchorName\":\"\"}},\"30\":{\"type\":\"text\",\"enabled\":\"1\",\"collapsed\":\"0\",\"level\":\"1\",\"fields\":{\"text\":\"### Support\\r\\n \\r\\nSubmit your bug reports, pull requests, and questions to [GitHub](https:\\/\\/github.com\\/louderthanten\\/livewires\\/issues).\",\"markdown\":\"1\",\"width\":\"c2\",\"pushLeft\":\"\",\"pushRight\":\"\",\"float\":\"left\",\"customClass\":\"\"}},\"31\":{\"type\":\"text\",\"enabled\":\"1\",\"collapsed\":\"0\",\"level\":\"1\",\"fields\":{\"text\":\"###About\\r\\n\\r\\n[Follow us on Twitter](http:\\/\\/twitter.com\\/louderthanten) and stay tuned for more detailed video how-tos about this design workflow.\\r\\n\\r\\nLive Wires is built by [Louder Than Ten](https:\\/\\/louderthanten.com).\",\"markdown\":\"1\",\"width\":\"c2\",\"pushLeft\":\"\",\"pushRight\":\"\",\"float\":\"left\",\"customClass\":\"\"}}},\"55\":\"Louder Than Ten\",\"56\":\" Editorial System\"}}', '2016-05-20 06:09:55', '2016-05-20 06:09:55', '3a78d307-4f27-4fc5-bed2-689fe1c1e661');



DROP TABLE IF EXISTS `craft_fieldgroups`;


--
-- Schema for table `craft_fieldgroups`
--
CREATE TABLE `craft_fieldgroups` (
  `id` int(11) NOT NULL AUTO_INCREMENT,
  `name` varchar(255) COLLATE utf8_unicode_ci NOT NULL,
  `dateCreated` datetime NOT NULL,
  `dateUpdated` datetime NOT NULL,
  `uid` char(36) COLLATE utf8_unicode_ci NOT NULL DEFAULT '0',
  PRIMARY KEY (`id`),
  UNIQUE KEY `craft_fieldgroups_name_unq_idx` (`name`)
) ENGINE=InnoDB AUTO_INCREMENT=5 DEFAULT CHARSET=utf8 COLLATE=utf8_unicode_ci;

--
-- Data for table `craft_fieldgroups`
--

INSERT INTO `craft_fieldgroups` (`id`, `name`, `dateCreated`, `dateUpdated`, `uid`) VALUES
 ('1', 'Default', '2015-05-15 20:59:41', '2015-05-15 20:59:41', 'd80f0458-e93c-40cc-b23b-46e411477291'),
 ('2', 'Assets', '2015-05-15 21:57:23', '2015-05-15 21:57:23', '9a50ad5e-800c-4c27-9112-639a070e5000'),
 ('3', 'Settings', '2016-05-11 20:46:16', '2016-05-11 20:46:16', 'bea70a4a-4324-4146-bea2-a52c7f716a2f'),
 ('4', 'Components', '2016-05-17 19:52:50', '2016-05-17 19:52:50', '34071ab9-856c-421e-afb2-9c96ebcf00af');



DROP TABLE IF EXISTS `craft_fieldlayoutfields`;


--
-- Schema for table `craft_fieldlayoutfields`
--
CREATE TABLE `craft_fieldlayoutfields` (
  `id` int(11) NOT NULL AUTO_INCREMENT,
  `layoutId` int(11) NOT NULL,
  `tabId` int(11) NOT NULL,
  `fieldId` int(11) NOT NULL,
  `required` tinyint(1) unsigned NOT NULL DEFAULT '0',
  `sortOrder` smallint(6) unsigned DEFAULT NULL,
  `dateCreated` datetime NOT NULL,
  `dateUpdated` datetime NOT NULL,
  `uid` char(36) COLLATE utf8_unicode_ci NOT NULL DEFAULT '0',
  PRIMARY KEY (`id`),
  UNIQUE KEY `craft_fieldlayoutfields_layoutId_fieldId_unq_idx` (`layoutId`,`fieldId`),
  KEY `craft_fieldlayoutfields_sortOrder_idx` (`sortOrder`),
  KEY `craft_fieldlayoutfields_tabId_fk` (`tabId`),
  KEY `craft_fieldlayoutfields_fieldId_fk` (`fieldId`)
) ENGINE=InnoDB AUTO_INCREMENT=801 DEFAULT CHARSET=utf8 COLLATE=utf8_unicode_ci;

--
-- Data for table `craft_fieldlayoutfields`
--

INSERT INTO `craft_fieldlayoutfields` (`id`, `layoutId`, `tabId`, `fieldId`, `required`, `sortOrder`, `dateCreated`, `dateUpdated`, `uid`) VALUES
 ('73', '20', '16', '43', '0', '1', '2015-05-15 22:03:42', '2015-05-15 22:03:42', '393c9890-a8a6-46e1-abb7-754d7ec913d1'),
 ('74', '20', '16', '44', '0', '2', '2015-05-15 22:03:42', '2015-05-15 22:03:42', '43bc8fd1-d014-4761-9e72-371141b0667f'),
 ('75', '20', '16', '45', '0', '3', '2015-05-15 22:03:42', '2015-05-15 22:03:42', '837387a6-b1f9-45cb-b22d-d1bba076b344'),
 ('76', '20', '16', '46', '0', '4', '2015-05-15 22:03:42', '2015-05-15 22:03:42', 'ec096219-ea25-48a1-b29c-2795ec852e31'),
 ('77', '20', '16', '47', '0', '5', '2015-05-15 22:03:42', '2015-05-15 22:03:42', '43e4265a-d8cc-4fef-ac93-f24d2d0b368b'),
 ('78', '20', '16', '48', '0', '6', '2015-05-15 22:03:42', '2015-05-15 22:03:42', '0bc56aba-5ed9-475e-a139-8fd0c372568e'),
 ('79', '20', '16', '49', '0', '7', '2015-05-15 22:03:42', '2015-05-15 22:03:42', 'cb635f90-93d0-4149-897d-89f338803e2b'),
 ('80', '20', '16', '50', '0', '8', '2015-05-15 22:03:42', '2015-05-15 22:03:42', '54d0eafa-6202-4609-b2f3-97fa995bce1a'),
 ('81', '20', '16', '51', '0', '9', '2015-05-15 22:03:42', '2015-05-15 22:03:42', 'e7fa1fc6-a5fe-46e2-a291-ce89a2b78bdb'),
 ('82', '20', '16', '52', '0', '10', '2015-05-15 22:03:42', '2015-05-15 22:03:42', 'cc0b1487-fbe9-4930-a6d8-493f4705fbb7'),
 ('83', '20', '16', '53', '0', '11', '2015-05-15 22:03:42', '2015-05-15 22:03:42', '816c4bdd-5fd5-4865-9167-2758c30663e3'),
 ('84', '20', '16', '54', '0', '12', '2015-05-15 22:03:42', '2015-05-15 22:03:42', 'f1cfbae7-d87f-44ee-922e-d69046dc64d8'),
 ('629', '111', '105', '3', '0', '1', '2016-05-18 00:20:06', '2016-05-18 00:20:06', '1a8ffe10-7497-48e1-a852-cfcce2be7089'),
 ('630', '111', '105', '55', '0', '2', '2016-05-18 00:20:06', '2016-05-18 00:20:06', '85cb6057-fb6c-4316-99e6-dddf5b159418'),
 ('631', '111', '105', '56', '0', '3', '2016-05-18 00:20:06', '2016-05-18 00:20:06', 'bcfd4009-34ed-408a-9255-65aa97ab9306'),
 ('632', '111', '105', '106', '0', '4', '2016-05-18 00:20:06', '2016-05-18 00:20:06', '9d2f12e3-c90d-4243-bf9f-645318e1fd01'),
 ('633', '112', '106', '3', '0', '1', '2016-05-18 00:20:17', '2016-05-18 00:20:17', '04db168d-7c73-4336-8234-0368873d4cda'),
 ('634', '112', '106', '55', '0', '2', '2016-05-18 00:20:17', '2016-05-18 00:20:17', 'c5a4d5ad-d0ec-4629-8d87-8ece33dd6e6c'),
 ('635', '112', '106', '56', '0', '3', '2016-05-18 00:20:17', '2016-05-18 00:20:17', 'dc6005e2-3220-4fa8-bdfd-bcf28bc155d7'),
 ('636', '112', '106', '106', '0', '4', '2016-05-18 00:20:17', '2016-05-18 00:20:17', 'a46bfd0b-deae-4627-a7d1-d5ad02a53d96'),
 ('705', '122', '116', '95', '0', '1', '2016-05-20 05:24:09', '2016-05-20 05:24:09', '3002b843-0664-4b00-9a2b-b013e1344b69'),
 ('706', '122', '116', '92', '0', '2', '2016-05-20 05:24:09', '2016-05-20 05:24:09', '246c5295-5c3c-4f6c-a204-2e47edcb8aaa'),
 ('707', '122', '116', '98', '0', '3', '2016-05-20 05:24:09', '2016-05-20 05:24:09', '49d3ae20-4aa2-45cf-8df8-28fe1a9b1813'),
 ('708', '122', '116', '99', '0', '4', '2016-05-20 05:24:09', '2016-05-20 05:24:09', '27ecd7e7-6c32-4bc1-a069-9c19d4c87f1b'),
 ('709', '122', '116', '91', '0', '5', '2016-05-20 05:24:09', '2016-05-20 05:24:09', 'ddc904d1-f674-4c78-b91f-481861b9a39c'),
 ('710', '122', '116', '97', '0', '6', '2016-05-20 05:24:09', '2016-05-20 05:24:09', 'e909e60d-0be3-4019-be13-69d877f633d5'),
 ('711', '123', '117', '104', '0', '1', '2016-05-20 05:24:09', '2016-05-20 05:24:09', '9a8e9952-1d89-4384-984c-8d33349f4baa'),
 ('712', '123', '117', '88', '0', '2', '2016-05-20 05:24:09', '2016-05-20 05:24:09', '881821f4-0492-46ed-95f1-f6a38f427fbe'),
 ('713', '123', '117', '89', '0', '3', '2016-05-20 05:24:09', '2016-05-20 05:24:09', '402f8570-76ef-4634-81e0-a96d49e62cdb'),
 ('714', '123', '117', '90', '0', '4', '2016-05-20 05:24:09', '2016-05-20 05:24:09', '096dca49-4847-46bd-a5b0-9d7afb33da62'),
 ('715', '123', '117', '91', '0', '5', '2016-05-20 05:24:09', '2016-05-20 05:24:09', '7c28e739-ebc0-4195-9654-a177d30ced26'),
 ('716', '124', '118', '94', '0', '1', '2016-05-20 05:24:10', '2016-05-20 05:24:10', '6fef1cfa-456e-41c4-b9b1-6b7f7e34c2f3'),
 ('717', '124', '118', '93', '0', '2', '2016-05-20 05:24:10', '2016-05-20 05:24:10', 'ac0ab70d-919d-45dc-9cd5-7fa87d1d3a77'),
 ('718', '124', '118', '88', '0', '3', '2016-05-20 05:24:10', '2016-05-20 05:24:10', '31b35cc6-a7d9-438c-ac2c-abaa31698809'),
 ('719', '124', '118', '89', '0', '4', '2016-05-20 05:24:10', '2016-05-20 05:24:10', 'c6ee578b-f7e7-4d93-baca-a80bb9598c21'),
 ('720', '124', '118', '90', '0', '5', '2016-05-20 05:24:10', '2016-05-20 05:24:10', '16c800c4-2206-4be5-acfa-38685ce0c2d1'),
 ('721', '124', '118', '102', '0', '6', '2016-05-20 05:24:10', '2016-05-20 05:24:10', '8f86ad70-eb33-40ba-b8d8-fb79bc75f1fd'),
 ('722', '124', '118', '91', '0', '7', '2016-05-20 05:24:10', '2016-05-20 05:24:10', '55a1f5ef-0ef6-4470-b3d7-9d907136a7cc'),
 ('723', '125', '119', '98', '0', '1', '2016-05-20 05:24:10', '2016-05-20 05:24:10', 'fc559434-5529-4302-a24e-1a5565b95bbd'),
 ('724', '125', '119', '94', '0', '2', '2016-05-20 05:24:10', '2016-05-20 05:24:10', 'f5352ece-94cb-4420-8386-cbfa43efaa65'),
 ('725', '125', '119', '93', '0', '3', '2016-05-20 05:24:10', '2016-05-20 05:24:10', '0d47e763-6807-4600-b435-391d0cf2dcb2'),
 ('726', '125', '119', '95', '0', '4', '2016-05-20 05:24:10', '2016-05-20 05:24:10', '435f38b2-1fc3-4228-9d34-e967b85c68f1'),
 ('727', '125', '119', '92', '0', '5', '2016-05-20 05:24:10', '2016-05-20 05:24:10', 'd0e34c3a-53a4-4a98-9e8c-bb2af09e594a'),
 ('728', '125', '119', '88', '0', '6', '2016-05-20 05:24:10', '2016-05-20 05:24:10', '222bfccd-634e-4533-add8-889b5e63432d'),
 ('729', '125', '119', '89', '0', '7', '2016-05-20 05:24:10', '2016-05-20 05:24:10', '6e92e825-4a2d-486b-ab6d-de2f664f2504'),
 ('730', '125', '119', '90', '0', '8', '2016-05-20 05:24:10', '2016-05-20 05:24:10', '1582f872-60fa-4a70-aa0e-216ed5eb71d1'),
 ('731', '125', '119', '102', '0', '9', '2016-05-20 05:24:10', '2016-05-20 05:24:10', 'f36c21ea-a1de-457b-b880-7139446b262d'),
 ('732', '125', '119', '91', '0', '10', '2016-05-20 05:24:10', '2016-05-20 05:24:10', 'c8eb2dac-3a05-4a7f-848d-cfb86dff98d0'),
 ('733', '126', '120', '94', '0', '1', '2016-05-20 05:24:10', '2016-05-20 05:24:10', 'f55eea09-36cf-4d26-a368-b39fe8f32ec7'),
 ('734', '126', '120', '101', '0', '2', '2016-05-20 05:24:10', '2016-05-20 05:24:10', '0f4b1102-1f55-4aab-ac02-3cd5b48ceac3'),
 ('735', '126', '120', '88', '0', '3', '2016-05-20 05:24:10', '2016-05-20 05:24:10', '8fe70dcd-668b-4557-80e0-80c7a7b119e0'),
 ('736', '126', '120', '89', '0', '4', '2016-05-20 05:24:10', '2016-05-20 05:24:10', '604a361d-dfa5-4e56-afcf-7432ecc89a2b'),
 ('737', '126', '120', '90', '0', '5', '2016-05-20 05:24:10', '2016-05-20 05:24:10', '5dc468b4-9075-4651-886e-1e04a92b49c6'),
 ('738', '126', '120', '102', '0', '6', '2016-05-20 05:24:10', '2016-05-20 05:24:10', 'd4dcca8c-1db1-4e59-8b30-7fce42c6174e'),
 ('739', '126', '120', '91', '0', '7', '2016-05-20 05:24:10', '2016-05-20 05:24:10', 'd36c66fa-f88f-493a-b869-aa9bdf407462'),
 ('740', '127', '121', '107', '0', '1', '2016-05-20 05:24:10', '2016-05-20 05:24:10', '6ed7279a-58b9-4dd3-92b3-a058a2eb501a'),
 ('741', '127', '121', '108', '0', '2', '2016-05-20 05:24:10', '2016-05-20 05:24:10', 'a4dad1c9-afbd-4fa4-b7d6-c756de05752d'),
 ('742', '127', '121', '88', '0', '3', '2016-05-20 05:24:10', '2016-05-20 05:24:10', 'c5c0b119-bc24-4952-ab76-9c0f4e8a031a'),
 ('743', '127', '121', '89', '0', '4', '2016-05-20 05:24:10', '2016-05-20 05:24:10', 'e2b71967-0520-4658-bf58-d5dab7677323'),
 ('744', '127', '121', '90', '0', '5', '2016-05-20 05:24:10', '2016-05-20 05:24:10', '6f2bf083-ba64-441b-9b7e-fde571dfcb73'),
 ('745', '127', '121', '102', '0', '6', '2016-05-20 05:24:10', '2016-05-20 05:24:10', '3ab08203-cd7a-4512-a07c-6083c2bd571f'),
 ('746', '127', '121', '91', '0', '7', '2016-05-20 05:24:10', '2016-05-20 05:24:10', '20703df4-b1e6-4f0d-8454-403d96fc8240'),
 ('747', '128', '122', '94', '0', '1', '2016-05-20 05:24:10', '2016-05-20 05:24:10', 'c234a7d4-88af-4b67-a2ba-e6ed088d9c74'),
 ('748', '128', '122', '103', '0', '2', '2016-05-20 05:24:10', '2016-05-20 05:24:10', '9d7d7c03-fe7b-4bb4-945e-1faf14f41270'),
 ('749', '128', '122', '88', '0', '3', '2016-05-20 05:24:10', '2016-05-20 05:24:10', '9667f82a-b1c9-4554-8bdd-c136d61a89e8'),
 ('750', '128', '122', '89', '0', '4', '2016-05-20 05:24:10', '2016-05-20 05:24:10', 'db4a06ca-cdbd-4569-8d49-c1bdce160089'),
 ('751', '128', '122', '90', '0', '5', '2016-05-20 05:24:10', '2016-05-20 05:24:10', 'c0694cdb-c95d-4f5f-8a9d-c3a969b328bf'),
 ('752', '128', '122', '102', '0', '6', '2016-05-20 05:24:10', '2016-05-20 05:24:10', '6dd8e3f0-43bb-41d7-a5ab-108742dd07ac'),
 ('753', '128', '122', '91', '0', '7', '2016-05-20 05:24:10', '2016-05-20 05:24:10', '72af4424-ce10-40de-b290-226b4c60fdfb'),
 ('754', '129', '123', '98', '0', '1', '2016-05-20 05:24:10', '2016-05-20 05:24:10', '93977469-bbb4-4ca7-a4c6-dae9799cafed'),
 ('755', '129', '123', '48', '0', '2', '2016-05-20 05:24:10', '2016-05-20 05:24:10', '1871354d-ab91-42e7-8592-449b27457062'),
 ('756', '129', '123', '88', '0', '3', '2016-05-20 05:24:10', '2016-05-20 05:24:10', '0304c463-158d-4a8f-ba32-4be34a83207e'),
 ('757', '129', '123', '89', '0', '4', '2016-05-20 05:24:10', '2016-05-20 05:24:10', '30141bd5-8761-4604-8e2f-aa80f48b27b2'),
 ('758', '129', '123', '90', '0', '5', '2016-05-20 05:24:10', '2016-05-20 05:24:10', '9ad948e5-6075-455e-82a4-5e804623bd54'),
 ('759', '129', '123', '102', '0', '6', '2016-05-20 05:24:10', '2016-05-20 05:24:10', '3e4639ff-38bd-455c-898d-c05962f32581'),
 ('760', '129', '123', '91', '0', '7', '2016-05-20 05:24:10', '2016-05-20 05:24:10', '9cee6178-2c2c-41bf-bf3f-446f1427e8e7'),
 ('761', '130', '124', '105', '0', '1', '2016-05-20 05:24:10', '2016-05-20 05:24:10', 'f4100db4-f8e5-45f2-ba4a-d8ce9d6fe6ca'),
 ('762', '130', '124', '50', '0', '2', '2016-05-20 05:24:10', '2016-05-20 05:24:10', 'f51a88de-f75e-49ce-99fe-a3a3f6d34cb2'),
 ('763', '130', '124', '100', '0', '3', '2016-05-20 05:24:10', '2016-05-20 05:24:10', 'e8fd7db7-1244-41f9-b03c-9ab214b92af8'),
 ('764', '130', '124', '51', '0', '4', '2016-05-20 05:24:10', '2016-05-20 05:24:10', '39040d7c-16a9-4605-a87f-5c72953f6b63'),
 ('765', '130', '124', '52', '0', '5', '2016-05-20 05:24:10', '2016-05-20 05:24:10', '8414dae2-4ff9-464d-ade6-ba65d974cb71'),
 ('766', '130', '124', '53', '0', '6', '2016-05-20 05:24:10', '2016-05-20 05:24:10', 'fe6f2019-6f32-4357-ba97-68f38ae2f8d2'),
 ('767', '130', '124', '54', '0', '7', '2016-05-20 05:24:10', '2016-05-20 05:24:10', '84b3aeb7-f630-4d7f-8615-96a4c6c29286'),
 ('768', '130', '124', '88', '0', '8', '2016-05-20 05:24:10', '2016-05-20 05:24:10', 'ac0fc2a5-5ec7-4695-93bc-ff8e701d80fd'),
 ('769', '130', '124', '89', '0', '9', '2016-05-20 05:24:10', '2016-05-20 05:24:10', 'f7e1c0b6-786f-4324-9786-562e94d8b9a5'),
 ('770', '130', '124', '90', '0', '10', '2016-05-20 05:24:10', '2016-05-20 05:24:10', 'f303b8f0-5776-4b1a-8259-d8507ab545dc'),
 ('771', '130', '124', '102', '0', '11', '2016-05-20 05:24:10', '2016-05-20 05:24:10', 'f404eb7e-84b4-4163-a095-f2b1c997c875'),
 ('772', '130', '124', '91', '0', '12', '2016-05-20 05:24:10', '2016-05-20 05:24:10', 'a50ff7ff-eb76-4fe4-8f40-ac25e5e4a677'),
 ('778', '133', '127', '109', '0', '1', '2016-05-20 06:11:54', '2016-05-20 06:11:54', '21b1d946-510c-42bf-b6f7-8d0ec1aea0c6'),
 ('779', '133', '127', '98', '0', '2', '2016-05-20 06:11:54', '2016-05-20 06:11:54', '7df99115-0266-4a08-83dc-6efbe2231c75'),
 ('780', '133', '127', '57', '0', '3', '2016-05-20 06:11:54', '2016-05-20 06:11:54', '59c19d1a-8086-41e8-8af1-9fbc2c631ad3'),
 ('781', '133', '127', '51', '0', '4', '2016-05-20 06:11:54', '2016-05-20 06:11:54', 'f14d33a4-ebb2-4cfd-94b6-e5578f98f9e3'),
 ('782', '134', '128', '5', '0', '1', '2016-05-20 06:17:59', '2016-05-20 06:17:59', '1069be5f-e206-4221-a20d-4a4a045779e4'),
 ('783', '134', '128', '9', '0', '2', '2016-05-20 06:17:59', '2016-05-20 06:17:59', 'dbfa44d0-63a2-4bae-9f6d-e8c0cf890e2c'),
 ('784', '134', '128', '6', '0', '3', '2016-05-20 06:17:59', '2016-05-20 06:17:59', '372dd653-f028-41f4-a650-d3ff70ec88c4'),
 ('785', '134', '128', '7', '0', '4', '2016-05-20 06:17:59', '2016-05-20 06:17:59', '4ddb4e34-036f-4259-8fbf-e35ed6e28660'),
 ('786', '134', '128', '8', '0', '5', '2016-05-20 06:17:59', '2016-05-20 06:17:59', '9e4998f5-1f9f-4e0c-a9c8-f68da8ea845f'),
 ('787', '134', '128', '4', '0', '6', '2016-05-20 06:17:59', '2016-05-20 06:17:59', '8f4da6c2-dd0e-43d3-ae80-9154b4a196ad'),
 ('788', '135', '129', '10', '0', '1', '2016-05-20 06:17:59', '2016-05-20 06:17:59', '560521da-7527-4a87-8fea-7a7d61d09d79'),
 ('789', '135', '129', '11', '0', '2', '2016-05-20 06:17:59', '2016-05-20 06:17:59', '9c47b3a6-3740-4453-9756-91259e803cd1');
INSERT INTO `craft_fieldlayoutfields` (`id`, `layoutId`, `tabId`, `fieldId`, `required`, `sortOrder`, `dateCreated`, `dateUpdated`, `uid`) VALUES
 ('790', '135', '129', '13', '0', '3', '2016-05-20 06:17:59', '2016-05-20 06:17:59', 'a22c3228-7bc1-4ed1-ac28-dd9f1ad5a5af'),
 ('791', '135', '129', '12', '0', '4', '2016-05-20 06:17:59', '2016-05-20 06:17:59', '17ed5499-47a8-4030-9555-1075e5f6b65e'),
 ('792', '135', '129', '15', '0', '5', '2016-05-20 06:17:59', '2016-05-20 06:17:59', '10d8ea9f-c0cb-4ebe-8a28-b6c396bbd345'),
 ('793', '135', '129', '16', '0', '6', '2016-05-20 06:17:59', '2016-05-20 06:17:59', '4256300f-2c27-4374-9627-a7aed69affc0'),
 ('794', '135', '129', '14', '0', '7', '2016-05-20 06:17:59', '2016-05-20 06:17:59', '78049947-499d-4c19-98a4-c7fa8b43ca33'),
 ('795', '135', '129', '17', '0', '8', '2016-05-20 06:17:59', '2016-05-20 06:17:59', 'eab51e2b-1bd9-420a-8db0-d679da4872e8'),
 ('796', '135', '129', '18', '0', '9', '2016-05-20 06:17:59', '2016-05-20 06:17:59', 'a0b04058-3d58-4d4c-829c-f8db43050d29'),
 ('797', '136', '130', '20', '0', '1', '2016-05-20 06:17:59', '2016-05-20 06:17:59', '559dfe72-4d78-49c1-ac7a-3673709ae449'),
 ('798', '136', '130', '21', '0', '2', '2016-05-20 06:17:59', '2016-05-20 06:17:59', '24b123d5-ae74-4dfd-b30a-b431bed9f3b8'),
 ('799', '137', '131', '19', '0', '1', '2016-05-20 06:17:59', '2016-05-20 06:17:59', 'f50a322e-6008-407a-aaf1-7cc0d825cc39'),
 ('800', '137', '131', '58', '0', '2', '2016-05-20 06:17:59', '2016-05-20 06:17:59', '5ad97c08-31e4-4ffb-951c-137cc1eb53dc');



DROP TABLE IF EXISTS `craft_fieldlayouts`;


--
-- Schema for table `craft_fieldlayouts`
--
CREATE TABLE `craft_fieldlayouts` (
  `id` int(11) NOT NULL AUTO_INCREMENT,
  `type` varchar(150) COLLATE utf8_unicode_ci NOT NULL,
  `dateCreated` datetime NOT NULL,
  `dateUpdated` datetime NOT NULL,
  `uid` char(36) COLLATE utf8_unicode_ci NOT NULL DEFAULT '0',
  PRIMARY KEY (`id`),
  KEY `craft_fieldlayouts_type_idx` (`type`)
) ENGINE=InnoDB AUTO_INCREMENT=138 DEFAULT CHARSET=utf8 COLLATE=utf8_unicode_ci;

--
-- Data for table `craft_fieldlayouts`
--

INSERT INTO `craft_fieldlayouts` (`id`, `type`, `dateCreated`, `dateUpdated`, `uid`) VALUES
 ('1', 'Tag', '2015-05-15 20:59:41', '2015-05-15 20:59:41', '1138e6bd-bde5-489b-83b9-752d3bd863d8'),
 ('20', 'Asset', '2015-05-15 22:03:42', '2015-05-15 22:03:42', '19dedd31-a6de-4e0c-8018-63a11abe729d'),
 ('111', 'Entry', '2016-05-18 00:20:06', '2016-05-18 00:20:06', 'ce18ca77-dde3-41c3-81b0-b611635f6baa'),
 ('112', 'Entry', '2016-05-18 00:20:17', '2016-05-18 00:20:17', '947e99e1-285c-4c3c-a783-da499c362325'),
 ('122', 'Neo_Block', '2016-05-20 05:24:09', '2016-05-20 05:24:09', '44924000-27be-4925-8323-676ac36ace11'),
 ('123', 'Neo_Block', '2016-05-20 05:24:09', '2016-05-20 05:24:09', 'b114286d-c530-41e7-ac97-a2c87d4cf74a'),
 ('124', 'Neo_Block', '2016-05-20 05:24:10', '2016-05-20 05:24:10', '520f23bd-0ad0-4253-ab0e-d2ec25168de4'),
 ('125', 'Neo_Block', '2016-05-20 05:24:10', '2016-05-20 05:24:10', '7895e6a4-ced0-4833-bd78-b0105e4b6d6c'),
 ('126', 'Neo_Block', '2016-05-20 05:24:10', '2016-05-20 05:24:10', 'd138a3a4-bb2a-4706-b5b9-7f001e12de12'),
 ('127', 'Neo_Block', '2016-05-20 05:24:10', '2016-05-20 05:24:10', '78b5c26d-a753-4900-abe1-b3620fd496f5'),
 ('128', 'Neo_Block', '2016-05-20 05:24:10', '2016-05-20 05:24:10', '525263f1-eda2-4796-aac9-df538b9581cc'),
 ('129', 'Neo_Block', '2016-05-20 05:24:10', '2016-05-20 05:24:10', '874b5439-6692-4a7a-94b1-6a9d74779169'),
 ('130', 'Neo_Block', '2016-05-20 05:24:10', '2016-05-20 05:24:10', '05087880-7980-4d27-9f90-4e5ed5609bc2'),
 ('133', 'GlobalSet', '2016-05-20 06:11:54', '2016-05-20 06:11:54', '7c207ca0-b120-4416-88ea-6054a86b96c9'),
 ('134', 'MatrixBlock', '2016-05-20 06:17:59', '2016-05-20 06:17:59', '36ca7907-cb52-4deb-8026-285bc317ccc9'),
 ('135', 'MatrixBlock', '2016-05-20 06:17:59', '2016-05-20 06:17:59', 'e62f97ea-ad65-42a2-a381-271e77fd6ec7'),
 ('136', 'MatrixBlock', '2016-05-20 06:17:59', '2016-05-20 06:17:59', '7f2ad97f-9d9c-4074-8c57-7ade8bed0142'),
 ('137', 'MatrixBlock', '2016-05-20 06:17:59', '2016-05-20 06:17:59', 'df1dd03e-e596-465b-9a86-8548d1cabdeb');



DROP TABLE IF EXISTS `craft_fieldlayouttabs`;


--
-- Schema for table `craft_fieldlayouttabs`
--
CREATE TABLE `craft_fieldlayouttabs` (
  `id` int(11) NOT NULL AUTO_INCREMENT,
  `layoutId` int(11) NOT NULL,
  `name` varchar(255) COLLATE utf8_unicode_ci NOT NULL,
  `sortOrder` smallint(6) unsigned DEFAULT NULL,
  `dateCreated` datetime NOT NULL,
  `dateUpdated` datetime NOT NULL,
  `uid` char(36) COLLATE utf8_unicode_ci NOT NULL DEFAULT '0',
  PRIMARY KEY (`id`),
  KEY `craft_fieldlayouttabs_sortOrder_idx` (`sortOrder`),
  KEY `craft_fieldlayouttabs_layoutId_fk` (`layoutId`)
) ENGINE=InnoDB AUTO_INCREMENT=132 DEFAULT CHARSET=utf8 COLLATE=utf8_unicode_ci;

--
-- Data for table `craft_fieldlayouttabs`
--

INSERT INTO `craft_fieldlayouttabs` (`id`, `layoutId`, `name`, `sortOrder`, `dateCreated`, `dateUpdated`, `uid`) VALUES
 ('16', '20', 'Content', '1', '2015-05-15 22:03:42', '2015-05-15 22:03:42', 'cd371452-26d4-4b23-a39f-f6c2eabb288c'),
 ('105', '111', 'Content', '1', '2016-05-18 00:20:06', '2016-05-18 00:20:06', 'cc9ecfcd-a33c-4ed2-b17e-0daaa07380cb'),
 ('106', '112', 'Default', '1', '2016-05-18 00:20:17', '2016-05-18 00:20:17', '7f8e1dd4-f501-4e29-ad57-e2684e1478ba'),
 ('116', '122', 'Components', '1', '2016-05-20 05:24:09', '2016-05-20 05:24:09', '825ea293-e105-4f56-abfb-b45b3f3decc6'),
 ('117', '123', 'Components', '1', '2016-05-20 05:24:09', '2016-05-20 05:24:09', 'c3ecc601-bfe6-4c42-b9f5-aa268b2a382b'),
 ('118', '124', 'Components', '1', '2016-05-20 05:24:10', '2016-05-20 05:24:10', '3e423dfe-c38f-4b9e-9147-fbce27f595e4'),
 ('119', '125', 'Components', '1', '2016-05-20 05:24:10', '2016-05-20 05:24:10', 'a1bf60ee-f39c-46de-b4eb-a8414a4d2e50'),
 ('120', '126', 'Components', '1', '2016-05-20 05:24:10', '2016-05-20 05:24:10', '76ba6735-972a-4c5e-91d8-13d44322a17e'),
 ('121', '127', 'Components', '1', '2016-05-20 05:24:10', '2016-05-20 05:24:10', '0f3ae5db-98b5-4cee-bfc8-77a1accdbee1'),
 ('122', '128', 'Components', '1', '2016-05-20 05:24:10', '2016-05-20 05:24:10', 'dec1225a-6a1b-4334-a567-07618e1448fd'),
 ('123', '129', 'Components', '1', '2016-05-20 05:24:10', '2016-05-20 05:24:10', '44bc0216-0f56-4397-bcd6-5757d9511ee1'),
 ('124', '130', 'Components', '1', '2016-05-20 05:24:10', '2016-05-20 05:24:10', '68860b7b-3922-4054-9c28-c812a1882b79'),
 ('127', '133', 'Content', '1', '2016-05-20 06:11:54', '2016-05-20 06:11:54', 'e6a67bfd-25c6-4489-a9f9-f33e48379fd1'),
 ('128', '134', 'Content', '1', '2016-05-20 06:17:59', '2016-05-20 06:17:59', '845a8085-0b59-4211-9569-d4a09a2a834a'),
 ('129', '135', 'Content', '1', '2016-05-20 06:17:59', '2016-05-20 06:17:59', 'af5faa3c-0303-448d-818f-3eb84a465c0c'),
 ('130', '136', 'Content', '1', '2016-05-20 06:17:59', '2016-05-20 06:17:59', 'd2f0c814-dd06-4fa6-a44b-75ede3aabeb5'),
 ('131', '137', 'Content', '1', '2016-05-20 06:17:59', '2016-05-20 06:17:59', '21922a0e-06f1-4d39-ac9b-6d7bf7ea00da');



DROP TABLE IF EXISTS `craft_fields`;


--
-- Schema for table `craft_fields`
--
CREATE TABLE `craft_fields` (
  `id` int(11) NOT NULL AUTO_INCREMENT,
  `groupId` int(11) DEFAULT NULL,
  `name` varchar(255) COLLATE utf8_unicode_ci NOT NULL,
  `handle` varchar(58) COLLATE utf8_unicode_ci NOT NULL,
  `context` varchar(255) COLLATE utf8_unicode_ci NOT NULL DEFAULT 'global',
  `instructions` text COLLATE utf8_unicode_ci,
  `translatable` tinyint(1) unsigned NOT NULL DEFAULT '0',
  `type` varchar(150) COLLATE utf8_unicode_ci NOT NULL,
  `settings` text COLLATE utf8_unicode_ci,
  `dateCreated` datetime NOT NULL,
  `dateUpdated` datetime NOT NULL,
  `uid` char(36) COLLATE utf8_unicode_ci NOT NULL DEFAULT '0',
  PRIMARY KEY (`id`),
  UNIQUE KEY `craft_fields_handle_context_unq_idx` (`handle`,`context`),
  KEY `craft_fields_context_idx` (`context`),
  KEY `craft_fields_groupId_fk` (`groupId`)
) ENGINE=InnoDB AUTO_INCREMENT=110 DEFAULT CHARSET=utf8 COLLATE=utf8_unicode_ci;

--
-- Data for table `craft_fields`
--

INSERT INTO `craft_fields` (`id`, `groupId`, `name`, `handle`, `context`, `instructions`, `translatable`, `type`, `settings`, `dateCreated`, `dateUpdated`, `uid`) VALUES
 ('2', '1', 'Tags', 'tags', 'global', NULL, '0', 'Tags', '{\"source\":\"taggroup:1\"}', '2015-05-15 20:59:41', '2015-05-15 20:59:41', 'b9c84462-1820-40ae-a384-685b31e69f07'),
 ('3', '1', 'Art Direction', 'artDirection', 'global', 'Use these fields to help art direct the entry. You can fine tune in the Custom CSS field.', '0', 'Matrix', '{\"maxBlocks\":null}', '2015-05-15 21:37:13', '2016-05-20 06:17:59', '448b2bd1-8177-4faf-9156-7d5ae88f6a2e'),
 ('4', NULL, 'Hide primary heading', 'hidePrimaryHeading', 'matrixBlockType:1', '', '0', 'Lightswitch', '{\"default\":\"\"}', '2015-05-15 21:37:13', '2016-05-20 06:17:59', '67e11221-4027-4478-90aa-8bdc9a230551'),
 ('5', NULL, 'Primary heading font', 'primaryHeadingFont', 'matrixBlockType:1', '', '0', 'Dropdown', '{\"options\":[{\"label\":\"Sans serif\",\"value\":\"sans-serif;\",\"default\":\"\"},{\"label\":\"Serif\",\"value\":\"Georgia, serif;\",\"default\":\"\"}]}', '2015-05-15 21:37:13', '2016-05-20 06:17:59', 'aa9672e1-356f-4bf9-9a26-0a62a01116cd'),
 ('6', NULL, 'Primary heading weight', 'primaryHeadingWeight', 'matrixBlockType:1', '', '0', 'Dropdown', '{\"options\":[{\"label\":\"Thin\",\"value\":\"100\",\"default\":\"\"},{\"label\":\"Extra light\",\"value\":\"200\",\"default\":\"\"},{\"label\":\"Light\",\"value\":\"300\",\"default\":\"\"},{\"label\":\"Regular\",\"value\":\"400\",\"default\":\"\"},{\"label\":\"Medium\",\"value\":\"500\",\"default\":\"\"},{\"label\":\"Semi-bold\",\"value\":\"600\",\"default\":\"\"},{\"label\":\"Bold\",\"value\":\"700\",\"default\":\"\"},{\"label\":\"Extra-bold\",\"value\":\"800\",\"default\":\"\"},{\"label\":\"Black\",\"value\":\"900\",\"default\":\"\"}]}', '2015-05-15 21:37:13', '2016-05-20 06:17:59', '171c810d-5ef0-44e1-826a-86df58c80c7c'),
 ('7', NULL, 'Primary heading Italics', 'primaryHeadingItalics', 'matrixBlockType:1', '', '0', 'Lightswitch', '{\"default\":\"\"}', '2015-05-15 21:37:13', '2016-05-20 06:17:59', 'a816d6ea-48e2-4356-8620-1fccda292860'),
 ('8', NULL, 'Primary heading uppercase', 'primaryHeadingUppercase', 'matrixBlockType:1', '', '0', 'Lightswitch', '{\"default\":\"\"}', '2015-05-15 21:37:13', '2016-05-20 06:17:59', 'f2f5c237-9f53-40f7-a43f-8dc4005d891b'),
 ('9', NULL, 'Primary heading size', 'primaryHeadingSize', 'matrixBlockType:1', '', '0', 'Dropdown', '{\"options\":[{\"label\":\"16\",\"value\":\"1rem\",\"default\":\"\"},{\"label\":\"20\",\"value\":\"1.25rem\",\"default\":\"\"},{\"label\":\"24\",\"value\":\"1.5rem\",\"default\":\"\"},{\"label\":\"32\",\"value\":\"2rem\",\"default\":\"\"},{\"label\":\"48\",\"value\":\"3rem\",\"default\":\"\"},{\"label\":\"64\",\"value\":\"4rem\",\"default\":\"\"},{\"label\":\"80\",\"value\":\"5rem\",\"default\":\"\"},{\"label\":\"96\",\"value\":\"6rem\",\"default\":\"\"},{\"label\":\"128\",\"value\":\"8rem\",\"default\":\"\"},{\"label\":\"160\",\"value\":\"10rem\",\"default\":\"\"},{\"label\":\"192\",\"value\":\"12rem\",\"default\":\"\"},{\"label\":\"240\",\"value\":\"15rem\",\"default\":\"\"},{\"label\":\"288\",\"value\":\"18rem\",\"default\":\"\"}]}', '2015-05-15 21:37:13', '2016-05-20 06:17:59', 'cb3ed1b9-d9f6-4282-9121-d00ff4fc89d0'),
 ('10', NULL, 'Page Background colour', 'backgroundColour', 'matrixBlockType:2', '', '0', 'Color', NULL, '2015-05-15 21:37:13', '2016-05-20 06:17:59', '8767b4af-9376-421f-902b-023274e94522'),
 ('11', NULL, 'Header Background Colour', 'headerBackgroundColour', 'matrixBlockType:2', '', '0', 'Color', NULL, '2015-05-15 21:37:13', '2016-05-20 06:17:59', '4855dde3-dd07-42c8-8189-b5bec12e049e'),
 ('12', NULL, 'Header Text colour', 'headerTextColour', 'matrixBlockType:2', '', '0', 'Color', NULL, '2015-05-15 21:37:13', '2016-05-20 06:17:59', '394943ed-7760-4ae0-8ec4-c98dfd9cfef0'),
 ('13', NULL, 'Title colour', 'titleColour', 'matrixBlockType:2', '', '0', 'Color', NULL, '2015-05-15 21:37:13', '2016-05-20 06:17:59', 'fa34cb71-5f69-4d29-8580-627531e86847'),
 ('14', NULL, 'Link colour', 'linkColour', 'matrixBlockType:2', '', '0', 'Color', NULL, '2015-05-15 21:37:13', '2016-05-20 06:17:59', 'c6168fa3-8a77-4782-b06d-86c0aeb02c00'),
 ('15', NULL, 'Body background colour', 'bodyBackgroundColour', 'matrixBlockType:2', '', '0', 'Color', NULL, '2015-05-15 21:37:13', '2016-05-20 06:17:59', '7cbf6f42-7ecd-4e4c-8ff9-61518eb44db7'),
 ('16', NULL, 'Body text colour', 'bodyTextColour', 'matrixBlockType:2', '', '0', 'Color', NULL, '2015-05-15 21:37:13', '2016-05-20 06:17:59', '990836a3-0896-4543-b100-93b5d5d8dd27'),
 ('17', NULL, 'Link active colour', 'linkActiveColour', 'matrixBlockType:2', '', '0', 'Color', NULL, '2015-05-15 21:37:13', '2016-05-20 06:17:59', '63a2fea1-4fda-4a41-8d7e-8ade6a1c39e2'),
 ('18', NULL, 'Teaser background colour', 'teaserBackgroundColour', 'matrixBlockType:2', 'Only shows up on the teaser', '0', 'Color', NULL, '2015-05-15 21:37:13', '2016-05-20 06:17:59', 'bce2e736-11d9-4fab-94a9-5474e248eb77'),
 ('19', NULL, 'CSS', 'css', 'matrixBlockType:3', '', '0', 'PlainText', '{\"placeholder\":\"\",\"maxLength\":\"\",\"multiline\":\"1\",\"initialRows\":\"10\"}', '2015-05-15 21:38:17', '2016-05-20 06:17:59', '5d106c2f-89d3-4716-9fca-00f9e502532e'),
 ('20', NULL, 'Background Image', 'backgroundImage', 'matrixBlockType:4', '', '0', 'Assets', '{\"useSingleFolder\":\"\",\"sources\":\"*\",\"defaultUploadLocationSource\":\"1\",\"defaultUploadLocationSubpath\":\"\",\"singleUploadLocationSource\":\"1\",\"singleUploadLocationSubpath\":\"\",\"restrictFiles\":\"\",\"limit\":\"\",\"viewMode\":\"large\",\"selectionLabel\":\"\"}', '2015-05-15 21:41:02', '2016-05-20 06:17:59', '1fa8546c-4c6b-4b12-b993-1d4445fd8630'),
 ('21', NULL, 'Section', 'imageSection', 'matrixBlockType:4', '', '0', 'Dropdown', '{\"options\":[{\"label\":\"Page\",\"value\":\"page\",\"default\":\"1\"},{\"label\":\"Header\",\"value\":\"header\",\"default\":\"\"},{\"label\":\"Body\",\"value\":\"body\",\"default\":\"\"}]}', '2015-05-15 21:41:02', '2016-05-20 06:17:59', '3e82ef3f-76fb-4d7c-ace9-f05dad72be3a'),
 ('43', '2', 'Image size', 'imageSize', 'global', '', '0', 'PlainText', '{\"placeholder\":\"\",\"maxLength\":\"\",\"multiline\":\"\",\"initialRows\":\"4\"}', '2015-05-15 21:58:02', '2015-05-15 21:58:02', 'ac2f01ff-e3e4-40fc-95c3-e4befd10e247'),
 ('44', '2', 'Image position', 'imagePosition', 'global', '', '0', 'PositionSelect', '{\"options\":[\"left\",\"center\",\"right\",\"full\",\"drop-left\",\"drop-right\"]}', '2015-05-15 21:58:30', '2015-05-15 21:58:30', 'df41be01-9680-4a71-ae16-8b8a03a1006f'),
 ('45', '2', 'Image Fine Position', 'imageFinePosition', 'global', '', '0', 'PlainText', '{\"placeholder\":\"\",\"maxLength\":\"\",\"multiline\":\"\",\"initialRows\":\"4\"}', '2015-05-15 21:59:00', '2015-05-15 21:59:00', '7c89b241-a6d9-4272-9684-3a598807d931'),
 ('46', '2', 'Image repeat', 'imageRepeat', 'global', '', '0', 'RadioButtons', '{\"options\":[{\"label\":\"Repeat both\",\"value\":\"\",\"default\":\"1\"},{\"label\":\"No repeat\",\"value\":\"no-repeat\",\"default\":\"\"},{\"label\":\"Horizontal repeat\",\"value\":\"repeat-x\",\"default\":\"\"},{\"label\":\"Vertical repeat\",\"value\":\"repeat-y\",\"default\":\"\"}]}', '2015-05-15 21:59:55', '2015-05-15 21:59:55', 'f1c55e2b-bc84-49e7-9e0e-258d1fb6c141'),
 ('47', '2', 'Fixed position?', 'fixedPosition', 'global', '', '0', 'Lightswitch', '{\"default\":\"\"}', '2015-05-15 22:00:12', '2015-05-15 22:00:12', 'fa9a08dc-af07-4111-b79c-0bf663e11b5d'),
 ('48', '2', 'Primary Url', 'websiteUrl', 'global', '', '0', 'PlainText', '{\"placeholder\":\"\",\"maxLength\":\"\",\"multiline\":\"\",\"initialRows\":\"4\"}', '2015-05-15 22:00:38', '2015-05-15 22:00:38', '675a1332-28bc-4699-9f5b-7252a91266e3'),
 ('49', '2', 'Alt Text', 'altText', 'global', '', '0', 'PlainText', '{\"placeholder\":\"\",\"maxLength\":\"\",\"multiline\":\"\",\"initialRows\":\"4\"}', '2015-05-15 22:00:54', '2015-05-15 22:00:54', '546503a7-6365-46b7-aa24-417434e2871d'),
 ('50', '2', 'Caption', 'caption', 'global', '', '0', 'PlainText', '{\"placeholder\":\"\",\"maxLength\":\"\",\"multiline\":\"\",\"initialRows\":\"4\"}', '2015-05-15 22:01:11', '2015-05-15 22:01:11', 'a4ba4a88-b12e-4b79-95f4-99d734f321a7'),
 ('51', '2', 'Credit', 'credit', 'global', '', '0', 'PlainText', '{\"placeholder\":\"\",\"maxLength\":\"\",\"multiline\":\"\",\"initialRows\":\"4\"}', '2015-05-15 22:01:30', '2016-05-20 05:48:24', '00547f8a-91b8-4516-aada-abe3e34b6013'),
 ('52', '2', 'Credit Url', 'imageCreditUrl', 'global', '', '0', 'PlainText', '{\"placeholder\":\"\",\"maxLength\":\"\",\"multiline\":\"\",\"initialRows\":\"4\"}', '2015-05-15 22:01:43', '2016-05-17 23:36:23', '1f603c82-acc1-4913-82a3-7fe7124b8280'),
 ('53', '2', 'Credit organization', 'imageCreditOrganization', 'global', '', '0', 'PlainText', '{\"placeholder\":\"\",\"maxLength\":\"\",\"multiline\":\"\",\"initialRows\":\"4\"}', '2015-05-15 22:02:03', '2016-05-17 23:36:15', '3213abc3-6dff-4c22-8426-42d665ae5d5d'),
 ('54', '2', 'Credit Org URL', 'imageCreditOrgUrl', 'global', '', '0', 'PlainText', '{\"placeholder\":\"\",\"maxLength\":\"\",\"multiline\":\"\",\"initialRows\":\"4\"}', '2015-05-15 22:02:21', '2016-05-17 23:36:06', 'bfd22c19-3e7c-48fd-9c48-b2bf53a5270d'),
 ('55', '1', 'Heading', 'heading', 'global', '', '0', 'PlainText', '{\"placeholder\":\"\",\"maxLength\":\"\",\"multiline\":\"\",\"initialRows\":\"4\"}', '2015-05-15 22:16:53', '2015-05-15 22:16:53', 'be2c7036-62fc-48e6-bbe2-962d159e08af'),
 ('56', '1', 'Subhead', 'subhead', 'global', '', '0', 'PlainText', '{\"placeholder\":\"\",\"maxLength\":\"\",\"multiline\":\"\",\"initialRows\":\"4\"}', '2015-05-15 22:17:01', '2015-05-15 22:17:01', 'df9de964-3f90-47f1-a39f-7ff81224f63c'),
 ('57', '3', 'Google Tag Manager ID', 'gtm', 'global', 'Id to enable Google Tag manager', '0', 'PlainText', '{\"placeholder\":\"GTM-XXXXXX\",\"maxLength\":\"\",\"multiline\":\"\",\"initialRows\":\"4\"}', '2016-05-11 20:47:30', '2016-05-11 20:47:30', '0a62bcc3-8247-4d85-b245-607a03d7a178'),
 ('58', NULL, 'Breakpoint', 'breakpoint', 'matrixBlockType:3', 'Just the number (em units)', '0', 'PlainText', '{\"placeholder\":\"\",\"maxLength\":\"\",\"multiline\":\"\",\"initialRows\":\"4\"}', '2016-05-16 07:06:10', '2016-05-20 06:17:59', 'a5fa5e4f-377f-4e39-ba9d-dad7a1a40363'),
 ('88', '4', 'Width', 'width', 'global', 'How many columns does this component span?', '0', 'Dropdown', '{\"options\":[{\"label\":\"Full\",\"value\":\"full\",\"default\":\"1\"},{\"label\":\"1\\/2: \\u25fc\\ufe0e\\u25fc\\ufe0e\\u25fc\\ufe0e\\u25fb\\ufe0e\\u25fb\\ufe0e\\u25fb\\ufe0e\",\"value\":\"c2\",\"default\":\"\"},{\"label\":\"1\\/3: \\u25fc\\ufe0e\\u25fc\\ufe0e\\u25fb\\ufe0e\\u25fb\\ufe0e\\u25fb\\ufe0e\\u25fb\\ufe0e\",\"value\":\"c3\",\"default\":\"\"},{\"label\":\"2\\/3: \\u25fc\\ufe0e\\u25fc\\ufe0e\\u25fc\\ufe0e\\u25fc\\ufe0e\\u25fb\\ufe0e\\u25fb\\ufe0e\",\"value\":\"c3x2\",\"default\":\"\"},{\"label\":\"1\\/4: \\u25fc\\ufe0e\\u25fb\\ufe0e\\u25fb\\ufe0e\\u25fb\\ufe0e\",\"value\":\"c4\",\"default\":\"\"},{\"label\":\"3\\/4: \\u25fc\\ufe0e\\u25fc\\ufe0e\\u25fc\\ufe0e\\u25fb\",\"value\":\"c4x3\",\"default\":\"\"},{\"label\":\"1\\/5: \\u25fc\\ufe0e\\u25fb\\ufe0e\\u25fb\\ufe0e\\u25fb\\ufe0e\\u25fb\\ufe0e\",\"value\":\"c5\",\"default\":\"\"},{\"label\":\"2\\/5: \\u25fc\\ufe0e\\u25fc\\ufe0e\\u25fb\\ufe0e\\u25fb\\ufe0e\\u25fb\\ufe0e\",\"value\":\"c5x2\",\"default\":\"\"},{\"label\":\"3\\/5: \\u25fc\\ufe0e\\u25fc\\ufe0e\\u25fc\\ufe0e\\u25fb\\ufe0e\\u25fb\\ufe0e\",\"value\":\"c5x3\",\"default\":\"\"},{\"label\":\"4\\/5: \\u25fc\\ufe0e\\u25fc\\ufe0e\\u25fc\\ufe0e\\u25fc\\ufe0e\\u25fb\\ufe0e\",\"value\":\"c5x4\",\"default\":\"\"},{\"label\":\"1\\/6: \\u25fc\\u25fb\\ufe0e\\u25fb\\ufe0e\\u25fb\\ufe0e\\u25fb\\ufe0e\\u25fb\\ufe0e\",\"value\":\"c6\",\"default\":\"\"},{\"label\":\"5\\/6: \\u25fc\\ufe0e\\u25fc\\ufe0e\\u25fc\\ufe0e\\u25fc\\ufe0e\\u25fc\\ufe0e\\u25fb\\ufe0e\",\"value\":\"c6x5\",\"default\":\"\"}]}', '2016-05-17 19:55:58', '2016-05-20 05:04:29', 'e7a5edbf-a314-401d-91b7-9c477830577b'),
 ('89', '4', 'Push left', 'pushLeft', 'global', 'How many columns does this component get pushed to the left?', '0', 'Dropdown', '{\"options\":[{\"label\":\"None\",\"value\":\"\",\"default\":\"1\"},{\"label\":\"1\\/2: \\u25fc\\ufe0e\\u25fc\\ufe0e\\u25fc\\ufe0e\\u25fb\\ufe0e\\u25fb\\ufe0e\\u25fb\\ufe0e\",\"value\":\"pl2\",\"default\":\"\"},{\"label\":\"1\\/3: \\u25fc\\ufe0e\\u25fc\\ufe0e\\u25fb\\ufe0e\\u25fb\\ufe0e\\u25fb\\ufe0e\\u25fb\\ufe0e\",\"value\":\"pl3\",\"default\":\"\"},{\"label\":\"2\\/3: \\u25fc\\ufe0e\\u25fc\\ufe0e\\u25fc\\ufe0e\\u25fc\\ufe0e\\u25fb\\ufe0e\\u25fb\\ufe0e\",\"value\":\"pl3x2\",\"default\":\"\"},{\"label\":\"1\\/4: \\u25fc\\ufe0e\\u25fb\\ufe0e\\u25fb\\ufe0e\\u25fb\\ufe0e\",\"value\":\"pl4\",\"default\":\"\"},{\"label\":\"3\\/4: \\u25fc\\ufe0e\\u25fc\\ufe0e\\u25fc\\ufe0e\\u25fb\",\"value\":\"pl4x3\",\"default\":\"\"},{\"label\":\"1\\/5: \\u25fc\\ufe0e\\u25fb\\ufe0e\\u25fb\\ufe0e\\u25fb\\ufe0e\\u25fb\\ufe0e\",\"value\":\"pl5\",\"default\":\"\"},{\"label\":\"2\\/5: \\u25fc\\ufe0e\\u25fc\\ufe0e\\u25fb\\ufe0e\\u25fb\\ufe0e\\u25fb\\ufe0e\",\"value\":\"pl5x2\",\"default\":\"\"},{\"label\":\"3\\/5: \\u25fc\\ufe0e\\u25fc\\ufe0e\\u25fc\\ufe0e\\u25fb\\ufe0e\\u25fb\\ufe0e\",\"value\":\"pl5x3\",\"default\":\"\"},{\"label\":\"4\\/5: \\u25fc\\ufe0e\\u25fc\\ufe0e\\u25fc\\ufe0e\\u25fc\\ufe0e\\u25fb\\ufe0e\",\"value\":\"pl5x4\",\"default\":\"\"},{\"label\":\"1\\/6: \\u25fc\\ufe0e\\u25fb\\ufe0e\\u25fb\\ufe0e\\u25fb\\ufe0e\\u25fb\\ufe0e\\u25fb\\ufe0e\",\"value\":\"pl6\",\"default\":\"\"},{\"label\":\"5\\/6: \\u25fc\\ufe0e\\u25fc\\ufe0e\\u25fc\\ufe0e\\u25fc\\ufe0e\\u25fc\\ufe0e\\u25fb\\ufe0e\",\"value\":\"pl6x5\",\"default\":\"\"}]}', '2016-05-17 19:59:14', '2016-05-20 05:05:41', 'b107fab4-b8e7-46a5-af17-7a83f6d67156'),
 ('90', '4', 'Push right', 'pushRight', 'global', 'How many columns will this component push to the right?', '0', 'Dropdown', '{\"options\":[{\"label\":\"None\",\"value\":\"\",\"default\":\"1\"},{\"label\":\"1\\/2: \\u25fb\\ufe0e\\u25fb\\ufe0e\\u25fb\\ufe0e\\u25fc\\ufe0e\\u25fc\\ufe0e\\u25fc\",\"value\":\"pr2\",\"default\":\"\"},{\"label\":\"1\\/3: \\u25fb\\ufe0e\\u25fb\\ufe0e\\u25fb\\ufe0e\\u25fb\\ufe0e\\u25fc\\ufe0e\\u25fc\\ufe0e\",\"value\":\"pr3\",\"default\":\"\"},{\"label\":\"2\\/3: \\u25fb\\ufe0e\\u25fb\\ufe0e\\u25fc\\ufe0e\\u25fc\\ufe0e\\u25fc\\ufe0e\\u25fc\\ufe0e\",\"value\":\"pr3x2\",\"default\":\"\"},{\"label\":\"1\\/4: \\u25fb\\ufe0e\\u25fb\\ufe0e\\u25fb\\ufe0e\\u25fc\\ufe0e\",\"value\":\"pr4\",\"default\":\"\"},{\"label\":\"3\\/4: \\u25fb\\ufe0e\\u25fc\\ufe0e\\u25fc\\ufe0e\\u25fc\\ufe0e\",\"value\":\"pr4x3\",\"default\":\"\"},{\"label\":\"1\\/5: \\u25fb\\ufe0e\\u25fb\\ufe0e\\u25fb\\ufe0e\\u25fb\\ufe0e\\u25fc\\ufe0e\",\"value\":\"pr5\",\"default\":\"\"},{\"label\":\"2\\/5: \\u25fb\\ufe0e\\u25fb\\ufe0e\\u25fb\\ufe0e\\u25fc\\ufe0e\\u25fc\\ufe0e\",\"value\":\"pr5x2\",\"default\":\"\"},{\"label\":\"3\\/5: \\u25fb\\ufe0e\\u25fb\\ufe0e\\u25fc\\ufe0e\\u25fc\\ufe0e\\u25fc\\ufe0e\",\"value\":\"pr5x3\",\"default\":\"\"},{\"label\":\"4\\/5: \\u25fb\\ufe0e\\u25fc\\ufe0e\\u25fc\\ufe0e\\u25fc\\ufe0e\\u25fc\\ufe0e\",\"value\":\"pr5x4\",\"default\":\"\"},{\"label\":\"1\\/6: \\u25fb\\ufe0e\\u25fb\\ufe0e\\u25fb\\ufe0e\\u25fb\\ufe0e\\u25fb\\ufe0e\\u25fc\\ufe0e\",\"value\":\"pr6\",\"default\":\"\"},{\"label\":\"5\\/6: \\u25fb\\ufe0e\\u25fc\\ufe0e\\u25fc\\ufe0e\\u25fc\\ufe0e\\u25fc\\ufe0e\\u25fc\\ufe0e\",\"value\":\"pr6x5\",\"default\":\"\"}]}', '2016-05-17 20:01:51', '2016-05-20 05:06:16', '612be961-4134-42d1-973f-4c26539c6976'),
 ('91', '4', 'Custom class', 'customClass', 'global', '', '0', 'PlainText', '{\"placeholder\":\"\",\"maxLength\":\"\",\"multiline\":\"\",\"initialRows\":\"4\"}', '2016-05-17 23:27:23', '2016-05-17 23:27:23', '47369955-63f0-4d72-8296-31440117c62d'),
 ('92', '4', 'Custom colour', 'customColour', 'global', '', '0', 'Color', NULL, '2016-05-17 23:28:09', '2016-05-17 23:28:09', '2bbc790b-9196-47a9-9fa0-a67f55282016'),
 ('93', '4', 'Markdown', 'markdown', 'global', '', '0', 'Lightswitch', '{\"default\":\"1\"}', '2016-05-17 23:28:46', '2016-05-17 23:28:46', '578169f2-acb2-46b7-9021-d874a58d4b14'),
 ('94', '4', 'Text', 'text', 'global', '', '0', 'PlainText', '{\"placeholder\":\"\",\"maxLength\":\"\",\"multiline\":\"1\",\"initialRows\":\"15\"}', '2016-05-17 23:30:19', '2016-05-17 23:30:19', '9e0a3d66-3c98-4be1-8c32-1f3b1fc2a9ed'),
 ('95', '4', 'Colour', 'colour', 'global', '', '0', 'Dropdown', '{\"options\":[{\"label\":\"Transparent\",\"value\":\"transparent\",\"default\":\"1\"},{\"label\":\"Subtle\",\"value\":\"subtle\",\"default\":\"\"},{\"label\":\"Reverse\",\"value\":\"reverse\",\"default\":\"\"},{\"label\":\"Blue\",\"value\":\"blue\",\"default\":\"\"},{\"label\":\"Red\",\"value\":\"red\",\"default\":\"\"}]}', '2016-05-17 23:35:03', '2016-05-17 23:35:03', '3431efb3-cf91-42e4-a6a7-f6a634c9d970'),
 ('97', '4', 'Anchor name', 'anchorName', 'global', 'HTML ID used for linking within the page and controlling with javascript.', '0', 'PlainText', '{\"placeholder\":\"\",\"maxLength\":\"\",\"multiline\":\"\",\"initialRows\":\"4\"}', '2016-05-17 23:49:55', '2016-05-17 23:49:55', '0ed73e17-d6be-422f-9cf8-3ce116fe4ba8'),
 ('98', '4', 'Image', 'image', 'global', '', '0', 'Assets', '{\"useSingleFolder\":\"\",\"sources\":\"*\",\"defaultUploadLocationSource\":\"1\",\"defaultUploadLocationSubpath\":\"\",\"singleUploadLocationSource\":\"1\",\"singleUploadLocationSubpath\":\"\",\"restrictFiles\":\"1\",\"allowedKinds\":[\"image\"],\"limit\":\"\",\"viewMode\":\"large\",\"selectionLabel\":\"\"}', '2016-05-17 23:50:54', '2016-05-17 23:50:54', '33ebab71-7be4-42e6-b64d-5704141564b4'),
 ('99', '4', 'Row type', 'rowType', 'global', '', '0', 'Dropdown', '{\"options\":[{\"label\":\"Standard\",\"value\":\"standard\",\"default\":\"1\"},{\"label\":\"Snug\",\"value\":\"row--snug\",\"default\":\"\"},{\"label\":\"Tight\",\"value\":\"row--tight\",\"default\":\"\"},{\"label\":\"Loose\",\"value\":\"row--loose\",\"default\":\"\"},{\"label\":\"Tight top\",\"value\":\"row--bottom\",\"default\":\"\"},{\"label\":\"Tight bottom\",\"value\":\"row--top\",\"default\":\"\"}]}', '2016-05-17 23:53:35', '2016-05-17 23:53:35', '27494295-58c3-4f69-b6ce-08c55cf946e9'),
 ('100', '2', 'Caption position', 'captionPosition', 'global', '', '0', 'Dropdown', '{\"options\":[{\"label\":\"Left bottom\",\"value\":\"leftBottom\",\"default\":\"1\"},{\"label\":\"Right bottom\",\"value\":\"right-align right\",\"default\":\"\"},{\"label\":\"Left side\",\"value\":\"left right-align\",\"default\":\"\"},{\"label\":\"Right side\",\"value\":\"right\",\"default\":\"\"}]}', '2016-05-18 00:00:50', '2016-05-18 00:00:50', '43bcf741-6f30-4715-9d47-2b7dec6f76e2'),
 ('101', '4', 'Quote type', 'quoteType', 'global', '', '0', 'Dropdown', '{\"options\":[{\"label\":\"External quote\",\"value\":\"externalQuote\",\"default\":\"\"},{\"label\":\"Pull quote\",\"value\":\"pullQuote\",\"default\":\"\"},{\"label\":\"Testimonial\",\"value\":\"testimonial\",\"default\":\"\"}]}', '2016-05-18 00:02:10', '2016-05-18 00:02:10', 'bb92cc1a-0702-4950-827d-bf182f549a2c'),
 ('102', '4', 'Float', 'float', 'global', '', '0', 'PositionSelect', '{\"options\":[\"left\",\"center\",\"right\",\"full\"]}', '2016-05-18 00:03:03', '2016-05-20 05:07:12', 'f8f142d1-d59a-4e58-b778-3cbc22aacfab'),
 ('103', '4', 'Language', 'language', 'global', '', '0', 'Dropdown', '{\"options\":[{\"label\":\"HTML\",\"value\":\"markup\",\"default\":\"\"},{\"label\":\"CSS\",\"value\":\"scss\",\"default\":\"\"},{\"label\":\"Javascript\",\"value\":\"javascript\",\"default\":\"\"},{\"label\":\"Twig\",\"value\":\"twig\",\"default\":\"\"}]}', '2016-05-18 00:05:28', '2016-05-18 00:05:28', '0d465bbb-dae5-4683-b4a3-686dceb46f65'),
 ('104', '4', 'Divider type', 'dividerType', 'global', '', '0', 'Dropdown', '{\"options\":[{\"label\":\"Standard rule\",\"value\":\"standardRule\",\"default\":\"1\"},{\"label\":\"Accent line\",\"value\":\"rule--accent\",\"default\":\"\"},{\"label\":\"Hairline\",\"value\":\"rule--hairline\",\"default\":\"\"},{\"label\":\"White line\",\"value\":\"rule--white\",\"default\":\"\"},{\"label\":\"Light line\",\"value\":\"rule--light\",\"default\":\"\"},{\"label\":\"Dark line\",\"value\":\"rule--dark\",\"default\":\"\"},{\"label\":\"Black line\",\"value\":\"rule--black\",\"default\":\"\"}]}', '2016-05-18 00:07:25', '2016-05-18 00:07:25', '6c4f0ffe-2201-4405-9064-5477b664ff1f'),
 ('105', '4', 'Embed code', 'embedCode', 'global', '', '0', 'PlainText', '{\"placeholder\":\"\",\"maxLength\":\"\",\"multiline\":\"1\",\"initialRows\":\"4\"}', '2016-05-18 00:07:44', '2016-05-18 00:07:44', 'f19eda61-d646-49aa-9bfe-e5b9a911cb3a'),
 ('106', '1', 'Content', 'pageContent', 'global', '', '0', 'Neo', '{\"maxBlocks\":null}', '2016-05-18 00:08:36', '2016-05-20 05:24:09', '809778d5-bd60-4dd3-9ed6-77fb1bd8580f'),
 ('107', '4', 'Table', 'table', 'global', '', '0', 'TableMaker', '{\"columnsLabel\":\"Columns\",\"columnsInstructions\":\"Table headings\",\"columnsAddRowLabel\":\"\",\"rowsLabel\":\"Rows\",\"rowsInstructions\":\"Cell content\",\"rowsAddRowLabel\":\"\"}', '2016-05-20 05:14:47', '2016-05-20 05:14:47', 'f48fe33f-4a96-41a8-bf91-4f4568f6f40e'),
 ('108', '4', 'Table type', 'tableType', 'global', '', '0', 'Dropdown', '{\"options\":[{\"label\":\"Invisible\",\"value\":\"invisible\",\"default\":\"1\"},{\"label\":\"Lined\",\"value\":\"lined\",\"default\":\"\"},{\"label\":\"Bordered\",\"value\":\"bordered\",\"default\":\"\"},{\"label\":\"Striped\",\"value\":\"striped\",\"default\":\"\"}]}', '2016-05-20 05:16:28', '2016-05-20 05:16:28', '3b4fe854-9d1f-4c0a-adc9-f4ac47a72c7c'),
 ('109', '3', 'Blank out text', 'blankOutText', 'global', '', '0', 'Lightswitch', '{\"default\":\"\"}', '2016-05-20 06:11:27', '2016-05-20 06:11:27', '708d79e2-e268-48e5-b880-de8cc3384384');



DROP TABLE IF EXISTS `craft_globalsets`;


--
-- Schema for table `craft_globalsets`
--
CREATE TABLE `craft_globalsets` (
  `id` int(11) NOT NULL,
  `name` varchar(255) COLLATE utf8_unicode_ci NOT NULL,
  `handle` varchar(255) COLLATE utf8_unicode_ci NOT NULL,
  `fieldLayoutId` int(10) DEFAULT NULL,
  `dateCreated` datetime NOT NULL,
  `dateUpdated` datetime NOT NULL,
  `uid` char(36) COLLATE utf8_unicode_ci NOT NULL DEFAULT '0',
  PRIMARY KEY (`id`),
  UNIQUE KEY `craft_globalsets_name_unq_idx` (`name`),
  UNIQUE KEY `craft_globalsets_handle_unq_idx` (`handle`),
  KEY `craft_globalsets_fieldLayoutId_fk` (`fieldLayoutId`)
) ENGINE=InnoDB DEFAULT CHARSET=utf8 COLLATE=utf8_unicode_ci;

--
-- Data for table `craft_globalsets`
--

INSERT INTO `craft_globalsets` (`id`, `name`, `handle`, `fieldLayoutId`, `dateCreated`, `dateUpdated`, `uid`) VALUES
 ('8', 'Settings', 'settings', '133', '2016-05-11 20:23:33', '2016-05-20 06:11:54', 'bd2b910b-96ac-45e6-9f7d-533a17e30ab3');



DROP TABLE IF EXISTS `craft_info`;


--
-- Schema for table `craft_info`
--
CREATE TABLE `craft_info` (
  `id` int(11) NOT NULL AUTO_INCREMENT,
  `version` varchar(15) COLLATE utf8_unicode_ci NOT NULL,
  `build` int(11) unsigned NOT NULL,
  `schemaVersion` varchar(15) COLLATE utf8_unicode_ci NOT NULL,
  `releaseDate` datetime NOT NULL,
  `edition` tinyint(1) unsigned NOT NULL DEFAULT '0',
  `siteName` varchar(100) COLLATE utf8_unicode_ci NOT NULL,
  `siteUrl` varchar(255) COLLATE utf8_unicode_ci NOT NULL,
  `timezone` varchar(30) COLLATE utf8_unicode_ci DEFAULT NULL,
  `on` tinyint(1) unsigned NOT NULL DEFAULT '0',
  `maintenance` tinyint(1) unsigned NOT NULL DEFAULT '0',
  `track` varchar(40) COLLATE utf8_unicode_ci NOT NULL,
  `dateCreated` datetime NOT NULL,
  `dateUpdated` datetime NOT NULL,
  `uid` char(36) COLLATE utf8_unicode_ci NOT NULL DEFAULT '0',
  PRIMARY KEY (`id`)
) ENGINE=InnoDB AUTO_INCREMENT=2 DEFAULT CHARSET=utf8 COLLATE=utf8_unicode_ci;

--
-- Data for table `craft_info`
--

INSERT INTO `craft_info` (`id`, `version`, `build`, `schemaVersion`, `releaseDate`, `edition`, `siteName`, `siteUrl`, `timezone`, `on`, `maintenance`, `track`, `dateCreated`, `dateUpdated`, `uid`) VALUES
 ('1', '2.6', '2785', '2.6.4', '2016-05-06 16:17:39', '0', 'LT10 Editorial System', 'http://editorial.dev', 'UTC', '1', '0', 'stable', '2015-05-15 20:59:36', '2016-05-11 02:30:07', 'bff15d4f-5ef3-495d-bd3c-9f3c10da3e99');



DROP TABLE IF EXISTS `craft_locales`;


--
-- Schema for table `craft_locales`
--
CREATE TABLE `craft_locales` (
  `locale` char(12) COLLATE utf8_unicode_ci NOT NULL,
  `sortOrder` smallint(6) unsigned DEFAULT NULL,
  `dateCreated` datetime NOT NULL,
  `dateUpdated` datetime NOT NULL,
  `uid` char(36) COLLATE utf8_unicode_ci NOT NULL DEFAULT '0',
  PRIMARY KEY (`locale`),
  KEY `craft_locales_sortOrder_idx` (`sortOrder`)
) ENGINE=InnoDB DEFAULT CHARSET=utf8 COLLATE=utf8_unicode_ci;

--
-- Data for table `craft_locales`
--

INSERT INTO `craft_locales` (`locale`, `sortOrder`, `dateCreated`, `dateUpdated`, `uid`) VALUES
 ('en_us', '1', '2015-05-15 20:59:36', '2015-05-15 20:59:36', '82fbaf27-f124-4525-ae89-1f0e4aaf615b');



DROP TABLE IF EXISTS `craft_matrixblocks`;


--
-- Schema for table `craft_matrixblocks`
--
CREATE TABLE `craft_matrixblocks` (
  `id` int(11) NOT NULL,
  `ownerId` int(11) NOT NULL,
  `fieldId` int(11) NOT NULL,
  `typeId` int(11) DEFAULT NULL,
  `sortOrder` smallint(6) unsigned DEFAULT NULL,
  `ownerLocale` char(12) COLLATE utf8_unicode_ci DEFAULT NULL,
  `dateCreated` datetime NOT NULL,
  `dateUpdated` datetime NOT NULL,
  `uid` char(36) COLLATE utf8_unicode_ci NOT NULL DEFAULT '0',
  PRIMARY KEY (`id`),
  KEY `craft_matrixblocks_ownerId_idx` (`ownerId`),
  KEY `craft_matrixblocks_fieldId_idx` (`fieldId`),
  KEY `craft_matrixblocks_typeId_idx` (`typeId`),
  KEY `craft_matrixblocks_sortOrder_idx` (`sortOrder`),
  KEY `craft_matrixblocks_ownerLocale_fk` (`ownerLocale`)
) ENGINE=InnoDB DEFAULT CHARSET=utf8 COLLATE=utf8_unicode_ci;

DROP TABLE IF EXISTS `craft_matrixblocktypes`;


--
-- Schema for table `craft_matrixblocktypes`
--
CREATE TABLE `craft_matrixblocktypes` (
  `id` int(11) NOT NULL AUTO_INCREMENT,
  `fieldId` int(11) NOT NULL,
  `fieldLayoutId` int(11) DEFAULT NULL,
  `name` varchar(255) COLLATE utf8_unicode_ci NOT NULL,
  `handle` varchar(255) COLLATE utf8_unicode_ci NOT NULL,
  `sortOrder` smallint(6) unsigned DEFAULT NULL,
  `dateCreated` datetime NOT NULL,
  `dateUpdated` datetime NOT NULL,
  `uid` char(36) COLLATE utf8_unicode_ci NOT NULL DEFAULT '0',
  PRIMARY KEY (`id`),
  UNIQUE KEY `craft_matrixblocktypes_name_fieldId_unq_idx` (`name`,`fieldId`),
  UNIQUE KEY `craft_matrixblocktypes_handle_fieldId_unq_idx` (`handle`,`fieldId`),
  KEY `craft_matrixblocktypes_fieldId_fk` (`fieldId`),
  KEY `craft_matrixblocktypes_fieldLayoutId_fk` (`fieldLayoutId`)
) ENGINE=InnoDB AUTO_INCREMENT=5 DEFAULT CHARSET=utf8 COLLATE=utf8_unicode_ci;

--
-- Data for table `craft_matrixblocktypes`
--

INSERT INTO `craft_matrixblocktypes` (`id`, `fieldId`, `fieldLayoutId`, `name`, `handle`, `sortOrder`, `dateCreated`, `dateUpdated`, `uid`) VALUES
 ('1', '3', '134', 'Typography', 'typography', '1', '2015-05-15 21:37:13', '2016-05-20 06:17:59', '95dc2584-8c2a-4ae3-89a4-b84d06337b42'),
 ('2', '3', '135', 'Colours', 'colours', '2', '2015-05-15 21:37:13', '2016-05-20 06:17:59', '4f0d84bb-b60b-4477-be08-257b57aa68fd'),
 ('3', '3', '137', 'Custom CSS', 'customCSS', '4', '2015-05-15 21:38:17', '2016-05-20 06:17:59', '52f94000-3ae9-4d85-82b6-839474c7da6a'),
 ('4', '3', '136', 'Background images', 'backgroundImages', '3', '2015-05-15 21:41:02', '2016-05-20 06:17:59', '69fa364e-4c26-4498-94df-8582ffac8d9b');



DROP TABLE IF EXISTS `craft_matrixcontent_artdirection`;


--
-- Schema for table `craft_matrixcontent_artdirection`
--
CREATE TABLE `craft_matrixcontent_artdirection` (
  `id` int(11) NOT NULL AUTO_INCREMENT,
  `elementId` int(11) NOT NULL,
  `locale` char(12) COLLATE utf8_unicode_ci NOT NULL,
  `field_typography_hidePrimaryHeading` tinyint(1) unsigned NOT NULL DEFAULT '0',
  `field_typography_primaryHeadingFont` varchar(255) COLLATE utf8_unicode_ci DEFAULT NULL,
  `field_typography_primaryHeadingWeight` varchar(255) COLLATE utf8_unicode_ci DEFAULT NULL,
  `field_typography_primaryHeadingItalics` tinyint(1) unsigned NOT NULL DEFAULT '0',
  `field_typography_primaryHeadingUppercase` tinyint(1) unsigned NOT NULL DEFAULT '0',
  `field_typography_primaryHeadingSize` varchar(255) COLLATE utf8_unicode_ci DEFAULT NULL,
  `field_colours_backgroundColour` char(7) COLLATE utf8_unicode_ci DEFAULT NULL,
  `field_colours_headerBackgroundColour` char(7) COLLATE utf8_unicode_ci DEFAULT NULL,
  `field_colours_headerTextColour` char(7) COLLATE utf8_unicode_ci DEFAULT NULL,
  `field_colours_titleColour` char(7) COLLATE utf8_unicode_ci DEFAULT NULL,
  `field_colours_linkColour` char(7) COLLATE utf8_unicode_ci DEFAULT NULL,
  `field_colours_bodyBackgroundColour` char(7) COLLATE utf8_unicode_ci DEFAULT NULL,
  `field_colours_bodyTextColour` char(7) COLLATE utf8_unicode_ci DEFAULT NULL,
  `field_colours_linkActiveColour` char(7) COLLATE utf8_unicode_ci DEFAULT NULL,
  `field_colours_teaserBackgroundColour` char(7) COLLATE utf8_unicode_ci DEFAULT NULL,
  `field_customCSS_css` text COLLATE utf8_unicode_ci,
  `field_backgroundImages_imageSection` varchar(255) COLLATE utf8_unicode_ci DEFAULT 'page',
  `field_customCSS_breakpoint` text COLLATE utf8_unicode_ci,
  `dateCreated` datetime NOT NULL,
  `dateUpdated` datetime NOT NULL,
  `uid` char(36) COLLATE utf8_unicode_ci NOT NULL DEFAULT '0',
  PRIMARY KEY (`id`),
  UNIQUE KEY `craft_matrixcontent_artdirection_elementId_locale_unq_idx` (`elementId`,`locale`),
  KEY `craft_matrixcontent_artdirection_locale_fk` (`locale`)
) ENGINE=InnoDB AUTO_INCREMENT=2 DEFAULT CHARSET=utf8 COLLATE=utf8_unicode_ci;

DROP TABLE IF EXISTS `craft_migrations`;


--
-- Schema for table `craft_migrations`
--
CREATE TABLE `craft_migrations` (
  `id` int(11) NOT NULL AUTO_INCREMENT,
  `pluginId` int(11) DEFAULT NULL,
  `version` varchar(255) COLLATE utf8_unicode_ci NOT NULL,
  `applyTime` datetime NOT NULL,
  `dateCreated` datetime NOT NULL,
  `dateUpdated` datetime NOT NULL,
  `uid` char(36) COLLATE utf8_unicode_ci NOT NULL DEFAULT '0',
  PRIMARY KEY (`id`),
  UNIQUE KEY `craft_migrations_version_unq_idx` (`version`),
  KEY `craft_migrations_pluginId_fk` (`pluginId`)
) ENGINE=InnoDB AUTO_INCREMENT=52 DEFAULT CHARSET=utf8 COLLATE=utf8_unicode_ci;

--
-- Data for table `craft_migrations`
--

INSERT INTO `craft_migrations` (`id`, `pluginId`, `version`, `applyTime`, `dateCreated`, `dateUpdated`, `uid`) VALUES
 ('1', NULL, 'm000000_000000_base', '2015-05-15 20:59:36', '2015-05-15 20:59:36', '2015-05-15 20:59:36', '4c7755b0-e9bd-4e73-be56-4ca93adfb0b7'),
 ('2', NULL, 'm140730_000001_add_filename_and_format_to_transformindex', '2015-05-15 20:59:36', '2015-05-15 20:59:36', '2015-05-15 20:59:36', 'f05206a4-ef21-4097-97eb-a1e9dbae416a'),
 ('3', NULL, 'm140815_000001_add_format_to_transforms', '2015-05-15 20:59:36', '2015-05-15 20:59:36', '2015-05-15 20:59:36', '76da968f-6b41-444a-87f5-894754ffaf5a'),
 ('4', NULL, 'm140822_000001_allow_more_than_128_items_per_field', '2015-05-15 20:59:36', '2015-05-15 20:59:36', '2015-05-15 20:59:36', 'cd5c1a72-79ef-4997-bc3c-b145a93511ad'),
 ('5', NULL, 'm140829_000001_single_title_formats', '2015-05-15 20:59:36', '2015-05-15 20:59:36', '2015-05-15 20:59:36', 'e1646c1b-2e47-48f1-a08c-2569e3be74a9'),
 ('6', NULL, 'm140831_000001_extended_cache_keys', '2015-05-15 20:59:36', '2015-05-15 20:59:36', '2015-05-15 20:59:36', 'b40350f3-8449-4530-a82d-b2412ef060c3'),
 ('7', NULL, 'm140922_000001_delete_orphaned_matrix_blocks', '2015-05-15 20:59:36', '2015-05-15 20:59:36', '2015-05-15 20:59:36', '9b913513-55b9-43e8-90b9-7aa34be65651'),
 ('8', NULL, 'm141008_000001_elements_index_tune', '2015-05-15 20:59:36', '2015-05-15 20:59:36', '2015-05-15 20:59:36', '833f6a6c-aaca-44c3-a50c-2de5c223c97f'),
 ('9', NULL, 'm141009_000001_assets_source_handle', '2015-05-15 20:59:36', '2015-05-15 20:59:36', '2015-05-15 20:59:36', 'eaef987f-27a8-4d0a-af35-828f19ebc14a'),
 ('10', NULL, 'm141024_000001_field_layout_tabs', '2015-05-15 20:59:36', '2015-05-15 20:59:36', '2015-05-15 20:59:36', 'b36f7241-d0e1-4dc1-b9b0-211f1a186ff9'),
 ('11', NULL, 'm141030_000001_drop_structure_move_permission', '2015-05-15 20:59:36', '2015-05-15 20:59:36', '2015-05-15 20:59:36', 'b88d2ae6-ac23-452e-9182-2356f97bfe31'),
 ('12', NULL, 'm141103_000001_tag_titles', '2015-05-15 20:59:36', '2015-05-15 20:59:36', '2015-05-15 20:59:36', '3a579203-ff7e-49ed-b629-7a824a71acc2'),
 ('13', NULL, 'm141109_000001_user_status_shuffle', '2015-05-15 20:59:36', '2015-05-15 20:59:36', '2015-05-15 20:59:36', '7f0d3bb9-0a73-4109-b989-95231bbed8aa'),
 ('14', NULL, 'm141126_000001_user_week_start_day', '2015-05-15 20:59:36', '2015-05-15 20:59:36', '2015-05-15 20:59:36', '33d1d958-cd02-443b-afd1-cf86a4506ccd'),
 ('15', NULL, 'm150210_000001_adjust_user_photo_size', '2015-05-15 20:59:36', '2015-05-15 20:59:36', '2015-05-15 20:59:36', '6ff43ef7-f52e-42de-a507-913c9a220cd5'),
 ('16', NULL, 'm141030_000000_plugin_schema_versions', '2015-12-11 04:30:42', '2015-12-11 04:30:42', '2015-12-11 04:30:42', '0d802d8d-fb23-4c34-a7a4-cdf16bda5e2a'),
 ('17', NULL, 'm150724_000001_adjust_quality_settings', '2015-12-11 04:30:42', '2015-12-11 04:30:42', '2015-12-11 04:30:42', 'aabe4d49-eb1f-4c4b-91b9-33947c4cdd15'),
 ('18', NULL, 'm150827_000000_element_index_settings', '2015-12-11 04:30:42', '2015-12-11 04:30:42', '2015-12-11 04:30:42', '3ce66ebe-d05e-43fc-844d-ca82421b29aa'),
 ('19', NULL, 'm150918_000001_add_colspan_to_widgets', '2015-12-11 04:30:42', '2015-12-11 04:30:42', '2015-12-11 04:30:42', 'f78b7fa2-2618-4235-b2b8-a077e18a99f9'),
 ('20', NULL, 'm151007_000000_clear_asset_caches', '2015-12-11 04:30:42', '2015-12-11 04:30:42', '2015-12-11 04:30:42', '71a678da-5751-4be2-95ab-247289260cd6'),
 ('21', NULL, 'm151109_000000_text_url_formats', '2015-12-11 04:30:43', '2015-12-11 04:30:43', '2015-12-11 04:30:43', '22f13d4a-59fd-49d2-b1fd-1b867c41362d'),
 ('22', NULL, 'm151110_000000_move_logo', '2015-12-11 04:30:43', '2015-12-11 04:30:43', '2015-12-11 04:30:43', 'e65b0632-22f0-4ccd-a923-9786e09a1203'),
 ('23', NULL, 'm151117_000000_adjust_image_widthheight', '2015-12-11 04:30:43', '2015-12-11 04:30:43', '2015-12-11 04:30:43', '2a4b0037-29bd-4b9d-97b7-5763d09f15f5'),
 ('24', NULL, 'm151127_000000_clear_license_key_status', '2015-12-11 04:30:43', '2015-12-11 04:30:43', '2015-12-11 04:30:43', '06e7a1da-5ecb-494f-8832-98de0dcf1e33'),
 ('25', NULL, 'm151127_000000_plugin_license_keys', '2015-12-11 04:30:43', '2015-12-11 04:30:43', '2015-12-11 04:30:43', 'b8cebc61-771e-40db-aead-2174c852c266'),
 ('26', NULL, 'm151130_000000_update_pt_widget_feeds', '2015-12-11 04:30:43', '2015-12-11 04:30:43', '2015-12-11 04:30:43', '3995ff54-18ed-411f-aca4-300031096e49'),
 ('27', NULL, 'm160114_000000_asset_sources_public_url_default_true', '2016-05-11 02:30:07', '2016-05-11 02:30:07', '2016-05-11 02:30:07', 'ea4fa8b1-b1a0-465b-9c9e-6be7ad3fe6b8'),
 ('28', NULL, 'm160223_000000_sortorder_to_smallint', '2016-05-11 02:30:07', '2016-05-11 02:30:07', '2016-05-11 02:30:07', 'cd213416-31b6-4f70-a2b9-0f7cfc525883'),
 ('29', NULL, 'm160229_000000_set_default_entry_statuses', '2016-05-11 02:30:07', '2016-05-11 02:30:07', '2016-05-11 02:30:07', '7d21b4c6-8bd9-4d3d-9224-5f957a3971b2'),
 ('30', NULL, 'm160304_000000_client_permissions', '2016-05-11 02:30:07', '2016-05-11 02:30:07', '2016-05-11 02:30:07', 'b0cd4109-e50a-4529-a0fd-7629cf895b5a'),
 ('31', NULL, 'm160322_000000_asset_filesize', '2016-05-11 02:30:07', '2016-05-11 02:30:07', '2016-05-11 02:30:07', '7e835ddb-5792-4a43-8588-56505fbf7bae'),
 ('32', NULL, 'm160503_000000_orphaned_fieldlayouts', '2016-05-11 02:30:07', '2016-05-11 02:30:07', '2016-05-11 02:30:07', 'cb7d341f-03f5-4cfa-b3e7-28fdafa50ccf'),
 ('33', '1', 'm151225_000000_seomatic_addHumansField', '2016-05-11 20:24:44', '2016-05-11 20:24:44', '2016-05-11 20:24:44', '493c0aca-8468-470f-a567-779d72a5a308'),
 ('34', '1', 'm151226_000000_seomatic_addTwitterFacebookFields', '2016-05-11 20:24:44', '2016-05-11 20:24:44', '2016-05-11 20:24:44', '2820c8c2-8b42-42ff-af23-9a702fe41178'),
 ('35', '1', 'm160101_000000_seomatic_addRobotsFields', '2016-05-11 20:24:44', '2016-05-11 20:24:44', '2016-05-11 20:24:44', '286436be-465e-411a-853d-185860443385'),
 ('36', '1', 'm160111_000000_seomatic_addTitleFields', '2016-05-11 20:24:44', '2016-05-11 20:24:44', '2016-05-11 20:24:44', '30163c78-065e-47b5-894f-a6b82b8057ba'),
 ('37', '1', 'm160122_000000_seomatic_addTypeFields', '2016-05-11 20:24:44', '2016-05-11 20:24:44', '2016-05-11 20:24:44', '5d49879a-10b3-4f19-9f25-795fa40cf5b5'),
 ('38', '1', 'm160123_000000_seomatic_addOpeningHours', '2016-05-11 20:24:44', '2016-05-11 20:24:44', '2016-05-11 20:24:44', '6ca1edda-b053-4bb5-ab71-19c4d964dbf8'),
 ('39', '1', 'm160202_000000_seomatic_addSocialHandles', '2016-05-11 20:24:44', '2016-05-11 20:24:44', '2016-05-11 20:24:44', '0d33c2db-2246-41a3-ba4a-04d85fc65200'),
 ('40', '1', 'm160204_000000_seomatic_addGoogleAnalytics', '2016-05-11 20:24:44', '2016-05-11 20:24:44', '2016-05-11 20:24:44', 'b72e47c3-1250-4937-aacc-75e4755bca60'),
 ('41', '1', 'm160205_000000_seomatic_addResturantMenu', '2016-05-11 20:24:44', '2016-05-11 20:24:44', '2016-05-11 20:24:44', '25fe3238-138c-48e2-995a-884a572235af'),
 ('42', '1', 'm160206_000000_seomatic_addGoogleAnalyticsPlugins', '2016-05-11 20:24:44', '2016-05-11 20:24:44', '2016-05-11 20:24:44', '4612c5b7-b8a6-41a5-b423-71350346c8f6'),
 ('43', '1', 'm160206_000000_seomatic_addGoogleAnalyticsSendPageView', '2016-05-11 20:24:44', '2016-05-11 20:24:44', '2016-05-11 20:24:44', '279ef527-f20b-48bc-8b4c-434a74ffee05'),
 ('44', '1', 'm160209_000000_seomatic_alterDescriptionsColumns', '2016-05-11 20:24:44', '2016-05-11 20:24:44', '2016-05-11 20:24:44', 'f4471d28-b679-41c6-8ee6-47cce887633c'),
 ('45', '1', 'm160209_000001_seomatic_addRobotsTxt', '2016-05-11 20:24:44', '2016-05-11 20:24:44', '2016-05-11 20:24:44', 'f37f7b73-02c5-4343-85ad-51b1656100fe'),
 ('46', '1', 'm160227_000000_seomatic_addFacebookAppId', '2016-05-11 20:24:44', '2016-05-11 20:24:44', '2016-05-11 20:24:44', 'd6256647-694b-4a02-af50-9cc76958a1bd'),
 ('47', '1', 'm160416_000000_seomatic_addContactPoints', '2016-05-11 20:24:44', '2016-05-11 20:24:44', '2016-05-11 20:24:44', 'ffa2ac9d-268b-4b7d-966c-d5838ec23d59'),
 ('48', '1', 'm160509_000000_seomatic_addSiteLinksBing', '2016-05-11 20:24:44', '2016-05-11 20:24:44', '2016-05-11 20:24:44', 'a501c14e-ae84-43be-9446-4abc55994cbe'),
 ('49', '4', 'm140713_000000_minimee_ChangeTagToReturnSettingsFieldNames', '2016-05-11 21:00:22', '2016-05-11 21:00:22', '2016-05-11 21:00:22', 'cc91bf5e-d50c-449f-9912-652402723fe4'),
 ('50', '8', 'm160428_202308_Neo_UpdateBlockLevels', '2016-05-17 23:25:01', '2016-05-17 23:25:01', '2016-05-17 23:25:01', '78c6c0a0-2c29-45ca-932f-62fa63a79cee'),
 ('51', '8', 'm160515_005002_Neo_UpdateBlockStructure', '2016-05-17 23:25:01', '2016-05-17 23:25:01', '2016-05-17 23:25:01', '7e5b6e4f-acce-41b1-ac83-07f9eacc13c5');



DROP TABLE IF EXISTS `craft_neoblocks`;


--
-- Schema for table `craft_neoblocks`
--
CREATE TABLE `craft_neoblocks` (
  `id` int(11) NOT NULL,
  `ownerId` int(11) NOT NULL,
  `fieldId` int(11) NOT NULL,
  `typeId` int(11) DEFAULT NULL,
  `collapsed` tinyint(1) unsigned NOT NULL DEFAULT '0',
  `ownerLocale` char(12) COLLATE utf8_unicode_ci DEFAULT NULL,
  `dateCreated` datetime NOT NULL,
  `dateUpdated` datetime NOT NULL,
  `uid` char(36) COLLATE utf8_unicode_ci NOT NULL DEFAULT '0',
  PRIMARY KEY (`id`),
  KEY `craft_neoblocks_ownerId_idx` (`ownerId`),
  KEY `craft_neoblocks_fieldId_idx` (`fieldId`),
  KEY `craft_neoblocks_typeId_idx` (`typeId`),
  KEY `craft_neoblocks_collapsed_idx` (`collapsed`),
  KEY `craft_neoblocks_ownerLocale_fk` (`ownerLocale`)
) ENGINE=InnoDB DEFAULT CHARSET=utf8 COLLATE=utf8_unicode_ci;

--
-- Data for table `craft_neoblocks`
--

INSERT INTO `craft_neoblocks` (`id`, `ownerId`, `fieldId`, `typeId`, `collapsed`, `ownerLocale`, `dateCreated`, `dateUpdated`, `uid`) VALUES
 ('26', '2', '106', '1', '0', NULL, '2016-05-20 06:08:15', '2016-05-20 06:09:54', '776b205a-55bd-4723-8d6e-972206742c19'),
 ('27', '2', '106', '2', '0', NULL, '2016-05-20 06:08:15', '2016-05-20 06:09:55', 'f84a7fb0-eaeb-4efa-be11-ba434dda8864'),
 ('28', '2', '106', '2', '0', NULL, '2016-05-20 06:08:15', '2016-05-20 06:09:55', '8361cdb9-8f22-4f60-bb9d-09894c7de0fe'),
 ('29', '2', '106', '1', '0', NULL, '2016-05-20 06:08:15', '2016-05-20 06:09:55', '4b981ded-5f44-4fc1-8917-b5277ed8cdcf'),
 ('30', '2', '106', '2', '0', NULL, '2016-05-20 06:08:15', '2016-05-20 06:09:55', 'cc8a088c-7c37-4054-8d74-6e6a688dcfc6'),
 ('31', '2', '106', '2', '0', NULL, '2016-05-20 06:08:15', '2016-05-20 06:09:55', 'a92ecd7f-c1d3-40c9-b25a-9b488b8c812e');



DROP TABLE IF EXISTS `craft_neoblockstructures`;


--
-- Schema for table `craft_neoblockstructures`
--
CREATE TABLE `craft_neoblockstructures` (
  `id` int(11) NOT NULL AUTO_INCREMENT,
  `structureId` int(11) NOT NULL,
  `ownerId` int(11) NOT NULL,
  `fieldId` int(11) NOT NULL,
  `dateCreated` datetime NOT NULL,
  `dateUpdated` datetime NOT NULL,
  `uid` char(36) COLLATE utf8_unicode_ci NOT NULL DEFAULT '0',
  PRIMARY KEY (`id`),
  KEY `craft_neoblockstructures_structureId_idx` (`structureId`),
  KEY `craft_neoblockstructures_ownerId_idx` (`ownerId`),
  KEY `craft_neoblockstructures_fieldId_idx` (`fieldId`)
) ENGINE=InnoDB AUTO_INCREMENT=14 DEFAULT CHARSET=utf8 COLLATE=utf8_unicode_ci;

--
-- Data for table `craft_neoblockstructures`
--

INSERT INTO `craft_neoblockstructures` (`id`, `structureId`, `ownerId`, `fieldId`, `dateCreated`, `dateUpdated`, `uid`) VALUES
 ('13', '14', '2', '106', '2016-05-20 06:09:54', '2016-05-20 06:09:54', 'c78a6387-e13c-4b4f-abb3-d58dff345930');



DROP TABLE IF EXISTS `craft_neoblocktypes`;


--
-- Schema for table `craft_neoblocktypes`
--
CREATE TABLE `craft_neoblocktypes` (
  `id` int(11) NOT NULL AUTO_INCREMENT,
  `fieldId` int(11) NOT NULL,
  `fieldLayoutId` int(11) DEFAULT NULL,
  `name` varchar(255) COLLATE utf8_unicode_ci NOT NULL,
  `handle` varchar(255) COLLATE utf8_unicode_ci NOT NULL,
  `maxBlocks` int(10) DEFAULT '0',
  `childBlocks` text COLLATE utf8_unicode_ci,
  `topLevel` tinyint(1) unsigned NOT NULL DEFAULT '1',
  `sortOrder` smallint(6) unsigned DEFAULT NULL,
  `dateCreated` datetime NOT NULL,
  `dateUpdated` datetime NOT NULL,
  `uid` char(36) COLLATE utf8_unicode_ci NOT NULL DEFAULT '0',
  PRIMARY KEY (`id`),
  UNIQUE KEY `craft_neoblocktypes_name_fieldId_unq_idx` (`name`,`fieldId`),
  UNIQUE KEY `craft_neoblocktypes_handle_fieldId_unq_idx` (`handle`,`fieldId`),
  KEY `craft_neoblocktypes_fieldId_fk` (`fieldId`),
  KEY `craft_neoblocktypes_fieldLayoutId_fk` (`fieldLayoutId`)
) ENGINE=InnoDB AUTO_INCREMENT=10 DEFAULT CHARSET=utf8 COLLATE=utf8_unicode_ci;

--
-- Data for table `craft_neoblocktypes`
--

INSERT INTO `craft_neoblocktypes` (`id`, `fieldId`, `fieldLayoutId`, `name`, `handle`, `maxBlocks`, `childBlocks`, `topLevel`, `sortOrder`, `dateCreated`, `dateUpdated`, `uid`) VALUES
 ('1', '106', '122', 'Row', 'row', NULL, '[\"divider\",\"text\",\"callout\",\"quote\",\"code\",\"image\",\"video\"]', '1', '1', '2016-05-18 00:09:48', '2016-05-20 05:24:09', '14ece4c3-7693-48c6-bc2f-f5ed90b2ef19'),
 ('2', '106', '124', 'Text', 'text', NULL, '', '0', '3', '2016-05-18 00:10:58', '2016-05-20 05:24:10', 'acd53a8b-06e1-49bd-82f6-b024029ceafd'),
 ('3', '106', '129', 'Image', 'image', NULL, '', '1', '8', '2016-05-18 00:13:18', '2016-05-20 05:24:10', '4dd8cd68-3517-4505-9e35-8ac02b94c89c'),
 ('4', '106', '125', 'Callout', 'callout', NULL, '', '0', '4', '2016-05-18 00:14:25', '2016-05-20 05:24:10', '1c55a577-efa8-41fd-96ae-a67f30853279'),
 ('5', '106', '126', 'Quote', 'quote', NULL, '', '0', '5', '2016-05-18 00:15:25', '2016-05-20 05:24:10', '878e0899-d4e3-4af5-a8cb-f73ff7eea49d'),
 ('6', '106', '128', 'Code', 'code', NULL, '', '0', '7', '2016-05-18 00:16:25', '2016-05-20 05:24:10', '93afb1e9-60b2-4868-89d2-b6320ae92f31'),
 ('7', '106', '123', 'Divider', 'divider', NULL, '', '1', '2', '2016-05-18 00:17:27', '2016-05-20 05:24:10', '9633584c-123b-40ae-9686-cfbde81ce51e'),
 ('8', '106', '130', 'Video', 'video', NULL, '', '1', '9', '2016-05-18 00:19:08', '2016-05-20 05:24:10', '634a23ad-0b2d-4219-b647-e71b04dc68db'),
 ('9', '106', '127', 'Table', 'table', NULL, '', '0', '6', '2016-05-20 05:19:17', '2016-05-20 05:24:10', '29faa494-4e7d-4778-976d-851b2bc21f01');



DROP TABLE IF EXISTS `craft_neogroups`;


--
-- Schema for table `craft_neogroups`
--
CREATE TABLE `craft_neogroups` (
  `id` int(11) NOT NULL AUTO_INCREMENT,
  `fieldId` int(11) NOT NULL,
  `name` varchar(255) COLLATE utf8_unicode_ci DEFAULT NULL,
  `sortOrder` smallint(6) unsigned DEFAULT NULL,
  `dateCreated` datetime NOT NULL,
  `dateUpdated` datetime NOT NULL,
  `uid` char(36) COLLATE utf8_unicode_ci NOT NULL DEFAULT '0',
  PRIMARY KEY (`id`),
  KEY `craft_neogroups_fieldId_fk` (`fieldId`)
) ENGINE=InnoDB DEFAULT CHARSET=utf8 COLLATE=utf8_unicode_ci;

DROP TABLE IF EXISTS `craft_plugins`;


--
-- Schema for table `craft_plugins`
--
CREATE TABLE `craft_plugins` (
  `id` int(11) NOT NULL AUTO_INCREMENT,
  `class` varchar(150) COLLATE utf8_unicode_ci NOT NULL,
  `version` varchar(15) COLLATE utf8_unicode_ci NOT NULL,
  `schemaVersion` varchar(15) COLLATE utf8_unicode_ci DEFAULT NULL,
  `licenseKey` char(24) COLLATE utf8_unicode_ci DEFAULT NULL,
  `licenseKeyStatus` enum('valid','invalid','mismatched','unknown') COLLATE utf8_unicode_ci NOT NULL DEFAULT 'unknown',
  `enabled` tinyint(1) unsigned NOT NULL DEFAULT '0',
  `settings` text COLLATE utf8_unicode_ci,
  `installDate` datetime NOT NULL,
  `dateCreated` datetime NOT NULL,
  `dateUpdated` datetime NOT NULL,
  `uid` char(36) COLLATE utf8_unicode_ci NOT NULL DEFAULT '0',
  PRIMARY KEY (`id`)
) ENGINE=InnoDB AUTO_INCREMENT=11 DEFAULT CHARSET=utf8 COLLATE=utf8_unicode_ci;

--
-- Data for table `craft_plugins`
--

INSERT INTO `craft_plugins` (`id`, `class`, `version`, `schemaVersion`, `licenseKey`, `licenseKeyStatus`, `enabled`, `settings`, `installDate`, `dateCreated`, `dateUpdated`, `uid`) VALUES
 ('1', 'Seomatic', '1.1.17', '1.1.15', NULL, 'unknown', '1', '{\"pluginNameOverride\":\"SEO\"}', '2016-05-11 20:24:44', '2016-05-11 20:24:44', '2016-05-19 23:20:15', 'f4709c00-d270-46ec-87fc-09a64b31e562'),
 ('2', 'Cookies', '1.0.2', '1.0.0', NULL, 'unknown', '1', NULL, '2016-05-11 21:00:14', '2016-05-11 21:00:14', '2016-05-19 23:20:15', '2a4b4c67-be25-46b4-a4f5-ff0307062da2'),
 ('3', 'Lettering', '1.0.0', '1.0.0', NULL, 'unknown', '1', NULL, '2016-05-11 21:00:18', '2016-05-11 21:00:18', '2016-05-19 23:20:15', '1b27ae7e-e7cd-4713-a506-ebe26f663141'),
 ('4', 'Minimee', '0.9.3', NULL, NULL, 'unknown', '1', NULL, '2016-05-11 21:00:22', '2016-05-11 21:00:22', '2016-05-19 23:20:15', '400fc21a-1ae9-46ba-93f9-62c22e6047e4'),
 ('5', 'Typogrify', '1.0', NULL, NULL, 'unknown', '1', NULL, '2016-05-11 21:00:26', '2016-05-11 21:00:26', '2016-05-19 23:20:15', '3a4f6365-3be2-4e85-981f-755bda0100ff'),
 ('6', 'Faker', '0.1', NULL, NULL, 'unknown', '1', NULL, '2016-05-16 06:25:16', '2016-05-16 06:25:16', '2016-05-19 23:20:15', '9e7eb774-9223-42fa-bbc4-691fe8478ca8'),
 ('7', 'Inlin', '1.1', NULL, NULL, 'unknown', '1', NULL, '2016-05-17 23:24:56', '2016-05-17 23:24:56', '2016-05-19 23:20:15', 'c9f17321-a0b0-43e6-83d4-6e1cea68a29c'),
 ('8', 'Neo', '1.1.0', '1.1.0', NULL, 'unknown', '1', NULL, '2016-05-17 23:25:01', '2016-05-17 23:25:01', '2016-05-19 23:20:15', '848fd33e-f260-4741-a522-c0494d6f5dc5'),
 ('9', 'Relabel', '0.1.3', '1.0.0', NULL, 'unknown', '1', NULL, '2016-05-17 23:25:04', '2016-05-17 23:25:04', '2016-05-19 23:20:15', 'd5eed2fa-4c22-4c3f-803f-75a66d374b7b'),
 ('10', 'TableMaker', '1.0', NULL, NULL, 'unknown', '1', NULL, '2016-05-20 05:10:23', '2016-05-20 05:10:23', '2016-05-20 05:10:23', '400cd8b8-de46-4ba4-9a68-e891a853f95a');



DROP TABLE IF EXISTS `craft_rackspaceaccess`;


--
-- Schema for table `craft_rackspaceaccess`
--
CREATE TABLE `craft_rackspaceaccess` (
  `id` int(11) NOT NULL AUTO_INCREMENT,
  `connectionKey` varchar(255) COLLATE utf8_unicode_ci NOT NULL,
  `token` varchar(255) COLLATE utf8_unicode_ci NOT NULL,
  `storageUrl` varchar(255) COLLATE utf8_unicode_ci NOT NULL,
  `cdnUrl` varchar(255) COLLATE utf8_unicode_ci NOT NULL,
  `dateCreated` datetime NOT NULL,
  `dateUpdated` datetime NOT NULL,
  `uid` char(36) COLLATE utf8_unicode_ci NOT NULL DEFAULT '0',
  PRIMARY KEY (`id`),
  UNIQUE KEY `craft_rackspaceaccess_connectionKey_unq_idx` (`connectionKey`)
) ENGINE=InnoDB DEFAULT CHARSET=utf8 COLLATE=utf8_unicode_ci;

DROP TABLE IF EXISTS `craft_relabel`;


--
-- Schema for table `craft_relabel`
--
CREATE TABLE `craft_relabel` (
  `id` int(11) NOT NULL AUTO_INCREMENT,
  `fieldId` int(11) DEFAULT NULL,
  `fieldLayoutId` int(11) DEFAULT NULL,
  `name` varchar(255) COLLATE utf8_unicode_ci DEFAULT NULL,
  `instructions` varchar(255) COLLATE utf8_unicode_ci DEFAULT NULL,
  `dateCreated` datetime NOT NULL,
  `dateUpdated` datetime NOT NULL,
  `uid` char(36) COLLATE utf8_unicode_ci NOT NULL DEFAULT '0',
  PRIMARY KEY (`id`),
  KEY `craft_relabel_fieldId_fk` (`fieldId`),
  KEY `craft_relabel_fieldLayoutId_fk` (`fieldLayoutId`)
) ENGINE=InnoDB AUTO_INCREMENT=32 DEFAULT CHARSET=utf8 COLLATE=utf8_unicode_ci;

--
-- Data for table `craft_relabel`
--

INSERT INTO `craft_relabel` (`id`, `fieldId`, `fieldLayoutId`, `name`, `instructions`, `dateCreated`, `dateUpdated`, `uid`) VALUES
 ('24', '98', '122', 'Background image', NULL, '2016-05-20 05:24:09', '2016-05-20 05:24:09', 'f9d40f68-abfd-4df4-9516-e8387d059843'),
 ('25', '94', '128', 'Snippet', NULL, '2016-05-20 05:24:10', '2016-05-20 05:24:10', '3353dc69-b2dd-4646-86c9-f32f5e16a865'),
 ('26', '48', '129', 'Link', NULL, '2016-05-20 05:24:10', '2016-05-20 05:24:10', 'd0406de6-94d4-4784-82ce-6d3c1096f5d7'),
 ('30', '98', '133', 'Site logo', NULL, '2016-05-20 06:11:54', '2016-05-20 06:11:54', 'ac5745b7-112f-4372-81db-f08f5856e1b2'),
 ('31', '51', '133', 'Copyright message', NULL, '2016-05-20 06:11:54', '2016-05-20 06:11:54', '884a5526-1bf7-4964-b5d3-2f5741122708');



DROP TABLE IF EXISTS `craft_relations`;


--
-- Schema for table `craft_relations`
--
CREATE TABLE `craft_relations` (
  `id` int(11) NOT NULL AUTO_INCREMENT,
  `fieldId` int(11) NOT NULL,
  `sourceId` int(11) NOT NULL,
  `sourceLocale` char(12) COLLATE utf8_unicode_ci DEFAULT NULL,
  `targetId` int(11) NOT NULL,
  `sortOrder` smallint(6) DEFAULT NULL,
  `dateCreated` datetime NOT NULL,
  `dateUpdated` datetime NOT NULL,
  `uid` char(36) COLLATE utf8_unicode_ci NOT NULL DEFAULT '0',
  PRIMARY KEY (`id`),
  UNIQUE KEY `craft_relations_fieldId_sourceId_sourceLocale_targetId_unq_idx` (`fieldId`,`sourceId`,`sourceLocale`,`targetId`),
  KEY `craft_relations_sourceId_fk` (`sourceId`),
  KEY `craft_relations_sourceLocale_fk` (`sourceLocale`),
  KEY `craft_relations_targetId_fk` (`targetId`)
) ENGINE=InnoDB DEFAULT CHARSET=utf8 COLLATE=utf8_unicode_ci;

DROP TABLE IF EXISTS `craft_routes`;


--
-- Schema for table `craft_routes`
--
CREATE TABLE `craft_routes` (
  `id` int(11) NOT NULL AUTO_INCREMENT,
  `locale` char(12) COLLATE utf8_unicode_ci DEFAULT NULL,
  `urlParts` varchar(255) COLLATE utf8_unicode_ci NOT NULL,
  `urlPattern` varchar(255) COLLATE utf8_unicode_ci NOT NULL,
  `template` varchar(255) COLLATE utf8_unicode_ci NOT NULL,
  `sortOrder` smallint(6) unsigned DEFAULT NULL,
  `dateCreated` datetime NOT NULL,
  `dateUpdated` datetime NOT NULL,
  `uid` char(36) COLLATE utf8_unicode_ci NOT NULL DEFAULT '0',
  PRIMARY KEY (`id`),
  UNIQUE KEY `craft_routes_urlPattern_unq_idx` (`urlPattern`),
  KEY `craft_routes_locale_idx` (`locale`)
) ENGINE=InnoDB DEFAULT CHARSET=utf8 COLLATE=utf8_unicode_ci;

DROP TABLE IF EXISTS `craft_searchindex`;


--
-- Schema for table `craft_searchindex`
--
CREATE TABLE `craft_searchindex` (
  `elementId` int(11) NOT NULL,
  `attribute` varchar(25) COLLATE utf8_unicode_ci NOT NULL,
  `fieldId` int(11) NOT NULL,
  `locale` char(12) COLLATE utf8_unicode_ci NOT NULL,
  `keywords` text COLLATE utf8_unicode_ci NOT NULL,
  PRIMARY KEY (`elementId`,`attribute`,`fieldId`,`locale`),
  FULLTEXT KEY `craft_searchindex_keywords_idx` (`keywords`)
) ENGINE=MyISAM DEFAULT CHARSET=utf8 COLLATE=utf8_unicode_ci;

--
-- Data for table `craft_searchindex`
--

INSERT INTO `craft_searchindex` (`elementId`, `attribute`, `fieldId`, `locale`, `keywords`) VALUES
 ('1', 'username', '0', 'en_us', ' admin '),
 ('1', 'firstname', '0', 'en_us', ''),
 ('1', 'lastname', '0', 'en_us', ''),
 ('1', 'fullname', '0', 'en_us', ''),
 ('1', 'email', '0', 'en_us', ' help louderthanten com '),
 ('1', 'slug', '0', 'en_us', ''),
 ('2', 'field', '1', 'en_us', ''),
 ('2', 'slug', '0', 'en_us', ' homepage '),
 ('2', 'title', '0', 'en_us', ' louder than ten editorial system '),
 ('8', 'slug', '0', 'en_us', ''),
 ('8', 'field', '57', 'en_us', ''),
 ('16', 'field', '92', 'en_us', ' 000000 '),
 ('15', 'slug', '0', 'en_us', ''),
 ('14', 'slug', '0', 'en_us', ''),
 ('14', 'field', '91', 'en_us', ''),
 ('2', 'field', '3', 'en_us', ''),
 ('2', 'field', '106', 'en_us', ' leftbottom transparent 000000 standardrule 0 0 standard invisible full leftbottom transparent standardrule 0 left 1 standard invisible your live wires playground today we stop making trash and instead start building living breathing beauties that will look and act the way they were imagined good stuff you ve downloaded and set up live wires successfully on your machine here s how it works live wires is a platform agnostic design framework made with sass that allows you to create responsive grey box wireframes and prototypes in html scss you can keep all your code without needing to create static mock ups or other deliverables you end up throwing away c3x2 leftbottom transparent standardrule 0 left 1 standard invisible recommended workflow step one begin by creating your low fidelity wireframes right here this page will act as the index or home page of your project feel free to delete or overwrite the content on this page with your own step two use the linked style guide guide to style your elements components and modules step three refine your templates and share with your team or clients as fully responsive high fidelity prototypes c3 leftbottom reverse 000000 standardrule 0 0 standard invisible full leftbottom transparent standardrule 0 left 1 standard invisible support submit your bug reports pull requests and questions to github https github com louderthanten livewires issues c2 leftbottom transparent standardrule 0 left 1 standard invisible about follow us on twitter http twitter com louderthanten and stay tuned for more detailed video how tos about this design workflow live wires is built by louder than ten https louderthanten com c2 '),
 ('2', 'field', '22', 'en_us', ' 000000 reverse center content it s true this site doesn t have a whole lot of content yet but don t worry our web developers have just installed the cms and they re setting things up for the content editors this very moment soon editorial dev will be an oasis of fresh perspectives sharp analyses and astute opinions that will keep you coming back again and again 0 '),
 ('26', 'field', '91', 'en_us', ''),
 ('26', 'field', '99', 'en_us', ' standard '),
 ('26', 'field', '98', 'en_us', ''),
 ('26', 'field', '92', 'en_us', ' 000000 '),
 ('26', 'field', '95', 'en_us', ' transparent '),
 ('2', 'field', '55', 'en_us', ' louder than ten '),
 ('2', 'field', '56', 'en_us', ' editorial system '),
 ('17', 'field', '94', 'en_us', ' another piece of text '),
 ('16', 'slug', '0', 'en_us', ''),
 ('16', 'field', '97', 'en_us', ''),
 ('13', 'field', '97', 'en_us', ''),
 ('13', 'slug', '0', 'en_us', ''),
 ('14', 'field', '94', 'en_us', ' test text '),
 ('14', 'field', '93', 'en_us', ' 1 '),
 ('14', 'field', '88', 'en_us', ' full '),
 ('14', 'field', '89', 'en_us', ''),
 ('14', 'field', '90', 'en_us', ''),
 ('14', 'field', '102', 'en_us', ' left '),
 ('13', 'field', '91', 'en_us', ''),
 ('13', 'field', '99', 'en_us', ' standard '),
 ('13', 'field', '98', 'en_us', ''),
 ('16', 'field', '95', 'en_us', ' reverse '),
 ('13', 'field', '92', 'en_us', ' 000000 '),
 ('13', 'field', '95', 'en_us', ' transparent '),
 ('15', 'field', '104', 'en_us', ' standardrule '),
 ('16', 'field', '91', 'en_us', ''),
 ('16', 'field', '99', 'en_us', ' standard '),
 ('16', 'field', '98', 'en_us', ''),
 ('15', 'field', '88', 'en_us', ' full '),
 ('15', 'field', '89', 'en_us', ''),
 ('15', 'field', '90', 'en_us', ''),
 ('15', 'field', '91', 'en_us', ''),
 ('17', 'field', '93', 'en_us', ' 1 '),
 ('17', 'field', '88', 'en_us', ' c3x2 '),
 ('17', 'field', '89', 'en_us', ' pl3 '),
 ('17', 'field', '90', 'en_us', ''),
 ('17', 'field', '102', 'en_us', ' left '),
 ('17', 'field', '91', 'en_us', ''),
 ('17', 'slug', '0', 'en_us', ''),
 ('18', 'field', '94', 'en_us', ' some text '),
 ('18', 'field', '101', 'en_us', ' externalquote '),
 ('18', 'field', '88', 'en_us', ' c5x3 '),
 ('18', 'field', '89', 'en_us', ''),
 ('18', 'field', '90', 'en_us', ''),
 ('18', 'field', '102', 'en_us', ' left '),
 ('18', 'field', '91', 'en_us', ''),
 ('18', 'slug', '0', 'en_us', ''),
 ('20', 'field', '95', 'en_us', ' transparent '),
 ('20', 'field', '92', 'en_us', ' 000000 '),
 ('20', 'field', '98', 'en_us', ''),
 ('20', 'field', '99', 'en_us', ' standard '),
 ('20', 'field', '91', 'en_us', ''),
 ('20', 'field', '97', 'en_us', ''),
 ('20', 'slug', '0', 'en_us', ''),
 ('21', 'field', '94', 'en_us', ' here s a subsection in a row asdfasdfa sdflk asdfl kjasd fl kjads lfkjadsl fk jasd lkf jasd lkf jads lk fjasd lk fjads lk fjasd lkf jasd lkfj asd lkjf a sldkjf sd alkj f dlsakj fasd lkfj sdlknf asdlkjnf alkjf a lsdkjf alsdkj fa sldkj fas dlkjf as lkj fdasl k f '),
 ('21', 'field', '93', 'en_us', ' 1 '),
 ('21', 'field', '88', 'en_us', ' c2 '),
 ('21', 'field', '89', 'en_us', ' pl6 '),
 ('21', 'field', '90', 'en_us', ''),
 ('21', 'field', '102', 'en_us', ' left '),
 ('21', 'field', '91', 'en_us', ''),
 ('21', 'slug', '0', 'en_us', ''),
 ('22', 'field', '98', 'en_us', ''),
 ('22', 'field', '94', 'en_us', ' this is a callout adsf asdf asdf asdf asd asdf asdf asdf asdf asdf asdf asdf asd '),
 ('22', 'field', '93', 'en_us', ' 1 '),
 ('22', 'field', '95', 'en_us', ' reverse '),
 ('22', 'field', '92', 'en_us', ' 000000 '),
 ('22', 'field', '88', 'en_us', ' c3 '),
 ('22', 'field', '89', 'en_us', ''),
 ('22', 'field', '90', 'en_us', ''),
 ('22', 'field', '102', 'en_us', ' right '),
 ('22', 'field', '91', 'en_us', ''),
 ('22', 'slug', '0', 'en_us', ''),
 ('23', 'field', '95', 'en_us', ' reverse '),
 ('23', 'field', '92', 'en_us', ' 000000 '),
 ('23', 'field', '98', 'en_us', ''),
 ('23', 'field', '99', 'en_us', ' row tight '),
 ('23', 'field', '91', 'en_us', ''),
 ('23', 'field', '97', 'en_us', ''),
 ('23', 'slug', '0', 'en_us', ''),
 ('25', 'field', '90', 'en_us', ''),
 ('25', 'field', '89', 'en_us', ' pl3 ');
INSERT INTO `craft_searchindex` (`elementId`, `attribute`, `fieldId`, `locale`, `keywords`) VALUES
 ('25', 'field', '88', 'en_us', ' c3x2 '),
 ('25', 'field', '93', 'en_us', ' 1 '),
 ('25', 'field', '94', 'en_us', ' more test '),
 ('25', 'field', '102', 'en_us', ' left '),
 ('25', 'field', '91', 'en_us', ''),
 ('25', 'slug', '0', 'en_us', ''),
 ('8', 'field', '98', 'en_us', ''),
 ('8', 'field', '51', 'en_us', ' louder than ten rapidly built with live wires http www livewires io '),
 ('26', 'field', '97', 'en_us', ''),
 ('26', 'slug', '0', 'en_us', ''),
 ('27', 'field', '94', 'en_us', ' your live wires playground today we stop making trash and instead start building living breathing beauties that will look and act the way they were imagined good stuff you ve downloaded and set up live wires successfully on your machine here s how it works live wires is a platform agnostic design framework made with sass that allows you to create responsive grey box wireframes and prototypes in html scss you can keep all your code without needing to create static mock ups or other deliverables you end up throwing away '),
 ('27', 'field', '93', 'en_us', ' 1 '),
 ('27', 'field', '88', 'en_us', ' c3x2 '),
 ('27', 'field', '89', 'en_us', ''),
 ('27', 'field', '90', 'en_us', ''),
 ('27', 'field', '102', 'en_us', ' left '),
 ('27', 'field', '91', 'en_us', ''),
 ('27', 'slug', '0', 'en_us', ''),
 ('28', 'field', '94', 'en_us', ' recommended workflow step one begin by creating your low fidelity wireframes right here this page will act as the index or home page of your project feel free to delete or overwrite the content on this page with your own step two use the linked style guide guide to style your elements components and modules step three refine your templates and share with your team or clients as fully responsive high fidelity prototypes '),
 ('28', 'field', '93', 'en_us', ' 1 '),
 ('28', 'field', '88', 'en_us', ' c3 '),
 ('28', 'field', '89', 'en_us', ''),
 ('28', 'field', '90', 'en_us', ''),
 ('28', 'field', '102', 'en_us', ' left '),
 ('28', 'field', '91', 'en_us', ''),
 ('28', 'slug', '0', 'en_us', ''),
 ('29', 'field', '95', 'en_us', ' reverse '),
 ('29', 'field', '92', 'en_us', ' 000000 '),
 ('29', 'field', '98', 'en_us', ''),
 ('29', 'field', '99', 'en_us', ' standard '),
 ('29', 'field', '91', 'en_us', ''),
 ('29', 'field', '97', 'en_us', ''),
 ('29', 'slug', '0', 'en_us', ''),
 ('30', 'field', '94', 'en_us', ' support submit your bug reports pull requests and questions to github https github com louderthanten livewires issues '),
 ('30', 'field', '93', 'en_us', ' 1 '),
 ('30', 'field', '88', 'en_us', ' c2 '),
 ('30', 'field', '89', 'en_us', ''),
 ('30', 'field', '90', 'en_us', ''),
 ('30', 'field', '102', 'en_us', ' left '),
 ('30', 'field', '91', 'en_us', ''),
 ('30', 'slug', '0', 'en_us', ''),
 ('31', 'field', '94', 'en_us', ' about follow us on twitter http twitter com louderthanten and stay tuned for more detailed video how tos about this design workflow live wires is built by louder than ten https louderthanten com '),
 ('31', 'field', '93', 'en_us', ' 1 '),
 ('31', 'field', '88', 'en_us', ' c2 '),
 ('31', 'field', '89', 'en_us', ''),
 ('31', 'field', '90', 'en_us', ''),
 ('31', 'field', '102', 'en_us', ' left '),
 ('31', 'field', '91', 'en_us', ''),
 ('31', 'slug', '0', 'en_us', ''),
 ('8', 'field', '109', 'en_us', ' 0 ');



DROP TABLE IF EXISTS `craft_sections`;


--
-- Schema for table `craft_sections`
--
CREATE TABLE `craft_sections` (
  `id` int(11) NOT NULL AUTO_INCREMENT,
  `structureId` int(11) DEFAULT NULL,
  `name` varchar(255) COLLATE utf8_unicode_ci NOT NULL,
  `handle` varchar(255) COLLATE utf8_unicode_ci NOT NULL,
  `type` enum('single','channel','structure') COLLATE utf8_unicode_ci NOT NULL DEFAULT 'channel',
  `hasUrls` tinyint(1) unsigned NOT NULL DEFAULT '1',
  `template` varchar(500) COLLATE utf8_unicode_ci DEFAULT NULL,
  `enableVersioning` tinyint(1) unsigned NOT NULL DEFAULT '0',
  `dateCreated` datetime NOT NULL,
  `dateUpdated` datetime NOT NULL,
  `uid` char(36) COLLATE utf8_unicode_ci NOT NULL DEFAULT '0',
  PRIMARY KEY (`id`),
  UNIQUE KEY `craft_sections_name_unq_idx` (`name`),
  UNIQUE KEY `craft_sections_handle_unq_idx` (`handle`),
  KEY `craft_sections_structureId_fk` (`structureId`)
) ENGINE=InnoDB AUTO_INCREMENT=4 DEFAULT CHARSET=utf8 COLLATE=utf8_unicode_ci;

--
-- Data for table `craft_sections`
--

INSERT INTO `craft_sections` (`id`, `structureId`, `name`, `handle`, `type`, `hasUrls`, `template`, `enableVersioning`, `dateCreated`, `dateUpdated`, `uid`) VALUES
 ('1', NULL, 'Homepage', 'homepage', 'single', '1', 'index', '1', '2015-05-15 20:59:41', '2015-05-15 20:59:41', '34691f4d-1260-41aa-b24e-e4436701a537'),
 ('3', '1', 'Pages', 'pages', 'structure', '1', '_page', '1', '2016-05-11 02:44:22', '2016-05-11 02:44:22', '89ec7d70-546c-48cf-b723-9030fc3d8d04');



DROP TABLE IF EXISTS `craft_sections_i18n`;


--
-- Schema for table `craft_sections_i18n`
--
CREATE TABLE `craft_sections_i18n` (
  `id` int(11) NOT NULL AUTO_INCREMENT,
  `sectionId` int(11) NOT NULL,
  `locale` char(12) COLLATE utf8_unicode_ci NOT NULL,
  `enabledByDefault` tinyint(1) unsigned NOT NULL DEFAULT '1',
  `urlFormat` text COLLATE utf8_unicode_ci,
  `nestedUrlFormat` text COLLATE utf8_unicode_ci,
  `dateCreated` datetime NOT NULL,
  `dateUpdated` datetime NOT NULL,
  `uid` char(36) COLLATE utf8_unicode_ci NOT NULL DEFAULT '0',
  PRIMARY KEY (`id`),
  UNIQUE KEY `craft_sections_i18n_sectionId_locale_unq_idx` (`sectionId`,`locale`),
  KEY `craft_sections_i18n_locale_fk` (`locale`)
) ENGINE=InnoDB AUTO_INCREMENT=4 DEFAULT CHARSET=utf8 COLLATE=utf8_unicode_ci;

--
-- Data for table `craft_sections_i18n`
--

INSERT INTO `craft_sections_i18n` (`id`, `sectionId`, `locale`, `enabledByDefault`, `urlFormat`, `nestedUrlFormat`, `dateCreated`, `dateUpdated`, `uid`) VALUES
 ('1', '1', 'en_us', '1', '__home__', NULL, '2015-05-15 20:59:41', '2016-05-11 02:30:07', '284cbd62-6b2a-4fc0-aac6-725623892bf2'),
 ('3', '3', 'en_us', '1', '{slug}', '{parent.uri}/{slug}', '2016-05-11 02:44:22', '2016-05-11 02:44:22', 'dca2cfcd-4f21-4a43-b0d3-ec8272956711');



DROP TABLE IF EXISTS `craft_seomatic_meta`;


--
-- Schema for table `craft_seomatic_meta`
--
CREATE TABLE `craft_seomatic_meta` (
  `id` int(11) NOT NULL,
  `seoImageId` int(11) DEFAULT NULL,
  `locale` varchar(255) COLLATE utf8_unicode_ci DEFAULT 'en_us',
  `elementId` int(10) DEFAULT '0',
  `metaType` enum('default','template') COLLATE utf8_unicode_ci DEFAULT 'template',
  `metaPath` varchar(255) COLLATE utf8_unicode_ci DEFAULT '',
  `seoTitle` varchar(255) COLLATE utf8_unicode_ci DEFAULT '',
  `seoDescription` varchar(255) COLLATE utf8_unicode_ci DEFAULT '',
  `seoKeywords` varchar(255) COLLATE utf8_unicode_ci DEFAULT '',
  `twitterCardType` varchar(255) COLLATE utf8_unicode_ci DEFAULT 'summary',
  `openGraphType` varchar(255) COLLATE utf8_unicode_ci DEFAULT 'website',
  `robots` varchar(255) COLLATE utf8_unicode_ci DEFAULT '',
  `dateCreated` datetime NOT NULL,
  `dateUpdated` datetime NOT NULL,
  `uid` char(36) COLLATE utf8_unicode_ci NOT NULL DEFAULT '0',
  PRIMARY KEY (`id`),
  KEY `craft_seomatic_meta_seoImageId_fk` (`seoImageId`)
) ENGINE=InnoDB DEFAULT CHARSET=utf8 COLLATE=utf8_unicode_ci;

DROP TABLE IF EXISTS `craft_seomatic_settings`;


--
-- Schema for table `craft_seomatic_settings`
--
CREATE TABLE `craft_seomatic_settings` (
  `id` int(11) NOT NULL AUTO_INCREMENT,
  `siteSeoImageId` int(11) DEFAULT NULL,
  `genericOwnerImageId` int(11) DEFAULT NULL,
  `genericCreatorImageId` int(11) DEFAULT NULL,
  `locale` varchar(255) COLLATE utf8_unicode_ci DEFAULT '',
  `siteSeoName` varchar(255) COLLATE utf8_unicode_ci DEFAULT '',
  `siteSeoTitle` varchar(255) COLLATE utf8_unicode_ci DEFAULT '',
  `siteSeoTitleSeparator` varchar(255) COLLATE utf8_unicode_ci DEFAULT '|',
  `siteSeoTitlePlacement` enum('before','after','none') COLLATE utf8_unicode_ci DEFAULT 'after',
  `siteSeoDescription` varchar(255) COLLATE utf8_unicode_ci DEFAULT '',
  `siteSeoKeywords` varchar(255) COLLATE utf8_unicode_ci DEFAULT '',
  `siteTwitterCardType` varchar(255) COLLATE utf8_unicode_ci DEFAULT '',
  `siteOpenGraphType` varchar(255) COLLATE utf8_unicode_ci DEFAULT '',
  `siteRobots` varchar(255) COLLATE utf8_unicode_ci DEFAULT '',
  `siteRobotsTxt` text COLLATE utf8_unicode_ci,
  `siteLinksSearchTargets` text COLLATE utf8_unicode_ci,
  `siteLinksQueryInput` varchar(255) COLLATE utf8_unicode_ci DEFAULT '',
  `googleSiteVerification` varchar(255) COLLATE utf8_unicode_ci DEFAULT '',
  `bingSiteVerification` varchar(255) COLLATE utf8_unicode_ci DEFAULT '',
  `googleAnalyticsUID` varchar(255) COLLATE utf8_unicode_ci DEFAULT '',
  `googleAnalyticsSendPageview` tinyint(1) unsigned NOT NULL DEFAULT '1',
  `googleAnalyticsAdvertising` tinyint(1) unsigned NOT NULL DEFAULT '0',
  `googleAnalyticsEcommerce` tinyint(1) unsigned NOT NULL DEFAULT '0',
  `googleAnalyticsEEcommerce` tinyint(1) unsigned NOT NULL DEFAULT '0',
  `googleAnalyticsLinkAttribution` tinyint(1) unsigned NOT NULL DEFAULT '0',
  `googleAnalyticsLinker` tinyint(1) unsigned NOT NULL DEFAULT '0',
  `siteOwnerType` varchar(255) COLLATE utf8_unicode_ci DEFAULT '',
  `siteOwnerSubType` varchar(255) COLLATE utf8_unicode_ci DEFAULT '',
  `siteOwnerSpecificType` varchar(255) COLLATE utf8_unicode_ci DEFAULT '',
  `genericOwnerName` varchar(255) COLLATE utf8_unicode_ci DEFAULT '',
  `genericOwnerAlternateName` varchar(255) COLLATE utf8_unicode_ci DEFAULT '',
  `genericOwnerDescription` varchar(1024) COLLATE utf8_unicode_ci DEFAULT '',
  `genericOwnerUrl` varchar(255) COLLATE utf8_unicode_ci DEFAULT '',
  `genericOwnerTelephone` varchar(255) COLLATE utf8_unicode_ci DEFAULT '',
  `genericOwnerEmail` varchar(255) COLLATE utf8_unicode_ci DEFAULT '',
  `genericOwnerStreetAddress` varchar(255) COLLATE utf8_unicode_ci DEFAULT '',
  `genericOwnerAddressLocality` varchar(255) COLLATE utf8_unicode_ci DEFAULT '',
  `genericOwnerAddressRegion` varchar(255) COLLATE utf8_unicode_ci DEFAULT '',
  `genericOwnerPostalCode` varchar(255) COLLATE utf8_unicode_ci DEFAULT '',
  `genericOwnerAddressCountry` varchar(255) COLLATE utf8_unicode_ci DEFAULT '',
  `genericOwnerGeoLatitude` varchar(255) COLLATE utf8_unicode_ci DEFAULT '',
  `genericOwnerGeoLongitude` varchar(255) COLLATE utf8_unicode_ci DEFAULT '',
  `organizationOwnerDuns` varchar(255) COLLATE utf8_unicode_ci DEFAULT '',
  `organizationOwnerFounder` varchar(255) COLLATE utf8_unicode_ci DEFAULT '',
  `organizationOwnerFoundingDate` varchar(255) COLLATE utf8_unicode_ci DEFAULT '',
  `organizationOwnerFoundingLocation` varchar(255) COLLATE utf8_unicode_ci DEFAULT '',
  `organizationOwnerContactPoints` text COLLATE utf8_unicode_ci,
  `localBusinessOwnerOpeningHours` text COLLATE utf8_unicode_ci,
  `corporationOwnerTickerSymbol` varchar(255) COLLATE utf8_unicode_ci DEFAULT '',
  `restaurantOwnerServesCuisine` varchar(255) COLLATE utf8_unicode_ci DEFAULT '',
  `restaurantOwnerMenuUrl` varchar(255) COLLATE utf8_unicode_ci DEFAULT '',
  `restaurantOwnerReservationsUrl` varchar(255) COLLATE utf8_unicode_ci DEFAULT '',
  `personOwnerGender` varchar(255) COLLATE utf8_unicode_ci DEFAULT '',
  `personOwnerBirthPlace` varchar(255) COLLATE utf8_unicode_ci DEFAULT '',
  `twitterHandle` varchar(255) COLLATE utf8_unicode_ci DEFAULT '',
  `facebookHandle` varchar(255) COLLATE utf8_unicode_ci DEFAULT '',
  `facebookProfileId` varchar(255) COLLATE utf8_unicode_ci DEFAULT '',
  `facebookAppId` varchar(255) COLLATE utf8_unicode_ci DEFAULT '',
  `linkedInHandle` varchar(255) COLLATE utf8_unicode_ci DEFAULT '',
  `googlePlusHandle` varchar(255) COLLATE utf8_unicode_ci DEFAULT '',
  `youtubeHandle` varchar(255) COLLATE utf8_unicode_ci DEFAULT '',
  `youtubeChannelHandle` varchar(255) COLLATE utf8_unicode_ci DEFAULT '',
  `instagramHandle` varchar(255) COLLATE utf8_unicode_ci DEFAULT '',
  `pinterestHandle` varchar(255) COLLATE utf8_unicode_ci DEFAULT '',
  `githubHandle` varchar(255) COLLATE utf8_unicode_ci DEFAULT '',
  `siteCreatorType` varchar(255) COLLATE utf8_unicode_ci DEFAULT '',
  `siteCreatorSubType` varchar(255) COLLATE utf8_unicode_ci DEFAULT '',
  `siteCreatorSpecificType` varchar(255) COLLATE utf8_unicode_ci DEFAULT '',
  `genericCreatorName` varchar(255) COLLATE utf8_unicode_ci DEFAULT '',
  `genericCreatorAlternateName` varchar(255) COLLATE utf8_unicode_ci DEFAULT '',
  `genericCreatorDescription` varchar(1024) COLLATE utf8_unicode_ci DEFAULT '',
  `genericCreatorUrl` varchar(255) COLLATE utf8_unicode_ci DEFAULT '',
  `genericCreatorTelephone` varchar(255) COLLATE utf8_unicode_ci DEFAULT '',
  `genericCreatorEmail` varchar(255) COLLATE utf8_unicode_ci DEFAULT '',
  `genericCreatorStreetAddress` varchar(255) COLLATE utf8_unicode_ci DEFAULT '',
  `genericCreatorAddressLocality` varchar(255) COLLATE utf8_unicode_ci DEFAULT '',
  `genericCreatorAddressRegion` varchar(255) COLLATE utf8_unicode_ci DEFAULT '',
  `genericCreatorPostalCode` varchar(255) COLLATE utf8_unicode_ci DEFAULT '',
  `genericCreatorAddressCountry` varchar(255) COLLATE utf8_unicode_ci DEFAULT '',
  `genericCreatorGeoLatitude` varchar(255) COLLATE utf8_unicode_ci DEFAULT '',
  `genericCreatorGeoLongitude` varchar(255) COLLATE utf8_unicode_ci DEFAULT '',
  `organizationCreatorDuns` varchar(255) COLLATE utf8_unicode_ci DEFAULT '',
  `organizationCreatorFounder` varchar(255) COLLATE utf8_unicode_ci DEFAULT '',
  `organizationCreatorFoundingDate` varchar(255) COLLATE utf8_unicode_ci DEFAULT '',
  `organizationCreatorFoundingLocation` varchar(255) COLLATE utf8_unicode_ci DEFAULT '',
  `organizationCreatorContactPoints` text COLLATE utf8_unicode_ci,
  `localBusinessCreatorOpeningHours` text COLLATE utf8_unicode_ci,
  `corporationCreatorTickerSymbol` varchar(255) COLLATE utf8_unicode_ci DEFAULT '',
  `restaurantCreatorServesCuisine` varchar(255) COLLATE utf8_unicode_ci DEFAULT '',
  `restaurantCreatorMenuUrl` varchar(255) COLLATE utf8_unicode_ci DEFAULT '',
  `restaurantCreatorReservationsUrl` varchar(255) COLLATE utf8_unicode_ci DEFAULT '',
  `personCreatorGender` varchar(255) COLLATE utf8_unicode_ci DEFAULT '',
  `personCreatorBirthPlace` varchar(255) COLLATE utf8_unicode_ci DEFAULT '',
  `genericCreatorHumansTxt` text COLLATE utf8_unicode_ci,
  `dateCreated` datetime NOT NULL,
  `dateUpdated` datetime NOT NULL,
  `uid` char(36) COLLATE utf8_unicode_ci NOT NULL DEFAULT '0',
  PRIMARY KEY (`id`),
  KEY `craft_seomatic_settings_siteSeoImageId_fk` (`siteSeoImageId`),
  KEY `craft_seomatic_settings_genericOwnerImageId_fk` (`genericOwnerImageId`),
  KEY `craft_seomatic_settings_genericCreatorImageId_fk` (`genericCreatorImageId`)
) ENGINE=InnoDB AUTO_INCREMENT=2 DEFAULT CHARSET=utf8 COLLATE=utf8_unicode_ci;

--
-- Data for table `craft_seomatic_settings`
--

INSERT INTO `craft_seomatic_settings` (`id`, `siteSeoImageId`, `genericOwnerImageId`, `genericCreatorImageId`, `locale`, `siteSeoName`, `siteSeoTitle`, `siteSeoTitleSeparator`, `siteSeoTitlePlacement`, `siteSeoDescription`, `siteSeoKeywords`, `siteTwitterCardType`, `siteOpenGraphType`, `siteRobots`, `siteRobotsTxt`, `siteLinksSearchTargets`, `siteLinksQueryInput`, `googleSiteVerification`, `bingSiteVerification`, `googleAnalyticsUID`, `googleAnalyticsSendPageview`, `googleAnalyticsAdvertising`, `googleAnalyticsEcommerce`, `googleAnalyticsEEcommerce`, `googleAnalyticsLinkAttribution`, `googleAnalyticsLinker`, `siteOwnerType`, `siteOwnerSubType`, `siteOwnerSpecificType`, `genericOwnerName`, `genericOwnerAlternateName`, `genericOwnerDescription`, `genericOwnerUrl`, `genericOwnerTelephone`, `genericOwnerEmail`, `genericOwnerStreetAddress`, `genericOwnerAddressLocality`, `genericOwnerAddressRegion`, `genericOwnerPostalCode`, `genericOwnerAddressCountry`, `genericOwnerGeoLatitude`, `genericOwnerGeoLongitude`, `organizationOwnerDuns`, `organizationOwnerFounder`, `organizationOwnerFoundingDate`, `organizationOwnerFoundingLocation`, `organizationOwnerContactPoints`, `localBusinessOwnerOpeningHours`, `corporationOwnerTickerSymbol`, `restaurantOwnerServesCuisine`, `restaurantOwnerMenuUrl`, `restaurantOwnerReservationsUrl`, `personOwnerGender`, `personOwnerBirthPlace`, `twitterHandle`, `facebookHandle`, `facebookProfileId`, `facebookAppId`, `linkedInHandle`, `googlePlusHandle`, `youtubeHandle`, `youtubeChannelHandle`, `instagramHandle`, `pinterestHandle`, `githubHandle`, `siteCreatorType`, `siteCreatorSubType`, `siteCreatorSpecificType`, `genericCreatorName`, `genericCreatorAlternateName`, `genericCreatorDescription`, `genericCreatorUrl`, `genericCreatorTelephone`, `genericCreatorEmail`, `genericCreatorStreetAddress`, `genericCreatorAddressLocality`, `genericCreatorAddressRegion`, `genericCreatorPostalCode`, `genericCreatorAddressCountry`, `genericCreatorGeoLatitude`, `genericCreatorGeoLongitude`, `organizationCreatorDuns`, `organizationCreatorFounder`, `organizationCreatorFoundingDate`, `organizationCreatorFoundingLocation`, `organizationCreatorContactPoints`, `localBusinessCreatorOpeningHours`, `corporationCreatorTickerSymbol`, `restaurantCreatorServesCuisine`, `restaurantCreatorMenuUrl`, `restaurantCreatorReservationsUrl`, `personCreatorGender`, `personCreatorBirthPlace`, `genericCreatorHumansTxt`, `dateCreated`, `dateUpdated`, `uid`) VALUES
 ('1', NULL, NULL, NULL, 'en_us', 'LT10 Editorial System', 'This is the default global title of the site pages.', '|', 'after', 'This is the default global natural language description of the content on the site pages.', 'default,global,comma-separated,keywords', 'summary', 'website', '', '# robots.txt for {{ siteUrl }}\n\nSitemap: {{ siteUrl }}/sitemap.xml\n\n# Don\'t allow web crawlers to index Craft\n\nUser-agent: *\nDisallow: /craft/\n', '', '', '', '', '', '1', '0', '0', '0', '0', '0', 'Organization', 'Corporation', '', 'LT10 Editorial System', '', '', 'http://editorial.dev/', '', '', '', '', '', '', '', '', '', '', '', '', '', '', '', '', '', '', '', '', '', '', '', '', '', '', '', '', '', '', '', '', 'Organization', 'Corporation', '', '', '', '', '', '', '', '', '', '', '', '', '', '', '', '', '', '', '', '', '', '', '', '', '', '', '/* TEAM */\n\n{% if seomaticCreator.name is defined and seomaticCreator.name %}\nCreator: {{ seomaticCreator.name }}\n{% endif %}\n{% if seomaticCreator.url is defined and seomaticCreator.url %}\nURL: {{ seomaticCreator.url }}\n{% endif %}\n{% if seomaticCreator.description is defined and seomaticCreator.description %}\nDescription: {{ seomaticCreator.description }}\n{% endif %}\n\n/* THANKS */\n\nPixel & Tonic - https://pixelandtonic.com\n\n/* SITE */\n\nStandards: HTML5, CSS3\nComponents: Craft CMS, Yii, PHP, Javascript, SEOmatic', '2016-05-11 20:24:55', '2016-05-11 20:24:55', 'a0007ade-4f46-444f-9004-4578c7e1ca84');



DROP TABLE IF EXISTS `craft_sessions`;


--
-- Schema for table `craft_sessions`
--
CREATE TABLE `craft_sessions` (
  `id` int(11) NOT NULL AUTO_INCREMENT,
  `userId` int(11) NOT NULL,
  `token` char(100) COLLATE utf8_unicode_ci NOT NULL,
  `dateCreated` datetime NOT NULL,
  `dateUpdated` datetime NOT NULL,
  `uid` char(36) COLLATE utf8_unicode_ci NOT NULL DEFAULT '0',
  PRIMARY KEY (`id`),
  KEY `craft_sessions_uid_idx` (`uid`),
  KEY `craft_sessions_token_idx` (`token`),
  KEY `craft_sessions_dateUpdated_idx` (`dateUpdated`),
  KEY `craft_sessions_userId_fk` (`userId`)
) ENGINE=InnoDB AUTO_INCREMENT=13 DEFAULT CHARSET=utf8 COLLATE=utf8_unicode_ci;

DROP TABLE IF EXISTS `craft_shunnedmessages`;


--
-- Schema for table `craft_shunnedmessages`
--
CREATE TABLE `craft_shunnedmessages` (
  `id` int(11) NOT NULL AUTO_INCREMENT,
  `userId` int(11) NOT NULL,
  `message` varchar(255) COLLATE utf8_unicode_ci NOT NULL,
  `expiryDate` datetime DEFAULT NULL,
  `dateCreated` datetime NOT NULL,
  `dateUpdated` datetime NOT NULL,
  `uid` char(36) COLLATE utf8_unicode_ci NOT NULL DEFAULT '0',
  PRIMARY KEY (`id`),
  UNIQUE KEY `craft_shunnedmessages_userId_message_unq_idx` (`userId`,`message`)
) ENGINE=InnoDB DEFAULT CHARSET=utf8 COLLATE=utf8_unicode_ci;

DROP TABLE IF EXISTS `craft_structureelements`;


--
-- Schema for table `craft_structureelements`
--
CREATE TABLE `craft_structureelements` (
  `id` int(11) NOT NULL AUTO_INCREMENT,
  `structureId` int(11) NOT NULL,
  `elementId` int(11) DEFAULT NULL,
  `root` int(11) unsigned DEFAULT NULL,
  `lft` int(11) unsigned NOT NULL,
  `rgt` int(11) unsigned NOT NULL,
  `level` smallint(6) unsigned NOT NULL,
  `dateCreated` datetime NOT NULL,
  `dateUpdated` datetime NOT NULL,
  `uid` char(36) COLLATE utf8_unicode_ci NOT NULL DEFAULT '0',
  PRIMARY KEY (`id`),
  UNIQUE KEY `craft_structureelements_structureId_elementId_unq_idx` (`structureId`,`elementId`),
  KEY `craft_structureelements_root_idx` (`root`),
  KEY `craft_structureelements_lft_idx` (`lft`),
  KEY `craft_structureelements_rgt_idx` (`rgt`),
  KEY `craft_structureelements_level_idx` (`level`),
  KEY `craft_structureelements_elementId_fk` (`elementId`)
) ENGINE=InnoDB AUTO_INCREMENT=81 DEFAULT CHARSET=utf8 COLLATE=utf8_unicode_ci;

--
-- Data for table `craft_structureelements`
--

INSERT INTO `craft_structureelements` (`id`, `structureId`, `elementId`, `root`, `lft`, `rgt`, `level`, `dateCreated`, `dateUpdated`, `uid`) VALUES
 ('1', '1', NULL, '1', '1', '2', '0', '2016-05-11 20:14:26', '2016-05-11 20:14:26', '0728cf98-93a1-48df-9b3b-622d698be126'),
 ('47', '10', NULL, '47', '1', '12', '0', '2016-05-20 05:23:49', '2016-05-20 05:23:49', '3731902e-5321-41a9-897d-9091c520e4db'),
 ('48', '10', '20', '47', '2', '7', '1', '2016-05-20 05:23:49', '2016-05-20 05:23:49', 'e67f7074-8539-45b1-bd7a-f3adfc4e853d'),
 ('49', '10', '21', '47', '3', '4', '2', '2016-05-20 05:23:49', '2016-05-20 05:23:49', 'fcf8315a-228b-4fae-8c04-7e07a771a750'),
 ('50', '10', '22', '47', '5', '6', '2', '2016-05-20 05:23:49', '2016-05-20 05:23:49', '57436bcf-dd77-4386-b9e8-01b5b9e87bf7'),
 ('51', '10', '23', '47', '8', '11', '1', '2016-05-20 05:23:49', '2016-05-20 05:23:49', 'b0e37fcf-16d7-4a3a-ac45-cae359e4a11f'),
 ('52', '10', '25', '47', '9', '10', '2', '2016-05-20 05:23:49', '2016-05-20 05:23:49', '4e6a4572-818f-462b-8d66-f6c7c1ec1119'),
 ('60', '12', NULL, '60', '1', '14', '0', '2016-05-20 05:27:37', '2016-05-20 05:27:37', '57ce6a95-14e4-402a-9bb5-e672eb872109'),
 ('61', '12', '13', '60', '2', '5', '1', '2016-05-20 05:27:37', '2016-05-20 05:27:37', '65de344a-8638-4518-8f84-e3b7199e87a2'),
 ('62', '12', '14', '60', '3', '4', '2', '2016-05-20 05:27:37', '2016-05-20 05:27:37', 'cd60aba2-2f32-4f2e-a37a-213cfb4fdd65'),
 ('63', '12', '15', '60', '6', '7', '1', '2016-05-20 05:27:37', '2016-05-20 05:27:37', 'efca5849-2cf7-493f-8588-3d2538c06b42'),
 ('64', '12', '16', '60', '8', '13', '1', '2016-05-20 05:27:37', '2016-05-20 05:27:37', 'ce08693f-d963-4b42-99e1-8a0523de882a'),
 ('65', '12', '17', '60', '9', '10', '2', '2016-05-20 05:27:37', '2016-05-20 05:27:37', '9b8ef781-497a-4277-8628-9d7da7bcb529'),
 ('66', '12', '18', '60', '11', '12', '2', '2016-05-20 05:27:37', '2016-05-20 05:27:37', '7c1e98a1-ec85-4b1e-baa1-f318107fbc62'),
 ('74', '14', NULL, '74', '1', '14', '0', '2016-05-20 06:09:54', '2016-05-20 06:09:54', '6b2b30c7-4212-43a0-a1c9-d2923af9f609'),
 ('75', '14', '26', '74', '2', '7', '1', '2016-05-20 06:09:54', '2016-05-20 06:09:54', '16f2d4a4-b366-40ff-bb2d-ccbbf9f714a9'),
 ('76', '14', '27', '74', '3', '4', '2', '2016-05-20 06:09:55', '2016-05-20 06:09:55', 'd32e6c9e-307e-4d82-803a-52f45565b4e9'),
 ('77', '14', '28', '74', '5', '6', '2', '2016-05-20 06:09:55', '2016-05-20 06:09:55', '06905c53-3260-4f96-a5af-c6cd949c5b90'),
 ('78', '14', '29', '74', '8', '13', '1', '2016-05-20 06:09:55', '2016-05-20 06:09:55', '30225e44-6c76-4680-9914-cb461fcefff6'),
 ('79', '14', '30', '74', '9', '10', '2', '2016-05-20 06:09:55', '2016-05-20 06:09:55', 'e3da52dd-9a07-4796-a302-63e1b46fbf00'),
 ('80', '14', '31', '74', '11', '12', '2', '2016-05-20 06:09:55', '2016-05-20 06:09:55', '52282476-70b1-4859-93f8-97da769ff1ad');



DROP TABLE IF EXISTS `craft_structures`;


--
-- Schema for table `craft_structures`
--
CREATE TABLE `craft_structures` (
  `id` int(11) NOT NULL AUTO_INCREMENT,
  `maxLevels` smallint(6) unsigned DEFAULT NULL,
  `dateCreated` datetime NOT NULL,
  `dateUpdated` datetime NOT NULL,
  `uid` char(36) COLLATE utf8_unicode_ci NOT NULL DEFAULT '0',
  PRIMARY KEY (`id`)
) ENGINE=InnoDB AUTO_INCREMENT=15 DEFAULT CHARSET=utf8 COLLATE=utf8_unicode_ci;

--
-- Data for table `craft_structures`
--

INSERT INTO `craft_structures` (`id`, `maxLevels`, `dateCreated`, `dateUpdated`, `uid`) VALUES
 ('1', NULL, '2016-05-11 02:44:22', '2016-05-11 02:44:22', 'a0518718-4a73-4258-8fc7-5d17a8d00d12'),
 ('10', NULL, '2016-05-20 05:23:49', '2016-05-20 05:23:49', 'a21b1be8-d6ec-42bd-938d-3bdc5476bf38'),
 ('12', NULL, '2016-05-20 05:27:37', '2016-05-20 05:27:37', '49ae22d1-2f17-46d1-9058-39b599e85f25'),
 ('14', NULL, '2016-05-20 06:09:54', '2016-05-20 06:09:54', 'e4c6e79a-d600-4cf5-99cc-3f8d7190a885');



DROP TABLE IF EXISTS `craft_systemsettings`;


--
-- Schema for table `craft_systemsettings`
--
CREATE TABLE `craft_systemsettings` (
  `id` int(11) NOT NULL AUTO_INCREMENT,
  `category` varchar(15) COLLATE utf8_unicode_ci NOT NULL,
  `settings` text COLLATE utf8_unicode_ci,
  `dateCreated` datetime NOT NULL,
  `dateUpdated` datetime NOT NULL,
  `uid` char(36) COLLATE utf8_unicode_ci NOT NULL DEFAULT '0',
  PRIMARY KEY (`id`),
  UNIQUE KEY `craft_systemsettings_category_unq_idx` (`category`)
) ENGINE=InnoDB AUTO_INCREMENT=2 DEFAULT CHARSET=utf8 COLLATE=utf8_unicode_ci;

--
-- Data for table `craft_systemsettings`
--

INSERT INTO `craft_systemsettings` (`id`, `category`, `settings`, `dateCreated`, `dateUpdated`, `uid`) VALUES
 ('1', 'email', '{\"protocol\":\"php\",\"emailAddress\":\"help@louderthanten.com\",\"senderName\":\"LT10 Editorial System\"}', '2015-05-15 20:59:41', '2015-05-15 20:59:41', '4013e2c5-4dbc-4a14-8db7-36045b1294a4');



DROP TABLE IF EXISTS `craft_taggroups`;


--
-- Schema for table `craft_taggroups`
--
CREATE TABLE `craft_taggroups` (
  `id` int(11) NOT NULL AUTO_INCREMENT,
  `name` varchar(255) COLLATE utf8_unicode_ci NOT NULL,
  `handle` varchar(255) COLLATE utf8_unicode_ci NOT NULL,
  `fieldLayoutId` int(10) DEFAULT NULL,
  `dateCreated` datetime NOT NULL,
  `dateUpdated` datetime NOT NULL,
  `uid` char(36) COLLATE utf8_unicode_ci NOT NULL DEFAULT '0',
  PRIMARY KEY (`id`),
  UNIQUE KEY `craft_taggroups_name_unq_idx` (`name`),
  UNIQUE KEY `craft_taggroups_handle_unq_idx` (`handle`),
  KEY `craft_taggroups_fieldLayoutId_fk` (`fieldLayoutId`)
) ENGINE=InnoDB AUTO_INCREMENT=2 DEFAULT CHARSET=utf8 COLLATE=utf8_unicode_ci;

--
-- Data for table `craft_taggroups`
--

INSERT INTO `craft_taggroups` (`id`, `name`, `handle`, `fieldLayoutId`, `dateCreated`, `dateUpdated`, `uid`) VALUES
 ('1', 'Default', 'default', '1', '2015-05-15 20:59:41', '2015-05-15 20:59:41', '577277c8-1686-4dc3-8408-5039bc078d80');



DROP TABLE IF EXISTS `craft_tags`;


--
-- Schema for table `craft_tags`
--
CREATE TABLE `craft_tags` (
  `id` int(11) NOT NULL,
  `groupId` int(11) NOT NULL,
  `dateCreated` datetime NOT NULL,
  `dateUpdated` datetime NOT NULL,
  `uid` char(36) COLLATE utf8_unicode_ci NOT NULL DEFAULT '0',
  PRIMARY KEY (`id`),
  KEY `craft_tags_groupId_fk` (`groupId`)
) ENGINE=InnoDB DEFAULT CHARSET=utf8 COLLATE=utf8_unicode_ci;

DROP TABLE IF EXISTS `craft_tasks`;


--
-- Schema for table `craft_tasks`
--
CREATE TABLE `craft_tasks` (
  `id` int(11) NOT NULL AUTO_INCREMENT,
  `root` int(11) unsigned DEFAULT NULL,
  `lft` int(11) unsigned NOT NULL,
  `rgt` int(11) unsigned NOT NULL,
  `level` smallint(6) unsigned NOT NULL,
  `currentStep` int(11) unsigned DEFAULT NULL,
  `totalSteps` int(11) unsigned DEFAULT NULL,
  `status` enum('pending','error','running') COLLATE utf8_unicode_ci DEFAULT NULL,
  `type` varchar(150) COLLATE utf8_unicode_ci NOT NULL,
  `description` varchar(255) COLLATE utf8_unicode_ci DEFAULT NULL,
  `settings` text COLLATE utf8_unicode_ci,
  `dateCreated` datetime NOT NULL,
  `dateUpdated` datetime NOT NULL,
  `uid` char(36) COLLATE utf8_unicode_ci NOT NULL DEFAULT '0',
  PRIMARY KEY (`id`),
  KEY `craft_tasks_root_idx` (`root`),
  KEY `craft_tasks_lft_idx` (`lft`),
  KEY `craft_tasks_rgt_idx` (`rgt`),
  KEY `craft_tasks_level_idx` (`level`)
) ENGINE=InnoDB AUTO_INCREMENT=20 DEFAULT CHARSET=utf8 COLLATE=utf8_unicode_ci;

DROP TABLE IF EXISTS `craft_templatecachecriteria`;


--
-- Schema for table `craft_templatecachecriteria`
--
CREATE TABLE `craft_templatecachecriteria` (
  `id` int(11) NOT NULL AUTO_INCREMENT,
  `cacheId` int(11) NOT NULL,
  `type` varchar(150) COLLATE utf8_unicode_ci NOT NULL,
  `criteria` text COLLATE utf8_unicode_ci NOT NULL,
  PRIMARY KEY (`id`),
  KEY `craft_templatecachecriteria_cacheId_fk` (`cacheId`),
  KEY `craft_templatecachecriteria_type_idx` (`type`)
) ENGINE=InnoDB AUTO_INCREMENT=90 DEFAULT CHARSET=utf8 COLLATE=utf8_unicode_ci;

DROP TABLE IF EXISTS `craft_templatecacheelements`;


--
-- Schema for table `craft_templatecacheelements`
--
CREATE TABLE `craft_templatecacheelements` (
  `cacheId` int(11) NOT NULL,
  `elementId` int(11) NOT NULL,
  KEY `craft_templatecacheelements_cacheId_fk` (`cacheId`),
  KEY `craft_templatecacheelements_elementId_fk` (`elementId`)
) ENGINE=InnoDB DEFAULT CHARSET=utf8 COLLATE=utf8_unicode_ci;

DROP TABLE IF EXISTS `craft_templatecaches`;


--
-- Schema for table `craft_templatecaches`
--
CREATE TABLE `craft_templatecaches` (
  `id` int(11) NOT NULL AUTO_INCREMENT,
  `cacheKey` varchar(255) COLLATE utf8_unicode_ci NOT NULL,
  `locale` char(12) COLLATE utf8_unicode_ci NOT NULL,
  `path` varchar(255) COLLATE utf8_unicode_ci DEFAULT NULL,
  `expiryDate` datetime NOT NULL,
  `body` mediumtext COLLATE utf8_unicode_ci NOT NULL,
  PRIMARY KEY (`id`),
  KEY `craft_templatecaches_expiryDate_cacheKey_locale_path_idx` (`expiryDate`,`cacheKey`,`locale`,`path`),
  KEY `craft_templatecaches_locale_fk` (`locale`)
) ENGINE=InnoDB AUTO_INCREMENT=45 DEFAULT CHARSET=utf8 COLLATE=utf8_unicode_ci;

DROP TABLE IF EXISTS `craft_tokens`;


--
-- Schema for table `craft_tokens`
--
CREATE TABLE `craft_tokens` (
  `id` int(11) NOT NULL AUTO_INCREMENT,
  `token` char(32) COLLATE utf8_unicode_ci NOT NULL,
  `route` text COLLATE utf8_unicode_ci,
  `usageLimit` tinyint(3) unsigned DEFAULT NULL,
  `usageCount` tinyint(3) unsigned DEFAULT NULL,
  `expiryDate` datetime NOT NULL,
  `dateCreated` datetime NOT NULL,
  `dateUpdated` datetime NOT NULL,
  `uid` char(36) COLLATE utf8_unicode_ci NOT NULL DEFAULT '0',
  PRIMARY KEY (`id`),
  UNIQUE KEY `craft_tokens_token_unq_idx` (`token`),
  KEY `craft_tokens_expiryDate_idx` (`expiryDate`)
) ENGINE=InnoDB DEFAULT CHARSET=utf8 COLLATE=utf8_unicode_ci;

DROP TABLE IF EXISTS `craft_usergroups`;


--
-- Schema for table `craft_usergroups`
--
CREATE TABLE `craft_usergroups` (
  `id` int(11) NOT NULL AUTO_INCREMENT,
  `name` varchar(255) COLLATE utf8_unicode_ci NOT NULL,
  `handle` varchar(255) COLLATE utf8_unicode_ci NOT NULL,
  `dateCreated` datetime NOT NULL,
  `dateUpdated` datetime NOT NULL,
  `uid` char(36) COLLATE utf8_unicode_ci NOT NULL DEFAULT '0',
  PRIMARY KEY (`id`)
) ENGINE=InnoDB DEFAULT CHARSET=utf8 COLLATE=utf8_unicode_ci;

DROP TABLE IF EXISTS `craft_usergroups_users`;


--
-- Schema for table `craft_usergroups_users`
--
CREATE TABLE `craft_usergroups_users` (
  `id` int(11) NOT NULL AUTO_INCREMENT,
  `groupId` int(11) NOT NULL,
  `userId` int(11) NOT NULL,
  `dateCreated` datetime NOT NULL,
  `dateUpdated` datetime NOT NULL,
  `uid` char(36) COLLATE utf8_unicode_ci NOT NULL DEFAULT '0',
  PRIMARY KEY (`id`),
  UNIQUE KEY `craft_usergroups_users_groupId_userId_unq_idx` (`groupId`,`userId`),
  KEY `craft_usergroups_users_userId_fk` (`userId`)
) ENGINE=InnoDB DEFAULT CHARSET=utf8 COLLATE=utf8_unicode_ci;

DROP TABLE IF EXISTS `craft_userpermissions`;


--
-- Schema for table `craft_userpermissions`
--
CREATE TABLE `craft_userpermissions` (
  `id` int(11) NOT NULL AUTO_INCREMENT,
  `name` varchar(255) COLLATE utf8_unicode_ci NOT NULL,
  `dateCreated` datetime NOT NULL,
  `dateUpdated` datetime NOT NULL,
  `uid` char(36) COLLATE utf8_unicode_ci NOT NULL DEFAULT '0',
  PRIMARY KEY (`id`),
  UNIQUE KEY `craft_userpermissions_name_unq_idx` (`name`)
) ENGINE=InnoDB DEFAULT CHARSET=utf8 COLLATE=utf8_unicode_ci;

DROP TABLE IF EXISTS `craft_userpermissions_usergroups`;


--
-- Schema for table `craft_userpermissions_usergroups`
--
CREATE TABLE `craft_userpermissions_usergroups` (
  `id` int(11) NOT NULL AUTO_INCREMENT,
  `permissionId` int(11) NOT NULL,
  `groupId` int(11) NOT NULL,
  `dateCreated` datetime NOT NULL,
  `dateUpdated` datetime NOT NULL,
  `uid` char(36) COLLATE utf8_unicode_ci NOT NULL DEFAULT '0',
  PRIMARY KEY (`id`),
  UNIQUE KEY `craft_userpermissions_usergroups_permissionId_groupId_unq_idx` (`permissionId`,`groupId`),
  KEY `craft_userpermissions_usergroups_groupId_fk` (`groupId`)
) ENGINE=InnoDB DEFAULT CHARSET=utf8 COLLATE=utf8_unicode_ci;

DROP TABLE IF EXISTS `craft_userpermissions_users`;


--
-- Schema for table `craft_userpermissions_users`
--
CREATE TABLE `craft_userpermissions_users` (
  `id` int(11) NOT NULL AUTO_INCREMENT,
  `permissionId` int(11) NOT NULL,
  `userId` int(11) NOT NULL,
  `dateCreated` datetime NOT NULL,
  `dateUpdated` datetime NOT NULL,
  `uid` char(36) COLLATE utf8_unicode_ci NOT NULL DEFAULT '0',
  PRIMARY KEY (`id`),
  UNIQUE KEY `craft_userpermissions_users_permissionId_userId_unq_idx` (`permissionId`,`userId`),
  KEY `craft_userpermissions_users_userId_fk` (`userId`)
) ENGINE=InnoDB DEFAULT CHARSET=utf8 COLLATE=utf8_unicode_ci;

DROP TABLE IF EXISTS `craft_users`;


--
-- Schema for table `craft_users`
--
CREATE TABLE `craft_users` (
  `id` int(11) NOT NULL,
  `username` varchar(100) COLLATE utf8_unicode_ci NOT NULL,
  `photo` varchar(100) COLLATE utf8_unicode_ci DEFAULT NULL,
  `firstName` varchar(100) COLLATE utf8_unicode_ci DEFAULT NULL,
  `lastName` varchar(100) COLLATE utf8_unicode_ci DEFAULT NULL,
  `email` varchar(255) COLLATE utf8_unicode_ci NOT NULL,
  `password` char(255) COLLATE utf8_unicode_ci DEFAULT NULL,
  `preferredLocale` char(12) COLLATE utf8_unicode_ci DEFAULT NULL,
  `weekStartDay` tinyint(1) unsigned NOT NULL DEFAULT '0',
  `admin` tinyint(1) unsigned NOT NULL DEFAULT '0',
  `client` tinyint(1) unsigned NOT NULL DEFAULT '0',
  `locked` tinyint(1) unsigned NOT NULL DEFAULT '0',
  `suspended` tinyint(1) unsigned NOT NULL DEFAULT '0',
  `pending` tinyint(1) unsigned NOT NULL DEFAULT '0',
  `archived` tinyint(1) unsigned NOT NULL DEFAULT '0',
  `lastLoginDate` datetime DEFAULT NULL,
  `lastLoginAttemptIPAddress` varchar(45) COLLATE utf8_unicode_ci DEFAULT NULL,
  `invalidLoginWindowStart` datetime DEFAULT NULL,
  `invalidLoginCount` tinyint(4) unsigned DEFAULT NULL,
  `lastInvalidLoginDate` datetime DEFAULT NULL,
  `lockoutDate` datetime DEFAULT NULL,
  `verificationCode` char(100) COLLATE utf8_unicode_ci DEFAULT NULL,
  `verificationCodeIssuedDate` datetime DEFAULT NULL,
  `unverifiedEmail` varchar(255) COLLATE utf8_unicode_ci DEFAULT NULL,
  `passwordResetRequired` tinyint(1) unsigned NOT NULL DEFAULT '0',
  `lastPasswordChangeDate` datetime DEFAULT NULL,
  `dateCreated` datetime NOT NULL,
  `dateUpdated` datetime NOT NULL,
  `uid` char(36) COLLATE utf8_unicode_ci NOT NULL DEFAULT '0',
  PRIMARY KEY (`id`),
  UNIQUE KEY `craft_users_username_unq_idx` (`username`),
  UNIQUE KEY `craft_users_email_unq_idx` (`email`),
  KEY `craft_users_verificationCode_idx` (`verificationCode`),
  KEY `craft_users_uid_idx` (`uid`),
  KEY `craft_users_preferredLocale_fk` (`preferredLocale`)
) ENGINE=InnoDB DEFAULT CHARSET=utf8 COLLATE=utf8_unicode_ci;

--
-- Data for table `craft_users`
--

INSERT INTO `craft_users` (`id`, `username`, `photo`, `firstName`, `lastName`, `email`, `password`, `preferredLocale`, `weekStartDay`, `admin`, `client`, `locked`, `suspended`, `pending`, `archived`, `lastLoginDate`, `lastLoginAttemptIPAddress`, `invalidLoginWindowStart`, `invalidLoginCount`, `lastInvalidLoginDate`, `lockoutDate`, `verificationCode`, `verificationCodeIssuedDate`, `unverifiedEmail`, `passwordResetRequired`, `lastPasswordChangeDate`, `dateCreated`, `dateUpdated`, `uid`) VALUES
 ('1', 'admin', NULL, NULL, NULL, 'help@louderthanten.com', '$2a$13$w3FJc.FqHbtJgQUT983ocO3srqhQj1a2uQQl0xnZop3CYqlka5u8W', NULL, '0', '1', '0', '0', '0', '0', '0', '2016-05-20 03:53:06', '::1', NULL, NULL, NULL, NULL, NULL, NULL, NULL, '0', '2015-05-15 20:59:38', '2015-05-15 20:59:38', '2016-05-20 03:53:06', '7c194cca-3fdd-48cf-9ebd-7229b1addb2d');



DROP TABLE IF EXISTS `craft_widgets`;


--
-- Schema for table `craft_widgets`
--
CREATE TABLE `craft_widgets` (
  `id` int(11) NOT NULL AUTO_INCREMENT,
  `userId` int(11) NOT NULL,
  `type` varchar(150) COLLATE utf8_unicode_ci NOT NULL,
  `sortOrder` smallint(6) unsigned DEFAULT NULL,
  `colspan` tinyint(4) unsigned DEFAULT NULL,
  `settings` text COLLATE utf8_unicode_ci,
  `enabled` tinyint(1) unsigned NOT NULL DEFAULT '1',
  `dateCreated` datetime NOT NULL,
  `dateUpdated` datetime NOT NULL,
  `uid` char(36) COLLATE utf8_unicode_ci NOT NULL DEFAULT '0',
  PRIMARY KEY (`id`),
  KEY `craft_widgets_userId_fk` (`userId`)
) ENGINE=InnoDB AUTO_INCREMENT=5 DEFAULT CHARSET=utf8 COLLATE=utf8_unicode_ci;

--
-- Data for table `craft_widgets`
--

INSERT INTO `craft_widgets` (`id`, `userId`, `type`, `sortOrder`, `colspan`, `settings`, `enabled`, `dateCreated`, `dateUpdated`, `uid`) VALUES
 ('1', '1', 'RecentEntries', '1', NULL, NULL, '1', '2015-05-15 21:00:47', '2015-05-15 21:00:47', 'b272650d-fe4c-47ee-b2e7-818392f1b8a4'),
 ('2', '1', 'GetHelp', '2', NULL, NULL, '1', '2015-05-15 21:00:47', '2015-05-15 21:00:47', '791b24f8-a5ae-4712-b4df-d3b5620fb194'),
 ('3', '1', 'Updates', '3', NULL, NULL, '1', '2015-05-15 21:00:47', '2015-05-15 21:00:47', '989819ae-efac-43c0-b2ab-ba54ec41336b'),
 ('4', '1', 'Feed', '4', NULL, '{\"url\":\"https:\\/\\/craftcms.com\\/news.rss\",\"title\":\"Craft News\"}', '1', '2015-05-15 21:00:47', '2015-12-11 04:30:43', '6a1cb7d6-c7e4-4230-8667-f7597fbf2e2a');


--
-- Constraints for tables
--


--
-- Constraints for table `craft_assetfiles`
--
ALTER TABLE `craft_assetfiles`
	ADD CONSTRAINT `craft_assetfiles_folderId_fk` FOREIGN KEY (`folderId`) REFERENCES `craft_assetfolders` (`id`) ON DELETE CASCADE,
	ADD CONSTRAINT `craft_assetfiles_id_fk` FOREIGN KEY (`id`) REFERENCES `craft_elements` (`id`) ON DELETE CASCADE,
	ADD CONSTRAINT `craft_assetfiles_sourceId_fk` FOREIGN KEY (`sourceId`) REFERENCES `craft_assetsources` (`id`) ON DELETE CASCADE;

--
-- Constraints for table `craft_assetfolders`
--
ALTER TABLE `craft_assetfolders`
	ADD CONSTRAINT `craft_assetfolders_parentId_fk` FOREIGN KEY (`parentId`) REFERENCES `craft_assetfolders` (`id`) ON DELETE CASCADE,
	ADD CONSTRAINT `craft_assetfolders_sourceId_fk` FOREIGN KEY (`sourceId`) REFERENCES `craft_assetsources` (`id`) ON DELETE CASCADE;

--
-- Constraints for table `craft_assetindexdata`
--
ALTER TABLE `craft_assetindexdata`
	ADD CONSTRAINT `craft_assetindexdata_sourceId_fk` FOREIGN KEY (`sourceId`) REFERENCES `craft_assetsources` (`id`) ON DELETE CASCADE;

--
-- Constraints for table `craft_assetsources`
--
ALTER TABLE `craft_assetsources`
	ADD CONSTRAINT `craft_assetsources_fieldLayoutId_fk` FOREIGN KEY (`fieldLayoutId`) REFERENCES `craft_fieldlayouts` (`id`) ON DELETE SET NULL;

--
-- Constraints for table `craft_categories`
--
ALTER TABLE `craft_categories`
	ADD CONSTRAINT `craft_categories_groupId_fk` FOREIGN KEY (`groupId`) REFERENCES `craft_categorygroups` (`id`) ON DELETE CASCADE,
	ADD CONSTRAINT `craft_categories_id_fk` FOREIGN KEY (`id`) REFERENCES `craft_elements` (`id`) ON DELETE CASCADE;

--
-- Constraints for table `craft_categorygroups`
--
ALTER TABLE `craft_categorygroups`
	ADD CONSTRAINT `craft_categorygroups_fieldLayoutId_fk` FOREIGN KEY (`fieldLayoutId`) REFERENCES `craft_fieldlayouts` (`id`) ON DELETE SET NULL,
	ADD CONSTRAINT `craft_categorygroups_structureId_fk` FOREIGN KEY (`structureId`) REFERENCES `craft_structures` (`id`) ON DELETE CASCADE;

--
-- Constraints for table `craft_categorygroups_i18n`
--
ALTER TABLE `craft_categorygroups_i18n`
	ADD CONSTRAINT `craft_categorygroups_i18n_groupId_fk` FOREIGN KEY (`groupId`) REFERENCES `craft_categorygroups` (`id`) ON DELETE CASCADE,
	ADD CONSTRAINT `craft_categorygroups_i18n_locale_fk` FOREIGN KEY (`locale`) REFERENCES `craft_locales` (`locale`) ON DELETE CASCADE ON UPDATE CASCADE;

--
-- Constraints for table `craft_content`
--
ALTER TABLE `craft_content`
	ADD CONSTRAINT `craft_content_elementId_fk` FOREIGN KEY (`elementId`) REFERENCES `craft_elements` (`id`) ON DELETE CASCADE,
	ADD CONSTRAINT `craft_content_locale_fk` FOREIGN KEY (`locale`) REFERENCES `craft_locales` (`locale`) ON DELETE CASCADE ON UPDATE CASCADE;

--
-- Constraints for table `craft_elements_i18n`
--
ALTER TABLE `craft_elements_i18n`
	ADD CONSTRAINT `craft_elements_i18n_elementId_fk` FOREIGN KEY (`elementId`) REFERENCES `craft_elements` (`id`) ON DELETE CASCADE,
	ADD CONSTRAINT `craft_elements_i18n_locale_fk` FOREIGN KEY (`locale`) REFERENCES `craft_locales` (`locale`) ON DELETE CASCADE ON UPDATE CASCADE;

--
-- Constraints for table `craft_emailmessages`
--
ALTER TABLE `craft_emailmessages`
	ADD CONSTRAINT `craft_emailmessages_locale_fk` FOREIGN KEY (`locale`) REFERENCES `craft_locales` (`locale`) ON DELETE CASCADE ON UPDATE CASCADE;

--
-- Constraints for table `craft_entries`
--
ALTER TABLE `craft_entries`
	ADD CONSTRAINT `craft_entries_authorId_fk` FOREIGN KEY (`authorId`) REFERENCES `craft_users` (`id`) ON DELETE CASCADE,
	ADD CONSTRAINT `craft_entries_id_fk` FOREIGN KEY (`id`) REFERENCES `craft_elements` (`id`) ON DELETE CASCADE,
	ADD CONSTRAINT `craft_entries_sectionId_fk` FOREIGN KEY (`sectionId`) REFERENCES `craft_sections` (`id`) ON DELETE CASCADE,
	ADD CONSTRAINT `craft_entries_typeId_fk` FOREIGN KEY (`typeId`) REFERENCES `craft_entrytypes` (`id`) ON DELETE CASCADE;

--
-- Constraints for table `craft_entrydrafts`
--
ALTER TABLE `craft_entrydrafts`
	ADD CONSTRAINT `craft_entrydrafts_creatorId_fk` FOREIGN KEY (`creatorId`) REFERENCES `craft_users` (`id`) ON DELETE CASCADE,
	ADD CONSTRAINT `craft_entrydrafts_entryId_fk` FOREIGN KEY (`entryId`) REFERENCES `craft_entries` (`id`) ON DELETE CASCADE,
	ADD CONSTRAINT `craft_entrydrafts_locale_fk` FOREIGN KEY (`locale`) REFERENCES `craft_locales` (`locale`) ON DELETE CASCADE ON UPDATE CASCADE,
	ADD CONSTRAINT `craft_entrydrafts_sectionId_fk` FOREIGN KEY (`sectionId`) REFERENCES `craft_sections` (`id`) ON DELETE CASCADE;

--
-- Constraints for table `craft_entrytypes`
--
ALTER TABLE `craft_entrytypes`
	ADD CONSTRAINT `craft_entrytypes_fieldLayoutId_fk` FOREIGN KEY (`fieldLayoutId`) REFERENCES `craft_fieldlayouts` (`id`) ON DELETE SET NULL,
	ADD CONSTRAINT `craft_entrytypes_sectionId_fk` FOREIGN KEY (`sectionId`) REFERENCES `craft_sections` (`id`) ON DELETE CASCADE;

--
-- Constraints for table `craft_entryversions`
--
ALTER TABLE `craft_entryversions`
	ADD CONSTRAINT `craft_entryversions_creatorId_fk` FOREIGN KEY (`creatorId`) REFERENCES `craft_users` (`id`) ON DELETE SET NULL,
	ADD CONSTRAINT `craft_entryversions_entryId_fk` FOREIGN KEY (`entryId`) REFERENCES `craft_entries` (`id`) ON DELETE CASCADE,
	ADD CONSTRAINT `craft_entryversions_locale_fk` FOREIGN KEY (`locale`) REFERENCES `craft_locales` (`locale`) ON DELETE CASCADE ON UPDATE CASCADE,
	ADD CONSTRAINT `craft_entryversions_sectionId_fk` FOREIGN KEY (`sectionId`) REFERENCES `craft_sections` (`id`) ON DELETE CASCADE;

--
-- Constraints for table `craft_fieldlayoutfields`
--
ALTER TABLE `craft_fieldlayoutfields`
	ADD CONSTRAINT `craft_fieldlayoutfields_fieldId_fk` FOREIGN KEY (`fieldId`) REFERENCES `craft_fields` (`id`) ON DELETE CASCADE,
	ADD CONSTRAINT `craft_fieldlayoutfields_layoutId_fk` FOREIGN KEY (`layoutId`) REFERENCES `craft_fieldlayouts` (`id`) ON DELETE CASCADE,
	ADD CONSTRAINT `craft_fieldlayoutfields_tabId_fk` FOREIGN KEY (`tabId`) REFERENCES `craft_fieldlayouttabs` (`id`) ON DELETE CASCADE;

--
-- Constraints for table `craft_fieldlayouttabs`
--
ALTER TABLE `craft_fieldlayouttabs`
	ADD CONSTRAINT `craft_fieldlayouttabs_layoutId_fk` FOREIGN KEY (`layoutId`) REFERENCES `craft_fieldlayouts` (`id`) ON DELETE CASCADE;

--
-- Constraints for table `craft_fields`
--
ALTER TABLE `craft_fields`
	ADD CONSTRAINT `craft_fields_groupId_fk` FOREIGN KEY (`groupId`) REFERENCES `craft_fieldgroups` (`id`) ON DELETE CASCADE;

--
-- Constraints for table `craft_globalsets`
--
ALTER TABLE `craft_globalsets`
	ADD CONSTRAINT `craft_globalsets_fieldLayoutId_fk` FOREIGN KEY (`fieldLayoutId`) REFERENCES `craft_fieldlayouts` (`id`) ON DELETE SET NULL,
	ADD CONSTRAINT `craft_globalsets_id_fk` FOREIGN KEY (`id`) REFERENCES `craft_elements` (`id`) ON DELETE CASCADE;

--
-- Constraints for table `craft_matrixblocks`
--
ALTER TABLE `craft_matrixblocks`
	ADD CONSTRAINT `craft_matrixblocks_fieldId_fk` FOREIGN KEY (`fieldId`) REFERENCES `craft_fields` (`id`) ON DELETE CASCADE,
	ADD CONSTRAINT `craft_matrixblocks_id_fk` FOREIGN KEY (`id`) REFERENCES `craft_elements` (`id`) ON DELETE CASCADE,
	ADD CONSTRAINT `craft_matrixblocks_ownerId_fk` FOREIGN KEY (`ownerId`) REFERENCES `craft_elements` (`id`) ON DELETE CASCADE,
	ADD CONSTRAINT `craft_matrixblocks_ownerLocale_fk` FOREIGN KEY (`ownerLocale`) REFERENCES `craft_locales` (`locale`) ON DELETE CASCADE ON UPDATE CASCADE,
	ADD CONSTRAINT `craft_matrixblocks_typeId_fk` FOREIGN KEY (`typeId`) REFERENCES `craft_matrixblocktypes` (`id`) ON DELETE CASCADE;

--
-- Constraints for table `craft_matrixblocktypes`
--
ALTER TABLE `craft_matrixblocktypes`
	ADD CONSTRAINT `craft_matrixblocktypes_fieldId_fk` FOREIGN KEY (`fieldId`) REFERENCES `craft_fields` (`id`) ON DELETE CASCADE,
	ADD CONSTRAINT `craft_matrixblocktypes_fieldLayoutId_fk` FOREIGN KEY (`fieldLayoutId`) REFERENCES `craft_fieldlayouts` (`id`) ON DELETE SET NULL;

--
-- Constraints for table `craft_matrixcontent_artdirection`
--
ALTER TABLE `craft_matrixcontent_artdirection`
	ADD CONSTRAINT `craft_matrixcontent_artdirection_elementId_fk` FOREIGN KEY (`elementId`) REFERENCES `craft_elements` (`id`) ON DELETE CASCADE,
	ADD CONSTRAINT `craft_matrixcontent_artdirection_locale_fk` FOREIGN KEY (`locale`) REFERENCES `craft_locales` (`locale`) ON DELETE CASCADE ON UPDATE CASCADE;

--
-- Constraints for table `craft_migrations`
--
ALTER TABLE `craft_migrations`
	ADD CONSTRAINT `craft_migrations_pluginId_fk` FOREIGN KEY (`pluginId`) REFERENCES `craft_plugins` (`id`) ON DELETE CASCADE;

--
-- Constraints for table `craft_neoblocks`
--
ALTER TABLE `craft_neoblocks`
	ADD CONSTRAINT `craft_neoblocks_fieldId_fk` FOREIGN KEY (`fieldId`) REFERENCES `craft_fields` (`id`) ON DELETE CASCADE,
	ADD CONSTRAINT `craft_neoblocks_id_fk` FOREIGN KEY (`id`) REFERENCES `craft_elements` (`id`) ON DELETE CASCADE,
	ADD CONSTRAINT `craft_neoblocks_ownerId_fk` FOREIGN KEY (`ownerId`) REFERENCES `craft_elements` (`id`) ON DELETE CASCADE,
	ADD CONSTRAINT `craft_neoblocks_ownerLocale_fk` FOREIGN KEY (`ownerLocale`) REFERENCES `craft_locales` (`locale`) ON DELETE CASCADE ON UPDATE CASCADE,
	ADD CONSTRAINT `craft_neoblocks_typeId_fk` FOREIGN KEY (`typeId`) REFERENCES `craft_neoblocktypes` (`id`) ON DELETE CASCADE;

--
-- Constraints for table `craft_neoblockstructures`
--
ALTER TABLE `craft_neoblockstructures`
	ADD CONSTRAINT `craft_neoblockstructures_fieldId_fk` FOREIGN KEY (`fieldId`) REFERENCES `craft_fields` (`id`) ON DELETE CASCADE,
	ADD CONSTRAINT `craft_neoblockstructures_ownerId_fk` FOREIGN KEY (`ownerId`) REFERENCES `craft_elements` (`id`) ON DELETE CASCADE,
	ADD CONSTRAINT `craft_neoblockstructures_structureId_fk` FOREIGN KEY (`structureId`) REFERENCES `craft_structures` (`id`) ON DELETE CASCADE;

--
-- Constraints for table `craft_neoblocktypes`
--
ALTER TABLE `craft_neoblocktypes`
	ADD CONSTRAINT `craft_neoblocktypes_fieldId_fk` FOREIGN KEY (`fieldId`) REFERENCES `craft_fields` (`id`) ON DELETE CASCADE,
	ADD CONSTRAINT `craft_neoblocktypes_fieldLayoutId_fk` FOREIGN KEY (`fieldLayoutId`) REFERENCES `craft_fieldlayouts` (`id`) ON DELETE SET NULL;

--
-- Constraints for table `craft_neogroups`
--
ALTER TABLE `craft_neogroups`
	ADD CONSTRAINT `craft_neogroups_fieldId_fk` FOREIGN KEY (`fieldId`) REFERENCES `craft_fields` (`id`) ON DELETE CASCADE;

--
-- Constraints for table `craft_relabel`
--
ALTER TABLE `craft_relabel`
	ADD CONSTRAINT `craft_relabel_fieldId_fk` FOREIGN KEY (`fieldId`) REFERENCES `craft_fields` (`id`) ON DELETE CASCADE,
	ADD CONSTRAINT `craft_relabel_fieldLayoutId_fk` FOREIGN KEY (`fieldLayoutId`) REFERENCES `craft_fieldlayouts` (`id`) ON DELETE CASCADE;

--
-- Constraints for table `craft_relations`
--
ALTER TABLE `craft_relations`
	ADD CONSTRAINT `craft_relations_fieldId_fk` FOREIGN KEY (`fieldId`) REFERENCES `craft_fields` (`id`) ON DELETE CASCADE,
	ADD CONSTRAINT `craft_relations_sourceId_fk` FOREIGN KEY (`sourceId`) REFERENCES `craft_elements` (`id`) ON DELETE CASCADE,
	ADD CONSTRAINT `craft_relations_sourceLocale_fk` FOREIGN KEY (`sourceLocale`) REFERENCES `craft_locales` (`locale`) ON DELETE CASCADE ON UPDATE CASCADE,
	ADD CONSTRAINT `craft_relations_targetId_fk` FOREIGN KEY (`targetId`) REFERENCES `craft_elements` (`id`) ON DELETE CASCADE;

--
-- Constraints for table `craft_routes`
--
ALTER TABLE `craft_routes`
	ADD CONSTRAINT `craft_routes_locale_fk` FOREIGN KEY (`locale`) REFERENCES `craft_locales` (`locale`) ON DELETE CASCADE ON UPDATE CASCADE;

--
-- Constraints for table `craft_sections`
--
ALTER TABLE `craft_sections`
	ADD CONSTRAINT `craft_sections_structureId_fk` FOREIGN KEY (`structureId`) REFERENCES `craft_structures` (`id`) ON DELETE SET NULL;

--
-- Constraints for table `craft_sections_i18n`
--
ALTER TABLE `craft_sections_i18n`
	ADD CONSTRAINT `craft_sections_i18n_locale_fk` FOREIGN KEY (`locale`) REFERENCES `craft_locales` (`locale`) ON DELETE CASCADE ON UPDATE CASCADE,
	ADD CONSTRAINT `craft_sections_i18n_sectionId_fk` FOREIGN KEY (`sectionId`) REFERENCES `craft_sections` (`id`) ON DELETE CASCADE;

--
-- Constraints for table `craft_seomatic_meta`
--
ALTER TABLE `craft_seomatic_meta`
	ADD CONSTRAINT `craft_seomatic_meta_id_fk` FOREIGN KEY (`id`) REFERENCES `craft_elements` (`id`) ON DELETE CASCADE,
	ADD CONSTRAINT `craft_seomatic_meta_seoImageId_fk` FOREIGN KEY (`seoImageId`) REFERENCES `craft_assetfiles` (`id`) ON DELETE SET NULL;

--
-- Constraints for table `craft_seomatic_settings`
--
ALTER TABLE `craft_seomatic_settings`
	ADD CONSTRAINT `craft_seomatic_settings_genericCreatorImageId_fk` FOREIGN KEY (`genericCreatorImageId`) REFERENCES `craft_assetfiles` (`id`) ON DELETE SET NULL,
	ADD CONSTRAINT `craft_seomatic_settings_genericOwnerImageId_fk` FOREIGN KEY (`genericOwnerImageId`) REFERENCES `craft_assetfiles` (`id`) ON DELETE SET NULL,
	ADD CONSTRAINT `craft_seomatic_settings_siteSeoImageId_fk` FOREIGN KEY (`siteSeoImageId`) REFERENCES `craft_assetfiles` (`id`) ON DELETE SET NULL;

--
-- Constraints for table `craft_sessions`
--
ALTER TABLE `craft_sessions`
	ADD CONSTRAINT `craft_sessions_userId_fk` FOREIGN KEY (`userId`) REFERENCES `craft_users` (`id`) ON DELETE CASCADE;

--
-- Constraints for table `craft_shunnedmessages`
--
ALTER TABLE `craft_shunnedmessages`
	ADD CONSTRAINT `craft_shunnedmessages_userId_fk` FOREIGN KEY (`userId`) REFERENCES `craft_users` (`id`) ON DELETE CASCADE;

--
-- Constraints for table `craft_structureelements`
--
ALTER TABLE `craft_structureelements`
	ADD CONSTRAINT `craft_structureelements_elementId_fk` FOREIGN KEY (`elementId`) REFERENCES `craft_elements` (`id`) ON DELETE CASCADE,
	ADD CONSTRAINT `craft_structureelements_structureId_fk` FOREIGN KEY (`structureId`) REFERENCES `craft_structures` (`id`) ON DELETE CASCADE;

--
-- Constraints for table `craft_taggroups`
--
ALTER TABLE `craft_taggroups`
	ADD CONSTRAINT `craft_taggroups_fieldLayoutId_fk` FOREIGN KEY (`fieldLayoutId`) REFERENCES `craft_fieldlayouts` (`id`) ON DELETE SET NULL;

--
-- Constraints for table `craft_tags`
--
ALTER TABLE `craft_tags`
	ADD CONSTRAINT `craft_tags_groupId_fk` FOREIGN KEY (`groupId`) REFERENCES `craft_taggroups` (`id`) ON DELETE CASCADE,
	ADD CONSTRAINT `craft_tags_id_fk` FOREIGN KEY (`id`) REFERENCES `craft_elements` (`id`) ON DELETE CASCADE;

--
-- Constraints for table `craft_templatecachecriteria`
--
ALTER TABLE `craft_templatecachecriteria`
	ADD CONSTRAINT `craft_templatecachecriteria_cacheId_fk` FOREIGN KEY (`cacheId`) REFERENCES `craft_templatecaches` (`id`) ON DELETE CASCADE;

--
-- Constraints for table `craft_templatecacheelements`
--
ALTER TABLE `craft_templatecacheelements`
	ADD CONSTRAINT `craft_templatecacheelements_cacheId_fk` FOREIGN KEY (`cacheId`) REFERENCES `craft_templatecaches` (`id`) ON DELETE CASCADE,
	ADD CONSTRAINT `craft_templatecacheelements_elementId_fk` FOREIGN KEY (`elementId`) REFERENCES `craft_elements` (`id`) ON DELETE CASCADE;

--
-- Constraints for table `craft_templatecaches`
--
ALTER TABLE `craft_templatecaches`
	ADD CONSTRAINT `craft_templatecaches_locale_fk` FOREIGN KEY (`locale`) REFERENCES `craft_locales` (`locale`) ON DELETE CASCADE ON UPDATE CASCADE;

--
-- Constraints for table `craft_usergroups_users`
--
ALTER TABLE `craft_usergroups_users`
	ADD CONSTRAINT `craft_usergroups_users_groupId_fk` FOREIGN KEY (`groupId`) REFERENCES `craft_usergroups` (`id`) ON DELETE CASCADE,
	ADD CONSTRAINT `craft_usergroups_users_userId_fk` FOREIGN KEY (`userId`) REFERENCES `craft_users` (`id`) ON DELETE CASCADE;

--
-- Constraints for table `craft_userpermissions_usergroups`
--
ALTER TABLE `craft_userpermissions_usergroups`
	ADD CONSTRAINT `craft_userpermissions_usergroups_groupId_fk` FOREIGN KEY (`groupId`) REFERENCES `craft_usergroups` (`id`) ON DELETE CASCADE,
	ADD CONSTRAINT `craft_userpermissions_usergroups_permissionId_fk` FOREIGN KEY (`permissionId`) REFERENCES `craft_userpermissions` (`id`) ON DELETE CASCADE;

--
-- Constraints for table `craft_userpermissions_users`
--
ALTER TABLE `craft_userpermissions_users`
	ADD CONSTRAINT `craft_userpermissions_users_permissionId_fk` FOREIGN KEY (`permissionId`) REFERENCES `craft_userpermissions` (`id`) ON DELETE CASCADE,
	ADD CONSTRAINT `craft_userpermissions_users_userId_fk` FOREIGN KEY (`userId`) REFERENCES `craft_users` (`id`) ON DELETE CASCADE;

--
-- Constraints for table `craft_users`
--
ALTER TABLE `craft_users`
	ADD CONSTRAINT `craft_users_id_fk` FOREIGN KEY (`id`) REFERENCES `craft_elements` (`id`) ON DELETE CASCADE,
	ADD CONSTRAINT `craft_users_preferredLocale_fk` FOREIGN KEY (`preferredLocale`) REFERENCES `craft_locales` (`locale`) ON DELETE SET NULL ON UPDATE CASCADE;

--
-- Constraints for table `craft_widgets`
--
ALTER TABLE `craft_widgets`
	ADD CONSTRAINT `craft_widgets_userId_fk` FOREIGN KEY (`userId`) REFERENCES `craft_users` (`id`) ON DELETE CASCADE;

SET FOREIGN_KEY_CHECKS = 1;
