-- Generated by Craft v2.6.2788 on May 22, 2016, 7:44:19 AM.

--
-- Disable foreign key checks and autocommit.
--

SET FOREIGN_KEY_CHECKS = 0;
SET SQL_MODE = "NO_AUTO_VALUE_ON_ZERO";
SET AUTOCOMMIT = 0;
SET NAMES utf8;


DROP TABLE IF EXISTS `craft_assetfiles`;


--
-- Schema for table `craft_assetfiles`
--
CREATE TABLE `craft_assetfiles` (
  `id` int(11) NOT NULL,
  `sourceId` int(11) DEFAULT NULL,
  `folderId` int(11) NOT NULL,
  `filename` varchar(255) COLLATE utf8_unicode_ci NOT NULL,
  `kind` varchar(50) COLLATE utf8_unicode_ci NOT NULL DEFAULT 'unknown',
  `width` int(11) unsigned DEFAULT NULL,
  `height` int(11) unsigned DEFAULT NULL,
  `size` bigint(20) unsigned DEFAULT NULL,
  `dateModified` datetime DEFAULT NULL,
  `dateCreated` datetime NOT NULL,
  `dateUpdated` datetime NOT NULL,
  `uid` char(36) COLLATE utf8_unicode_ci NOT NULL DEFAULT '0',
  PRIMARY KEY (`id`),
  UNIQUE KEY `craft_assetfiles_filename_folderId_unq_idx` (`filename`,`folderId`),
  KEY `craft_assetfiles_sourceId_fk` (`sourceId`),
  KEY `craft_assetfiles_folderId_fk` (`folderId`)
) ENGINE=InnoDB DEFAULT CHARSET=utf8 COLLATE=utf8_unicode_ci;

DROP TABLE IF EXISTS `craft_assetfolders`;


--
-- Schema for table `craft_assetfolders`
--
CREATE TABLE `craft_assetfolders` (
  `id` int(11) NOT NULL AUTO_INCREMENT,
  `parentId` int(11) DEFAULT NULL,
  `sourceId` int(11) DEFAULT NULL,
  `name` varchar(255) COLLATE utf8_unicode_ci NOT NULL,
  `path` varchar(255) COLLATE utf8_unicode_ci DEFAULT NULL,
  `dateCreated` datetime NOT NULL,
  `dateUpdated` datetime NOT NULL,
  `uid` char(36) COLLATE utf8_unicode_ci NOT NULL DEFAULT '0',
  PRIMARY KEY (`id`),
  UNIQUE KEY `craft_assetfolders_name_parentId_sourceId_unq_idx` (`name`,`parentId`,`sourceId`),
  KEY `craft_assetfolders_parentId_fk` (`parentId`),
  KEY `craft_assetfolders_sourceId_fk` (`sourceId`)
) ENGINE=InnoDB AUTO_INCREMENT=2 DEFAULT CHARSET=utf8 COLLATE=utf8_unicode_ci;

--
-- Data for table `craft_assetfolders`
--

INSERT INTO `craft_assetfolders` (`id`, `parentId`, `sourceId`, `name`, `path`, `dateCreated`, `dateUpdated`, `uid`) VALUES
 ('1', NULL, '1', 'Article images', '', '2015-05-15 21:39:23', '2015-05-15 21:39:23', '6ecf1e41-655a-4d3b-beb9-4ea10668f60d');



DROP TABLE IF EXISTS `craft_assetindexdata`;


--
-- Schema for table `craft_assetindexdata`
--
CREATE TABLE `craft_assetindexdata` (
  `id` int(11) NOT NULL AUTO_INCREMENT,
  `sessionId` varchar(36) COLLATE utf8_unicode_ci NOT NULL DEFAULT '',
  `sourceId` int(10) NOT NULL,
  `offset` int(10) NOT NULL,
  `uri` varchar(255) COLLATE utf8_unicode_ci DEFAULT NULL,
  `size` bigint(20) unsigned DEFAULT NULL,
  `recordId` int(10) DEFAULT NULL,
  `dateCreated` datetime NOT NULL,
  `dateUpdated` datetime NOT NULL,
  `uid` char(36) COLLATE utf8_unicode_ci NOT NULL DEFAULT '0',
  PRIMARY KEY (`id`),
  UNIQUE KEY `craft_assetindexdata_sessionId_sourceId_offset_unq_idx` (`sessionId`,`sourceId`,`offset`),
  KEY `craft_assetindexdata_sourceId_fk` (`sourceId`)
) ENGINE=InnoDB DEFAULT CHARSET=utf8 COLLATE=utf8_unicode_ci;

DROP TABLE IF EXISTS `craft_assetsources`;


--
-- Schema for table `craft_assetsources`
--
CREATE TABLE `craft_assetsources` (
  `id` int(11) NOT NULL AUTO_INCREMENT,
  `name` varchar(255) COLLATE utf8_unicode_ci NOT NULL,
  `handle` varchar(255) COLLATE utf8_unicode_ci NOT NULL,
  `type` varchar(150) COLLATE utf8_unicode_ci NOT NULL,
  `settings` text COLLATE utf8_unicode_ci,
  `sortOrder` smallint(6) unsigned DEFAULT NULL,
  `fieldLayoutId` int(10) DEFAULT NULL,
  `dateCreated` datetime NOT NULL,
  `dateUpdated` datetime NOT NULL,
  `uid` char(36) COLLATE utf8_unicode_ci NOT NULL DEFAULT '0',
  PRIMARY KEY (`id`),
  UNIQUE KEY `craft_assetsources_name_unq_idx` (`name`),
  UNIQUE KEY `craft_assetsources_handle_unq_idx` (`handle`),
  KEY `craft_assetsources_fieldLayoutId_fk` (`fieldLayoutId`)
) ENGINE=InnoDB AUTO_INCREMENT=2 DEFAULT CHARSET=utf8 COLLATE=utf8_unicode_ci;

--
-- Data for table `craft_assetsources`
--

INSERT INTO `craft_assetsources` (`id`, `name`, `handle`, `type`, `settings`, `sortOrder`, `fieldLayoutId`, `dateCreated`, `dateUpdated`, `uid`) VALUES
 ('1', 'Article images', 'articleImages', 'Local', '{\"path\":\"~\\/public\\/img\\/\",\"publicURLs\":\"1\",\"url\":\"\\/img\\/\"}', '1', '138', '2015-05-15 21:39:23', '2016-05-20 06:27:25', '473a5d2b-d024-40c4-99e7-793297204ba6');



DROP TABLE IF EXISTS `craft_assettransformindex`;


--
-- Schema for table `craft_assettransformindex`
--
CREATE TABLE `craft_assettransformindex` (
  `id` int(11) NOT NULL AUTO_INCREMENT,
  `fileId` int(11) NOT NULL,
  `filename` varchar(255) COLLATE utf8_unicode_ci DEFAULT NULL,
  `format` varchar(255) COLLATE utf8_unicode_ci DEFAULT NULL,
  `location` varchar(255) COLLATE utf8_unicode_ci NOT NULL,
  `sourceId` int(11) DEFAULT NULL,
  `fileExists` tinyint(1) DEFAULT NULL,
  `inProgress` tinyint(1) DEFAULT NULL,
  `dateIndexed` datetime DEFAULT NULL,
  `dateCreated` datetime NOT NULL,
  `dateUpdated` datetime NOT NULL,
  `uid` char(36) COLLATE utf8_unicode_ci NOT NULL DEFAULT '0',
  PRIMARY KEY (`id`),
  KEY `craft_assettransformindex_sourceId_fileId_location_idx` (`sourceId`,`fileId`,`location`)
) ENGINE=InnoDB DEFAULT CHARSET=utf8 COLLATE=utf8_unicode_ci;

DROP TABLE IF EXISTS `craft_assettransforms`;


--
-- Schema for table `craft_assettransforms`
--
CREATE TABLE `craft_assettransforms` (
  `id` int(11) NOT NULL AUTO_INCREMENT,
  `name` varchar(255) COLLATE utf8_unicode_ci NOT NULL,
  `handle` varchar(255) COLLATE utf8_unicode_ci NOT NULL,
  `mode` enum('stretch','fit','crop') COLLATE utf8_unicode_ci NOT NULL DEFAULT 'crop',
  `position` enum('top-left','top-center','top-right','center-left','center-center','center-right','bottom-left','bottom-center','bottom-right') COLLATE utf8_unicode_ci NOT NULL DEFAULT 'center-center',
  `height` int(10) DEFAULT NULL,
  `width` int(10) DEFAULT NULL,
  `format` varchar(255) COLLATE utf8_unicode_ci DEFAULT NULL,
  `quality` int(10) DEFAULT NULL,
  `dimensionChangeTime` datetime DEFAULT NULL,
  `dateCreated` datetime NOT NULL,
  `dateUpdated` datetime NOT NULL,
  `uid` char(36) COLLATE utf8_unicode_ci NOT NULL DEFAULT '0',
  PRIMARY KEY (`id`),
  UNIQUE KEY `craft_assettransforms_name_unq_idx` (`name`),
  UNIQUE KEY `craft_assettransforms_handle_unq_idx` (`handle`)
) ENGINE=InnoDB DEFAULT CHARSET=utf8 COLLATE=utf8_unicode_ci;

DROP TABLE IF EXISTS `craft_categories`;


--
-- Schema for table `craft_categories`
--
CREATE TABLE `craft_categories` (
  `id` int(11) NOT NULL,
  `groupId` int(11) NOT NULL,
  `dateCreated` datetime NOT NULL,
  `dateUpdated` datetime NOT NULL,
  `uid` char(36) COLLATE utf8_unicode_ci NOT NULL DEFAULT '0',
  PRIMARY KEY (`id`),
  KEY `craft_categories_groupId_fk` (`groupId`)
) ENGINE=InnoDB DEFAULT CHARSET=utf8 COLLATE=utf8_unicode_ci;

DROP TABLE IF EXISTS `craft_categorygroups`;


--
-- Schema for table `craft_categorygroups`
--
CREATE TABLE `craft_categorygroups` (
  `id` int(11) NOT NULL AUTO_INCREMENT,
  `structureId` int(11) NOT NULL,
  `fieldLayoutId` int(11) DEFAULT NULL,
  `name` varchar(255) COLLATE utf8_unicode_ci NOT NULL,
  `handle` varchar(255) COLLATE utf8_unicode_ci NOT NULL,
  `hasUrls` tinyint(1) unsigned NOT NULL DEFAULT '1',
  `template` varchar(500) COLLATE utf8_unicode_ci DEFAULT NULL,
  `dateCreated` datetime NOT NULL,
  `dateUpdated` datetime NOT NULL,
  `uid` char(36) COLLATE utf8_unicode_ci NOT NULL DEFAULT '0',
  PRIMARY KEY (`id`),
  UNIQUE KEY `craft_categorygroups_name_unq_idx` (`name`),
  UNIQUE KEY `craft_categorygroups_handle_unq_idx` (`handle`),
  KEY `craft_categorygroups_structureId_fk` (`structureId`),
  KEY `craft_categorygroups_fieldLayoutId_fk` (`fieldLayoutId`)
) ENGINE=InnoDB DEFAULT CHARSET=utf8 COLLATE=utf8_unicode_ci;

DROP TABLE IF EXISTS `craft_categorygroups_i18n`;


--
-- Schema for table `craft_categorygroups_i18n`
--
CREATE TABLE `craft_categorygroups_i18n` (
  `id` int(11) NOT NULL AUTO_INCREMENT,
  `groupId` int(11) NOT NULL,
  `locale` char(12) COLLATE utf8_unicode_ci NOT NULL,
  `urlFormat` text COLLATE utf8_unicode_ci,
  `nestedUrlFormat` text COLLATE utf8_unicode_ci,
  `dateCreated` datetime NOT NULL,
  `dateUpdated` datetime NOT NULL,
  `uid` char(36) COLLATE utf8_unicode_ci NOT NULL DEFAULT '0',
  PRIMARY KEY (`id`),
  UNIQUE KEY `craft_categorygroups_i18n_groupId_locale_unq_idx` (`groupId`,`locale`),
  KEY `craft_categorygroups_i18n_locale_fk` (`locale`)
) ENGINE=InnoDB DEFAULT CHARSET=utf8 COLLATE=utf8_unicode_ci;

DROP TABLE IF EXISTS `craft_content`;


--
-- Schema for table `craft_content`
--
CREATE TABLE `craft_content` (
  `id` int(11) NOT NULL AUTO_INCREMENT,
  `elementId` int(11) NOT NULL,
  `locale` char(12) COLLATE utf8_unicode_ci NOT NULL,
  `title` varchar(255) COLLATE utf8_unicode_ci DEFAULT NULL,
  `field_imageSize` text COLLATE utf8_unicode_ci,
  `field_imagePosition` varchar(255) COLLATE utf8_unicode_ci DEFAULT NULL,
  `field_imageFinePosition` text COLLATE utf8_unicode_ci,
  `field_imageRepeat` varchar(255) COLLATE utf8_unicode_ci DEFAULT '',
  `field_fixedPosition` tinyint(1) unsigned NOT NULL DEFAULT '0',
  `field_websiteUrl` text COLLATE utf8_unicode_ci,
  `field_altText` text COLLATE utf8_unicode_ci,
  `field_caption` text COLLATE utf8_unicode_ci,
  `field_credit` text COLLATE utf8_unicode_ci,
  `field_imageCreditUrl` text COLLATE utf8_unicode_ci,
  `field_imageCreditOrganization` text COLLATE utf8_unicode_ci,
  `field_imageCreditOrgUrl` text COLLATE utf8_unicode_ci,
  `field_heading` text COLLATE utf8_unicode_ci,
  `field_subhead` text COLLATE utf8_unicode_ci,
  `field_gtm` text COLLATE utf8_unicode_ci,
  `field_width` varchar(255) COLLATE utf8_unicode_ci DEFAULT 'full',
  `field_pushLeft` varchar(255) COLLATE utf8_unicode_ci DEFAULT '',
  `field_pushRight` varchar(255) COLLATE utf8_unicode_ci DEFAULT '',
  `field_customClass` text COLLATE utf8_unicode_ci,
  `field_customColour` char(7) COLLATE utf8_unicode_ci DEFAULT NULL,
  `field_markdown` tinyint(1) unsigned NOT NULL DEFAULT '0',
  `field_text` text COLLATE utf8_unicode_ci,
  `field_colour` varchar(255) COLLATE utf8_unicode_ci DEFAULT 'transparent',
  `field_anchorName` text COLLATE utf8_unicode_ci,
  `field_rowType` varchar(255) COLLATE utf8_unicode_ci DEFAULT 'standard',
  `field_captionPosition` varchar(255) COLLATE utf8_unicode_ci DEFAULT 'leftBottom',
  `field_quoteType` varchar(255) COLLATE utf8_unicode_ci DEFAULT NULL,
  `field_float` varchar(255) COLLATE utf8_unicode_ci DEFAULT NULL,
  `field_language` varchar(255) COLLATE utf8_unicode_ci DEFAULT NULL,
  `field_dividerType` varchar(255) COLLATE utf8_unicode_ci DEFAULT 'standardRule',
  `field_embedCode` text COLLATE utf8_unicode_ci,
  `field_table` text COLLATE utf8_unicode_ci,
  `field_tableType` varchar(255) COLLATE utf8_unicode_ci DEFAULT 'invisible',
  `field_blankOutText` tinyint(1) unsigned NOT NULL DEFAULT '0',
  `field_placeholderSize` text COLLATE utf8_unicode_ci,
  `field_placeholderText` text COLLATE utf8_unicode_ci,
  `field_fieldName` text COLLATE utf8_unicode_ci,
  `field_fieldType` varchar(255) COLLATE utf8_unicode_ci DEFAULT 'text',
  `field_fieldOptions` text COLLATE utf8_unicode_ci,
  `field_required` tinyint(1) unsigned NOT NULL DEFAULT '0',
  `field_formAction` text COLLATE utf8_unicode_ci,
  `field_redirect` text COLLATE utf8_unicode_ci,
  `field_value` text COLLATE utf8_unicode_ci,
  `field_optionFieldType` varchar(255) COLLATE utf8_unicode_ci DEFAULT NULL,
  `field_formName` text COLLATE utf8_unicode_ci,
  `field_errorMessage` text COLLATE utf8_unicode_ci,
  `field_thankYouMessage` text COLLATE utf8_unicode_ci,
  `field_fieldLabel` text COLLATE utf8_unicode_ci,
  `field_buttonColour` varchar(255) COLLATE utf8_unicode_ci DEFAULT 'default',
  `field_optionFormat` varchar(255) COLLATE utf8_unicode_ci DEFAULT 'normal',
  `dateCreated` datetime NOT NULL,
  `dateUpdated` datetime NOT NULL,
  `uid` char(36) COLLATE utf8_unicode_ci NOT NULL DEFAULT '0',
  PRIMARY KEY (`id`),
  UNIQUE KEY `craft_content_elementId_locale_unq_idx` (`elementId`,`locale`),
  KEY `craft_content_title_idx` (`title`),
  KEY `craft_content_locale_fk` (`locale`)
) ENGINE=InnoDB AUTO_INCREMENT=54 DEFAULT CHARSET=utf8 COLLATE=utf8_unicode_ci;

--
-- Data for table `craft_content`
--

INSERT INTO `craft_content` (`id`, `elementId`, `locale`, `title`, `field_imageSize`, `field_imagePosition`, `field_imageFinePosition`, `field_imageRepeat`, `field_fixedPosition`, `field_websiteUrl`, `field_altText`, `field_caption`, `field_credit`, `field_imageCreditUrl`, `field_imageCreditOrganization`, `field_imageCreditOrgUrl`, `field_heading`, `field_subhead`, `field_gtm`, `field_width`, `field_pushLeft`, `field_pushRight`, `field_customClass`, `field_customColour`, `field_markdown`, `field_text`, `field_colour`, `field_anchorName`, `field_rowType`, `field_captionPosition`, `field_quoteType`, `field_float`, `field_language`, `field_dividerType`, `field_embedCode`, `field_table`, `field_tableType`, `field_blankOutText`, `field_placeholderSize`, `field_placeholderText`, `field_fieldName`, `field_fieldType`, `field_fieldOptions`, `field_required`, `field_formAction`, `field_redirect`, `field_value`, `field_optionFieldType`, `field_formName`, `field_errorMessage`, `field_thankYouMessage`, `field_fieldLabel`, `field_buttonColour`, `field_optionFormat`, `dateCreated`, `dateUpdated`, `uid`) VALUES
 ('1', '1', 'en_us', NULL, NULL, NULL, NULL, '', '0', NULL, NULL, NULL, NULL, NULL, NULL, NULL, NULL, NULL, NULL, 'full', NULL, NULL, NULL, NULL, '0', NULL, 'transparent', NULL, 'standard', 'leftBottom', NULL, NULL, NULL, 'standardRule', NULL, NULL, 'invisible', '0', NULL, NULL, NULL, NULL, NULL, '0', NULL, NULL, NULL, NULL, NULL, NULL, NULL, NULL, 'default', 'normal', '2015-05-15 20:59:38', '2015-05-15 20:59:38', 'bba6efc1-4a23-42cb-acb1-515af914d7b5'),
 ('2', '2', 'en_us', 'Home', NULL, NULL, NULL, '', '0', NULL, NULL, NULL, NULL, NULL, NULL, NULL, 'Louder Than Ten', ' Editorial System', NULL, 'full', NULL, NULL, NULL, NULL, '0', NULL, 'transparent', NULL, 'standard', 'leftBottom', NULL, NULL, NULL, 'standardRule', NULL, NULL, 'invisible', '0', NULL, NULL, NULL, NULL, NULL, '0', NULL, NULL, NULL, NULL, NULL, NULL, NULL, NULL, 'default', 'normal', '2015-05-15 20:59:41', '2016-05-22 02:33:49', '0513e76f-97b1-479d-9db2-20887c18f0a4'),
 ('5', '8', 'en_us', NULL, NULL, NULL, NULL, '', '0', NULL, NULL, NULL, '&copy; Louder Than Ten. Rapidly built with [Live Wires](http://www.livewires.io).', NULL, NULL, NULL, NULL, NULL, '', 'full', NULL, NULL, NULL, NULL, '0', NULL, 'transparent', NULL, 'standard', 'leftBottom', NULL, NULL, NULL, 'standardRule', NULL, NULL, 'invisible', '0', NULL, NULL, NULL, NULL, NULL, '0', NULL, NULL, NULL, NULL, NULL, NULL, NULL, NULL, 'default', 'normal', '2016-05-11 20:23:33', '2016-05-20 06:16:36', '6cd7ec2b-2686-45d7-a9c1-fe338a2ac935'),
 ('6', '13', 'en_us', NULL, NULL, NULL, NULL, '', '0', NULL, NULL, NULL, NULL, NULL, NULL, NULL, NULL, NULL, NULL, 'full', NULL, NULL, '', '#000000', '0', NULL, 'transparent', '', 'standard', 'leftBottom', NULL, NULL, NULL, 'standardRule', NULL, NULL, 'invisible', '0', NULL, NULL, NULL, NULL, NULL, '0', NULL, NULL, NULL, NULL, NULL, NULL, NULL, NULL, 'default', 'normal', '2016-05-18 00:33:32', '2016-05-20 05:27:37', '48915912-7833-4e7c-ae92-9e867782fb1b'),
 ('7', '14', 'en_us', NULL, NULL, NULL, NULL, '', '0', NULL, NULL, NULL, NULL, NULL, NULL, NULL, NULL, NULL, NULL, 'full', '', '', '', NULL, '1', 'Test text.', 'transparent', NULL, 'standard', 'leftBottom', NULL, 'left', NULL, 'standardRule', NULL, NULL, 'invisible', '0', NULL, NULL, NULL, NULL, NULL, '0', NULL, NULL, NULL, NULL, NULL, NULL, NULL, NULL, 'default', 'normal', '2016-05-18 00:33:32', '2016-05-20 05:27:37', '380b4827-a702-42f6-9547-618412fc1daa'),
 ('8', '15', 'en_us', NULL, NULL, NULL, NULL, '', '0', NULL, NULL, NULL, NULL, NULL, NULL, NULL, NULL, NULL, NULL, 'full', '', '', '', NULL, '0', NULL, 'transparent', NULL, 'standard', 'leftBottom', NULL, NULL, NULL, 'standardRule', NULL, NULL, 'invisible', '0', NULL, NULL, NULL, NULL, NULL, '0', NULL, NULL, NULL, NULL, NULL, NULL, NULL, NULL, 'default', 'normal', '2016-05-18 00:53:45', '2016-05-20 05:27:37', 'ba253b2f-b37d-48b1-85f2-1f88e12e26d6'),
 ('9', '16', 'en_us', NULL, NULL, NULL, NULL, '', '0', NULL, NULL, NULL, NULL, NULL, NULL, NULL, NULL, NULL, NULL, 'full', '', '', '', '#000000', '0', NULL, 'reverse', '', 'standard', 'leftBottom', NULL, NULL, NULL, 'standardRule', NULL, NULL, 'invisible', '0', NULL, NULL, NULL, NULL, NULL, '0', NULL, NULL, NULL, NULL, NULL, NULL, NULL, NULL, 'default', 'normal', '2016-05-18 00:53:45', '2016-05-20 05:27:37', 'f11f2eb3-69c0-4a50-b6c8-4f313a291d44'),
 ('10', '17', 'en_us', NULL, NULL, NULL, NULL, '', '0', NULL, NULL, NULL, NULL, NULL, NULL, NULL, NULL, NULL, NULL, 'c3x2', 'pl3', '', '', NULL, '1', 'Another piece of text', 'transparent', NULL, 'standard', 'leftBottom', NULL, 'left', NULL, 'standardRule', NULL, NULL, 'invisible', '0', NULL, NULL, NULL, NULL, NULL, '0', NULL, NULL, NULL, NULL, NULL, NULL, NULL, NULL, 'default', 'normal', '2016-05-18 00:53:45', '2016-05-20 05:27:37', 'f9d0fbd5-c2ff-4de1-b3f2-22cb7a5273b3'),
 ('11', '18', 'en_us', NULL, NULL, NULL, NULL, '', '0', NULL, NULL, NULL, NULL, NULL, NULL, NULL, NULL, NULL, NULL, 'c5x3', '', '', '', NULL, '0', 'Some text', 'transparent', NULL, 'standard', 'leftBottom', 'externalQuote', 'left', NULL, 'standardRule', NULL, NULL, 'invisible', '0', NULL, NULL, NULL, NULL, NULL, '0', NULL, NULL, NULL, NULL, NULL, NULL, NULL, NULL, 'default', 'normal', '2016-05-18 00:53:45', '2016-05-20 05:27:37', 'f3c4c878-c68c-4c01-aef7-ec1dd77009f3'),
 ('13', '20', 'en_us', NULL, NULL, NULL, NULL, '', '0', NULL, NULL, NULL, NULL, NULL, NULL, NULL, NULL, NULL, NULL, 'full', '', '', '', '#000000', '0', NULL, 'transparent', '', 'standard', 'leftBottom', NULL, NULL, NULL, 'standardRule', NULL, NULL, 'invisible', '0', NULL, NULL, NULL, NULL, NULL, '0', NULL, NULL, NULL, NULL, NULL, NULL, NULL, NULL, 'default', 'normal', '2016-05-19 23:24:07', '2016-05-20 05:23:49', 'f64aaf70-3128-499c-b176-22b7a788d7a5'),
 ('14', '21', 'en_us', NULL, NULL, NULL, NULL, '', '0', NULL, NULL, NULL, NULL, NULL, NULL, NULL, NULL, NULL, NULL, 'c2', 'pl6', '', '', NULL, '1', '## Here\'s a subsection in a row\r\n\r\nasdfasdfa sdflk asdfl kjasd;fl kjads;lfkjadsl;fk jasd;lkf jasd;lkf jads;lk fjasd;lk fjads;lk fjasd;lkf jasd;lkfj asd;lkjf a;sldkjf sd;alkj f;dlsakj fasd;lkfj sdlknf asdlkjnf ;alkjf a;lsdkjf ;alsdkj fa;sldkj fas;dlkjf as;lkj fdasl;k f', 'transparent', NULL, 'standard', 'leftBottom', NULL, 'left', NULL, 'standardRule', NULL, NULL, 'invisible', '0', NULL, NULL, NULL, NULL, NULL, '0', NULL, NULL, NULL, NULL, NULL, NULL, NULL, NULL, 'default', 'normal', '2016-05-19 23:24:07', '2016-05-20 05:23:49', '653ae24a-5435-408e-b178-a4835a127767'),
 ('15', '22', 'en_us', NULL, NULL, NULL, NULL, '', '0', NULL, NULL, NULL, NULL, NULL, NULL, NULL, NULL, NULL, NULL, 'c3', '', '', '', '#000000', '1', '### This is a callout\r\n\r\nadsf asdf \r\nasdf asdf asd\r\n asdf asdf asdf\r\n asdf asdf asdf asdf asd\r\n', 'reverse', NULL, 'standard', 'leftBottom', NULL, 'right', NULL, 'standardRule', NULL, NULL, 'invisible', '0', NULL, NULL, NULL, NULL, NULL, '0', NULL, NULL, NULL, NULL, NULL, NULL, NULL, NULL, 'default', 'normal', '2016-05-19 23:24:07', '2016-05-20 05:23:49', '0057712b-a53d-47d9-82c3-c1073b4a6cab'),
 ('16', '23', 'en_us', NULL, NULL, NULL, NULL, '', '0', NULL, NULL, NULL, NULL, NULL, NULL, NULL, NULL, NULL, NULL, 'full', '', '', '', '#000000', '0', NULL, 'reverse', '', 'row--tight', 'leftBottom', NULL, NULL, NULL, 'standardRule', NULL, NULL, 'invisible', '0', NULL, NULL, NULL, NULL, NULL, '0', NULL, NULL, NULL, NULL, NULL, NULL, NULL, NULL, 'default', 'normal', '2016-05-19 23:24:07', '2016-05-20 05:23:49', '6332cf17-baf5-448f-85e1-bfc57a7353e1'),
 ('18', '25', 'en_us', NULL, NULL, NULL, NULL, '', '0', NULL, NULL, NULL, NULL, NULL, NULL, NULL, NULL, NULL, NULL, 'c3x2', 'pl3', '', '', NULL, '1', '### More test', 'transparent', NULL, 'standard', 'leftBottom', NULL, 'left', NULL, 'standardRule', NULL, NULL, 'invisible', '0', NULL, NULL, NULL, NULL, NULL, '0', NULL, NULL, NULL, NULL, NULL, NULL, NULL, NULL, 'default', 'normal', '2016-05-19 23:26:35', '2016-05-20 05:23:49', '2d1aa871-dc99-4bc9-b21f-ed0db2aa2a2e'),
 ('19', '26', 'en_us', NULL, NULL, NULL, NULL, '', '0', NULL, NULL, NULL, NULL, NULL, NULL, NULL, NULL, NULL, NULL, 'full', '', '', '', '#000000', '0', NULL, 'transparent', '', 'standard', 'leftBottom', NULL, NULL, NULL, 'standardRule', NULL, NULL, 'invisible', '0', NULL, NULL, NULL, NULL, NULL, '0', NULL, NULL, NULL, NULL, NULL, NULL, NULL, NULL, 'default', 'normal', '2016-05-20 06:08:15', '2016-05-22 02:03:46', '40435f88-0480-420e-be0c-1ce03b73fa96'),
 ('20', '27', 'en_us', NULL, NULL, NULL, NULL, '', '0', NULL, NULL, NULL, NULL, NULL, NULL, NULL, NULL, NULL, NULL, 'c3x2', '', '', '', NULL, '1', '##Your Live Wires playground\r\n\r\n<p class=\"lead\">Today we stop making trash and, instead, start building living, breathing beauties that will look and act the way they were imagined.</p>\r\n\r\nGood stuff! You’ve downloaded and set up Live Wires successfully on your machine. Here\'s how it works:\r\n\r\nLive Wires is a platform-agnostic design framework made with Sass that allows you to create responsive grey-box wireframes and prototypes in HTML & SCSS. You can keep all your code without needing to create static mock ups or other deliverables you end up throwing away.', 'transparent', NULL, 'standard', 'leftBottom', NULL, 'left', NULL, 'standardRule', NULL, NULL, 'invisible', '0', NULL, NULL, NULL, NULL, NULL, '0', NULL, NULL, NULL, NULL, NULL, NULL, NULL, NULL, 'default', 'normal', '2016-05-20 06:08:15', '2016-05-22 02:03:46', '5c0d8709-fff2-4e45-bdab-8cb6dac03dfa'),
 ('21', '28', 'en_us', NULL, NULL, NULL, NULL, '', '0', NULL, NULL, NULL, NULL, NULL, NULL, NULL, NULL, NULL, NULL, 'c3', '', '', '', NULL, '1', '###Recommended workflow\r\n\r\n####Step one\r\n\r\nBegin by creating your low-fidelity wireframes right here. This page will act as the index or home page of your project. Feel free to delete or overwrite the content on this page with your own.\r\n\r\n####Step two\r\n\r\nUse the [linked style guide](/guide/) to style your elements, components, and modules.\r\n\r\n####Step three\r\n\r\nRefine your templates and share with your team or clients as fully-responsive high-fidelity prototypes.', 'transparent', NULL, 'standard', 'leftBottom', NULL, 'left', NULL, 'standardRule', NULL, NULL, 'invisible', '0', NULL, NULL, NULL, NULL, NULL, '0', NULL, NULL, NULL, NULL, NULL, NULL, NULL, NULL, 'default', 'normal', '2016-05-20 06:08:15', '2016-05-22 02:03:46', '9aa40a09-bb99-4b65-8b93-0eecd4bfd8d1'),
 ('22', '29', 'en_us', NULL, NULL, NULL, NULL, '', '0', NULL, NULL, NULL, NULL, NULL, NULL, NULL, NULL, NULL, NULL, 'full', '', '', '', '#000000', '0', NULL, 'reverse', '', 'standard', 'leftBottom', NULL, NULL, NULL, 'standardRule', NULL, NULL, 'invisible', '0', NULL, NULL, NULL, NULL, NULL, '0', NULL, NULL, NULL, NULL, NULL, NULL, NULL, NULL, 'default', 'normal', '2016-05-20 06:08:15', '2016-05-22 02:03:46', 'd86edb2a-2248-48ae-8dfe-7b24cfb80acb'),
 ('23', '30', 'en_us', NULL, NULL, NULL, NULL, '', '0', NULL, NULL, NULL, NULL, NULL, NULL, NULL, NULL, NULL, NULL, 'c2', '', '', '', NULL, '1', '### Support\r\n \r\nSubmit your bug reports, pull requests, and questions to [GitHub](https://github.com/louderthanten/livewires/issues).', 'transparent', NULL, 'standard', 'leftBottom', NULL, 'left', NULL, 'standardRule', NULL, NULL, 'invisible', '0', NULL, NULL, NULL, NULL, NULL, '0', NULL, NULL, NULL, NULL, NULL, NULL, NULL, NULL, 'default', 'normal', '2016-05-20 06:08:15', '2016-05-22 02:03:46', '6b884aa3-3496-4b5c-97cc-a10a2223cd72'),
 ('24', '31', 'en_us', NULL, NULL, NULL, NULL, '', '0', NULL, NULL, NULL, NULL, NULL, NULL, NULL, NULL, NULL, NULL, 'c2', '', '', '', NULL, '1', '###About\r\n\r\n[Follow us on Twitter](http://twitter.com/louderthanten) and stay tuned for more detailed video how-tos about this design workflow.\r\n\r\nLive Wires is built by [Louder Than Ten](https://louderthanten.com).', 'transparent', NULL, 'standard', 'leftBottom', NULL, 'left', NULL, 'standardRule', NULL, NULL, 'invisible', '0', NULL, NULL, NULL, NULL, NULL, '0', NULL, NULL, NULL, NULL, NULL, NULL, NULL, NULL, 'default', 'normal', '2016-05-20 06:08:15', '2016-05-22 02:03:46', '31ecae8d-0d1e-460f-97d8-2fa3c7382771'),
 ('31', '40', 'en_us', 'Test', NULL, NULL, NULL, '', '0', NULL, NULL, NULL, NULL, NULL, NULL, NULL, 'Testing', 'Test subhead', NULL, 'full', '', '', NULL, NULL, '0', NULL, 'transparent', NULL, 'standard', 'leftBottom', NULL, NULL, NULL, 'standardRule', NULL, NULL, 'invisible', '0', NULL, NULL, NULL, NULL, NULL, '0', NULL, NULL, NULL, NULL, NULL, NULL, NULL, NULL, 'default', 'normal', '2016-05-22 02:29:07', '2016-05-22 05:01:11', '6b59881f-c833-41bb-b4ec-9e478f84b7e6'),
 ('32', '41', 'en_us', NULL, NULL, NULL, NULL, '', '0', NULL, NULL, NULL, NULL, NULL, NULL, NULL, NULL, NULL, NULL, 'full', '', '', '', '#000000', '0', NULL, 'transparent', '', 'standard', 'leftBottom', NULL, NULL, NULL, 'standardRule', NULL, NULL, 'invisible', '0', NULL, NULL, NULL, NULL, NULL, '0', NULL, NULL, NULL, NULL, NULL, NULL, NULL, NULL, 'default', 'normal', '2016-05-22 02:29:07', '2016-05-22 05:01:12', '95184e64-2679-4cfe-ab9d-29188588d40d'),
 ('33', '42', 'en_us', NULL, NULL, NULL, NULL, '', '0', NULL, NULL, NULL, NULL, NULL, NULL, NULL, NULL, NULL, NULL, 'full', '', '', '', '#000000', '1', 'Some text', 'transparent', NULL, 'standard', 'leftBottom', NULL, 'left', NULL, 'standardRule', NULL, NULL, 'invisible', '0', NULL, NULL, NULL, NULL, NULL, '0', NULL, NULL, NULL, NULL, NULL, NULL, NULL, NULL, 'default', 'normal', '2016-05-22 02:29:07', '2016-05-22 05:01:12', 'a3a85883-3b06-4e4c-a985-0b158b0d3a8f'),
 ('35', '45', 'en_us', 'Contact', NULL, NULL, NULL, '', '0', NULL, NULL, NULL, NULL, NULL, NULL, NULL, 'Contact', '', NULL, 'full', '', '', NULL, NULL, '0', NULL, 'transparent', NULL, 'standard', 'leftBottom', NULL, NULL, NULL, 'standardRule', NULL, NULL, 'invisible', '0', NULL, NULL, NULL, 'text', NULL, '0', NULL, NULL, NULL, NULL, NULL, NULL, NULL, NULL, 'default', 'normal', '2016-05-22 04:32:55', '2016-05-22 07:42:33', '24ed1522-3dd7-47dc-99c4-824793da82b8'),
 ('36', '46', 'en_us', NULL, NULL, NULL, NULL, '', '0', NULL, NULL, NULL, NULL, NULL, NULL, NULL, NULL, NULL, NULL, 'full', '', '', '', '#000000', '0', NULL, 'transparent', '', 'standard', 'leftBottom', NULL, NULL, NULL, 'standardRule', NULL, NULL, 'invisible', '0', NULL, NULL, NULL, 'text', NULL, '0', NULL, NULL, NULL, NULL, NULL, NULL, NULL, NULL, 'default', 'normal', '2016-05-22 04:32:55', '2016-05-22 07:42:33', '29bae6dc-7c2f-4119-99df-7410c4fa3560'),
 ('37', '47', 'en_us', NULL, NULL, NULL, NULL, '', '0', NULL, NULL, NULL, NULL, NULL, NULL, NULL, NULL, NULL, NULL, 'full', '', '', '', NULL, '0', NULL, 'transparent', '', 'standard', 'leftBottom', NULL, 'left', NULL, 'standardRule', NULL, NULL, 'invisible', '0', NULL, NULL, NULL, 'text', NULL, '0', '', '', '', NULL, '', NULL, '', NULL, 'default', 'normal', '2016-05-22 04:32:55', '2016-05-22 04:32:55', 'f663d764-a0d1-47de-a063-47d28e7a15f7'),
 ('40', '50', 'en_us', NULL, NULL, NULL, NULL, '', '0', NULL, NULL, NULL, NULL, NULL, NULL, NULL, NULL, NULL, NULL, 'full', '', '', '', NULL, '0', NULL, 'transparent', '', 'standard', 'leftBottom', NULL, NULL, NULL, 'standardRule', NULL, NULL, 'invisible', '0', NULL, NULL, 'name', 'text', NULL, '1', NULL, NULL, '', NULL, NULL, 'Please enter your name', NULL, 'Name', 'default', 'normal', '2016-05-22 05:01:12', '2016-05-22 05:01:12', '134beb92-7f55-461b-bad9-0e3e0aa0ffc2'),
 ('41', '51', 'en_us', NULL, NULL, NULL, NULL, '', '0', NULL, NULL, NULL, NULL, NULL, NULL, NULL, NULL, NULL, NULL, 'full', '', '', '', NULL, '0', NULL, 'transparent', '', 'standard', 'leftBottom', NULL, NULL, NULL, 'standardRule', NULL, NULL, 'invisible', '0', NULL, NULL, 'email', 'email', NULL, '1', NULL, NULL, '', NULL, NULL, 'Enter a valid email address', NULL, 'Email', 'default', 'normal', '2016-05-22 05:01:12', '2016-05-22 05:01:12', '2c581ccd-24d1-4b19-9e2e-84ea703c3713'),
 ('48', '58', 'en_us', NULL, NULL, NULL, NULL, '', '0', NULL, NULL, NULL, NULL, NULL, NULL, NULL, NULL, NULL, NULL, 'c2', 'pushl4', '', '', '#000000', '0', 'Test', 'subtle', '', 'standard', 'leftBottom', NULL, 'left', NULL, 'standardRule', NULL, NULL, 'invisible', '0', NULL, NULL, NULL, 'text', NULL, '0', '', '', 'Send', NULL, NULL, NULL, '', NULL, 'default', 'normal', '2016-05-22 06:04:50', '2016-05-22 07:42:33', 'b6800cdd-9363-49fd-b757-3ad6bcf04c9b'),
 ('49', '59', 'en_us', NULL, NULL, NULL, NULL, '', '0', NULL, NULL, NULL, NULL, NULL, NULL, NULL, NULL, NULL, NULL, 'full', '', '', '', NULL, '0', NULL, 'transparent', '', 'standard', 'leftBottom', NULL, NULL, NULL, 'standardRule', NULL, NULL, 'invisible', '0', NULL, NULL, 'name', 'text', NULL, '0', NULL, NULL, '', NULL, NULL, '', NULL, 'Name', 'default', 'normal', '2016-05-22 06:04:50', '2016-05-22 07:42:33', 'fda41fe9-0bfd-4e5f-9d3a-69474dc2038e'),
 ('50', '60', 'en_us', NULL, NULL, NULL, NULL, '', '0', NULL, NULL, NULL, NULL, NULL, NULL, NULL, NULL, NULL, NULL, 'c2', '', '', '', NULL, '0', NULL, 'transparent', 'email', 'standard', 'leftBottom', NULL, NULL, NULL, 'standardRule', NULL, NULL, 'invisible', '0', NULL, NULL, 'email', 'email', NULL, '0', NULL, NULL, '', NULL, NULL, '', NULL, 'Email', 'default', 'normal', '2016-05-22 06:04:50', '2016-05-22 07:42:33', 'b8372f13-0640-4cd3-9112-eeed653cb521'),
 ('51', '61', 'en_us', NULL, NULL, NULL, NULL, '', '0', NULL, NULL, NULL, NULL, NULL, NULL, NULL, NULL, NULL, NULL, 'c2', '', '', '', NULL, '0', NULL, 'transparent', '', 'standard', 'leftBottom', NULL, NULL, NULL, 'standardRule', NULL, NULL, 'invisible', '0', NULL, NULL, 'password', 'text', NULL, '0', NULL, NULL, '', NULL, NULL, '', NULL, 'Password', 'default', 'normal', '2016-05-22 06:04:50', '2016-05-22 07:42:33', 'f963e99b-8c80-4d06-b6b4-79c092bc5c4c'),
 ('52', '62', 'en_us', NULL, NULL, NULL, NULL, '', '0', NULL, NULL, NULL, NULL, NULL, NULL, NULL, NULL, NULL, NULL, 'full', '', '', '', NULL, '0', NULL, 'transparent', '', 'standard', 'leftBottom', NULL, NULL, NULL, 'standardRule', NULL, NULL, 'invisible', '0', NULL, NULL, 'body', 'textarea', NULL, '0', NULL, NULL, '', NULL, NULL, '', NULL, 'Body', 'default', 'normal', '2016-05-22 06:51:21', '2016-05-22 07:42:33', '111654d1-8e81-420b-8981-fa3131fae4cd'),
 ('53', '63', 'en_us', NULL, NULL, NULL, NULL, '', '0', NULL, NULL, NULL, NULL, NULL, NULL, NULL, NULL, NULL, NULL, 'full', '', '', '', NULL, '0', NULL, 'transparent', '', 'standard', 'leftBottom', NULL, NULL, NULL, 'standardRule', NULL, NULL, 'invisible', '0', NULL, NULL, 'field', 'text', '[{\"col1\":\"Default\",\"col2\":\"\",\"col3\":\"1\"},{\"col1\":\"Another option\",\"col2\":\"anotherOption\",\"col3\":\"\"},{\"col1\":\"A third\",\"col2\":\"third\",\"col3\":\"\"}]', '0', NULL, NULL, NULL, 'checkbox', NULL, NULL, NULL, 'Options', 'default', 'pills', '2016-05-22 06:51:21', '2016-05-22 07:42:33', 'f26b7060-9732-47bc-beb3-8c536cc362ed');



DROP TABLE IF EXISTS `craft_deprecationerrors`;


--
-- Schema for table `craft_deprecationerrors`
--
CREATE TABLE `craft_deprecationerrors` (
  `id` int(11) NOT NULL AUTO_INCREMENT,
  `key` varchar(255) COLLATE utf8_unicode_ci NOT NULL,
  `fingerprint` varchar(255) COLLATE utf8_unicode_ci NOT NULL,
  `lastOccurrence` datetime NOT NULL,
  `file` varchar(255) COLLATE utf8_unicode_ci NOT NULL,
  `line` smallint(6) unsigned NOT NULL,
  `class` varchar(255) COLLATE utf8_unicode_ci DEFAULT NULL,
  `method` varchar(255) COLLATE utf8_unicode_ci DEFAULT NULL,
  `template` varchar(255) COLLATE utf8_unicode_ci DEFAULT NULL,
  `templateLine` smallint(6) unsigned DEFAULT NULL,
  `message` varchar(255) COLLATE utf8_unicode_ci DEFAULT NULL,
  `traces` text COLLATE utf8_unicode_ci,
  `dateCreated` datetime NOT NULL,
  `dateUpdated` datetime NOT NULL,
  `uid` char(36) COLLATE utf8_unicode_ci NOT NULL DEFAULT '0',
  PRIMARY KEY (`id`),
  UNIQUE KEY `craft_deprecationerrors_key_fingerprint_unq_idx` (`key`,`fingerprint`)
) ENGINE=InnoDB DEFAULT CHARSET=utf8 COLLATE=utf8_unicode_ci;

DROP TABLE IF EXISTS `craft_elementindexsettings`;


--
-- Schema for table `craft_elementindexsettings`
--
CREATE TABLE `craft_elementindexsettings` (
  `id` int(11) NOT NULL AUTO_INCREMENT,
  `type` varchar(150) COLLATE utf8_unicode_ci NOT NULL,
  `settings` text COLLATE utf8_unicode_ci,
  `dateCreated` datetime NOT NULL,
  `dateUpdated` datetime NOT NULL,
  `uid` char(36) COLLATE utf8_unicode_ci NOT NULL DEFAULT '0',
  PRIMARY KEY (`id`),
  UNIQUE KEY `craft_elementindexsettings_type_unq_idx` (`type`)
) ENGINE=InnoDB AUTO_INCREMENT=3 DEFAULT CHARSET=utf8 COLLATE=utf8_unicode_ci;

--
-- Data for table `craft_elementindexsettings`
--

INSERT INTO `craft_elementindexsettings` (`id`, `type`, `settings`, `dateCreated`, `dateUpdated`, `uid`) VALUES
 ('1', 'Entry', '{\"sourceOrder\":[[\"key\",\"*\"],[\"heading\",\"Site\"],[\"key\",\"section:3\"],[\"key\",\"singles\"]],\"sources\":{\"singles\":{\"tableAttributes\":{\"1\":\"uri\",\"2\":\"slug\"}},\"section:3\":{\"tableAttributes\":{\"1\":\"uri\"}}}}', '2016-05-11 20:55:21', '2016-05-20 07:11:49', '4ca22e99-05f4-4ce4-9460-9c4b03e5be3e');



DROP TABLE IF EXISTS `craft_elements`;


--
-- Schema for table `craft_elements`
--
CREATE TABLE `craft_elements` (
  `id` int(11) NOT NULL AUTO_INCREMENT,
  `type` varchar(150) COLLATE utf8_unicode_ci NOT NULL,
  `enabled` tinyint(1) unsigned NOT NULL DEFAULT '1',
  `archived` tinyint(1) unsigned NOT NULL DEFAULT '0',
  `dateCreated` datetime NOT NULL,
  `dateUpdated` datetime NOT NULL,
  `uid` char(36) COLLATE utf8_unicode_ci NOT NULL DEFAULT '0',
  PRIMARY KEY (`id`),
  KEY `craft_elements_type_idx` (`type`),
  KEY `craft_elements_enabled_idx` (`enabled`),
  KEY `craft_elements_archived_dateCreated_idx` (`archived`,`dateCreated`)
) ENGINE=InnoDB AUTO_INCREMENT=64 DEFAULT CHARSET=utf8 COLLATE=utf8_unicode_ci;

--
-- Data for table `craft_elements`
--

INSERT INTO `craft_elements` (`id`, `type`, `enabled`, `archived`, `dateCreated`, `dateUpdated`, `uid`) VALUES
 ('1', 'User', '1', '0', '2015-05-15 20:59:38', '2015-05-15 20:59:38', '72722068-0cb6-431b-a999-fd3feb46ab5f'),
 ('2', 'Entry', '1', '0', '2015-05-15 20:59:41', '2016-05-22 02:33:49', '7983c128-079f-4e7e-bc29-8387b8b6dab5'),
 ('8', 'GlobalSet', '1', '0', '2016-05-11 20:23:33', '2016-05-20 06:16:36', 'f3e6540a-f878-41ce-a6ac-51b849628b3f'),
 ('13', 'Neo_Block', '1', '0', '2016-05-18 00:33:32', '2016-05-20 05:27:37', '6ff33de7-4823-466c-9d8b-585ad1bbe8ae'),
 ('14', 'Neo_Block', '1', '0', '2016-05-18 00:33:32', '2016-05-20 05:27:37', '442b5244-a819-4d98-adbb-0a9193e9fdf9'),
 ('15', 'Neo_Block', '1', '0', '2016-05-18 00:53:45', '2016-05-20 05:27:37', '661ba01e-a4b2-435b-b9a7-19d227286d93'),
 ('16', 'Neo_Block', '1', '0', '2016-05-18 00:53:45', '2016-05-20 05:27:37', '9046e385-b2a6-46fb-b7c0-e7efa5980382'),
 ('17', 'Neo_Block', '1', '0', '2016-05-18 00:53:45', '2016-05-20 05:27:37', '8f758f7a-c20a-45e0-9bf8-d9fcf833a62f'),
 ('18', 'Neo_Block', '1', '0', '2016-05-18 00:53:45', '2016-05-20 05:27:37', '345c5782-2202-4a91-a73d-4ec3ee705b7e'),
 ('20', 'Neo_Block', '1', '0', '2016-05-19 23:24:07', '2016-05-20 05:23:49', 'af8420a6-2c08-4ed9-ac71-d025db2aa269'),
 ('21', 'Neo_Block', '1', '0', '2016-05-19 23:24:07', '2016-05-20 05:23:49', 'd8112834-429b-4838-ad2d-36e20e3f51a8'),
 ('22', 'Neo_Block', '1', '0', '2016-05-19 23:24:07', '2016-05-20 05:23:49', 'ea245a63-1e1a-4124-9a0c-712d4c5770ba'),
 ('23', 'Neo_Block', '1', '0', '2016-05-19 23:24:07', '2016-05-20 05:23:49', 'dd04d419-51bf-4795-b1e2-a50a2d64cc92'),
 ('25', 'Neo_Block', '1', '0', '2016-05-19 23:26:35', '2016-05-20 05:23:49', '9ee9fffc-a89c-4ada-97ea-5a3da67326e4'),
 ('26', 'Neo_Block', '1', '0', '2016-05-20 06:08:15', '2016-05-22 02:03:46', '4b05da16-0605-4efe-aa50-c985b60fd427'),
 ('27', 'Neo_Block', '1', '0', '2016-05-20 06:08:15', '2016-05-22 02:03:46', '3a7a8b94-cd3d-4c95-b435-343a39523546'),
 ('28', 'Neo_Block', '1', '0', '2016-05-20 06:08:15', '2016-05-22 02:03:46', 'a2f2306a-d8dc-4501-9acf-f9e59d56a517'),
 ('29', 'Neo_Block', '1', '0', '2016-05-20 06:08:15', '2016-05-22 02:03:46', '39955f7b-9765-4729-a8d1-fdf651755b29'),
 ('30', 'Neo_Block', '1', '0', '2016-05-20 06:08:15', '2016-05-22 02:03:46', '01971bc2-32dc-4386-af6c-e99de0a39b8a'),
 ('31', 'Neo_Block', '1', '0', '2016-05-20 06:08:15', '2016-05-22 02:03:46', '5f4c941b-a3f5-419a-931e-4be80edfa33a'),
 ('40', 'Entry', '1', '0', '2016-05-22 02:29:07', '2016-05-22 05:01:11', '3e3f579b-675d-412a-8c07-a74920947310'),
 ('41', 'Neo_Block', '1', '0', '2016-05-22 02:29:07', '2016-05-22 05:01:12', '20d4ec29-8a89-4779-9ffe-b03582118e9b'),
 ('42', 'Neo_Block', '1', '0', '2016-05-22 02:29:07', '2016-05-22 05:01:12', '56f3fe96-2db0-461b-8054-ca328ea8bfae'),
 ('43', 'MatrixBlock', '1', '0', '2016-05-22 02:29:07', '2016-05-22 05:01:12', 'b0fb39c3-4948-449b-b667-d1195fed8df6'),
 ('45', 'Entry', '1', '0', '2016-05-22 04:32:55', '2016-05-22 07:42:33', 'c7cb81ed-6606-4847-9d70-e51050e77e74'),
 ('46', 'Neo_Block', '1', '0', '2016-05-22 04:32:55', '2016-05-22 07:42:33', '5dceca88-b10c-4c07-85a3-8fbfc1a59005'),
 ('47', 'Neo_Block', '1', '0', '2016-05-22 04:32:55', '2016-05-22 04:32:55', 'e0fc56e9-1773-48bb-ba04-592e3f601d38'),
 ('50', 'Neo_Block', '1', '0', '2016-05-22 05:01:12', '2016-05-22 05:01:12', '3b7135d2-901f-484e-a2cf-2d5791cc4856'),
 ('51', 'Neo_Block', '1', '0', '2016-05-22 05:01:12', '2016-05-22 05:01:12', '8de120ca-cf79-49d7-a75a-00d1e14afdc6'),
 ('58', 'Neo_Block', '1', '0', '2016-05-22 06:04:50', '2016-05-22 07:42:33', '22e23c01-1ddd-40ad-8f9d-82ad842c5d4e'),
 ('59', 'Neo_Block', '1', '0', '2016-05-22 06:04:50', '2016-05-22 07:42:33', '4433147b-a591-4386-955e-3cdd1cd0af16'),
 ('60', 'Neo_Block', '1', '0', '2016-05-22 06:04:50', '2016-05-22 07:42:33', 'dc08d1ca-dd0d-4eed-b536-632c5b27912e'),
 ('61', 'Neo_Block', '1', '0', '2016-05-22 06:04:50', '2016-05-22 07:42:33', '5eb7f856-7b0b-4225-b76b-eb20c2b37e6e'),
 ('62', 'Neo_Block', '1', '0', '2016-05-22 06:51:21', '2016-05-22 07:42:33', 'ef856a8e-349a-4e2e-b141-f9a59b9ce978'),
 ('63', 'Neo_Block', '1', '0', '2016-05-22 06:51:21', '2016-05-22 07:42:33', '7d744446-856c-49dc-b485-844c8b3d7eb1');



DROP TABLE IF EXISTS `craft_elements_i18n`;


--
-- Schema for table `craft_elements_i18n`
--
CREATE TABLE `craft_elements_i18n` (
  `id` int(11) NOT NULL AUTO_INCREMENT,
  `elementId` int(11) NOT NULL,
  `locale` char(12) COLLATE utf8_unicode_ci NOT NULL,
  `slug` varchar(255) COLLATE utf8_unicode_ci DEFAULT NULL,
  `uri` varchar(255) COLLATE utf8_unicode_ci DEFAULT NULL,
  `enabled` tinyint(1) unsigned NOT NULL DEFAULT '1',
  `dateCreated` datetime NOT NULL,
  `dateUpdated` datetime NOT NULL,
  `uid` char(36) COLLATE utf8_unicode_ci NOT NULL DEFAULT '0',
  PRIMARY KEY (`id`),
  UNIQUE KEY `craft_elements_i18n_elementId_locale_unq_idx` (`elementId`,`locale`),
  UNIQUE KEY `craft_elements_i18n_uri_locale_unq_idx` (`uri`,`locale`),
  KEY `craft_elements_i18n_slug_locale_idx` (`slug`,`locale`),
  KEY `craft_elements_i18n_enabled_idx` (`enabled`),
  KEY `craft_elements_i18n_locale_fk` (`locale`)
) ENGINE=InnoDB AUTO_INCREMENT=64 DEFAULT CHARSET=utf8 COLLATE=utf8_unicode_ci;

--
-- Data for table `craft_elements_i18n`
--

INSERT INTO `craft_elements_i18n` (`id`, `elementId`, `locale`, `slug`, `uri`, `enabled`, `dateCreated`, `dateUpdated`, `uid`) VALUES
 ('1', '1', 'en_us', '', NULL, '1', '2015-05-15 20:59:38', '2015-05-15 20:59:38', 'c6430f47-9a89-48fe-81a3-6e646a8d53a5'),
 ('2', '2', 'en_us', 'homepage', '__home__', '1', '2015-05-15 20:59:41', '2016-05-22 02:33:49', '5a7f2ba1-1bf2-469c-b0ca-b019c87f3615'),
 ('8', '8', 'en_us', '', NULL, '1', '2016-05-11 20:23:33', '2016-05-20 06:16:36', '4c5539de-da80-4abb-ae6f-b189bb52d1d4'),
 ('13', '13', 'en_us', '', NULL, '1', '2016-05-18 00:33:32', '2016-05-20 05:27:37', '32a61f95-c59c-4eb8-97d6-91e71b9747dd'),
 ('14', '14', 'en_us', '', NULL, '1', '2016-05-18 00:33:32', '2016-05-20 05:27:37', '6f78ce4c-efd5-47f5-a7d6-338df6d6f7f1'),
 ('15', '15', 'en_us', '', NULL, '1', '2016-05-18 00:53:45', '2016-05-20 05:27:37', '2072c6bc-5904-4624-b71c-ca2443e190c6'),
 ('16', '16', 'en_us', '', NULL, '1', '2016-05-18 00:53:45', '2016-05-20 05:27:37', '162892b1-1cdc-443e-851b-03d03cfd353d'),
 ('17', '17', 'en_us', '', NULL, '1', '2016-05-18 00:53:45', '2016-05-20 05:27:37', 'e919ec91-c5c0-4491-989c-57ca03d2c569'),
 ('18', '18', 'en_us', '', NULL, '1', '2016-05-18 00:53:45', '2016-05-20 05:27:37', 'abb692d5-56ab-4498-843e-17366800a007'),
 ('20', '20', 'en_us', '', NULL, '1', '2016-05-19 23:24:07', '2016-05-20 05:23:49', '2ec4b1f1-3bcb-43c8-8a79-07e61f1ed248'),
 ('21', '21', 'en_us', '', NULL, '1', '2016-05-19 23:24:07', '2016-05-20 05:23:49', '6bf5866b-8f22-4b48-8920-e7c008758aef'),
 ('22', '22', 'en_us', '', NULL, '1', '2016-05-19 23:24:07', '2016-05-20 05:23:49', '448cdbfa-84b7-4040-a20c-f26b8fd011da'),
 ('23', '23', 'en_us', '', NULL, '1', '2016-05-19 23:24:07', '2016-05-20 05:23:49', 'fd17bef7-3852-4e5d-9174-fe8683c68692'),
 ('25', '25', 'en_us', '', NULL, '1', '2016-05-19 23:26:35', '2016-05-20 05:23:49', 'f68ab7a3-4218-4eb6-91a0-59a9f291c497'),
 ('26', '26', 'en_us', '', NULL, '1', '2016-05-20 06:08:15', '2016-05-22 02:03:46', '8fcce2e0-9154-4bf2-834e-d401b0089ead'),
 ('27', '27', 'en_us', '', NULL, '1', '2016-05-20 06:08:15', '2016-05-22 02:03:46', '0cfc4112-4990-43a9-adff-33f941672dd7'),
 ('28', '28', 'en_us', '', NULL, '1', '2016-05-20 06:08:15', '2016-05-22 02:03:46', '75a75fd7-245e-4002-80e8-58727473e2c1'),
 ('29', '29', 'en_us', '', NULL, '1', '2016-05-20 06:08:15', '2016-05-22 02:03:46', 'e64f1d04-3e41-4f1a-8ada-f339028f6e77'),
 ('30', '30', 'en_us', '', NULL, '1', '2016-05-20 06:08:15', '2016-05-22 02:03:46', '75b5fbf0-7fab-4646-bf73-4b6ec1bdf2c7'),
 ('31', '31', 'en_us', '', NULL, '1', '2016-05-20 06:08:15', '2016-05-22 02:03:46', '75efeb45-4015-4d8a-8486-a64f227882c9'),
 ('40', '40', 'en_us', 'test', 'test', '1', '2016-05-22 02:29:07', '2016-05-22 05:01:12', '619e5e08-c7fc-4606-a75c-560d92f29349'),
 ('41', '41', 'en_us', '', NULL, '1', '2016-05-22 02:29:07', '2016-05-22 05:01:12', '8e6f2807-01f3-44c9-bb80-e3905d02be85'),
 ('42', '42', 'en_us', '', NULL, '1', '2016-05-22 02:29:07', '2016-05-22 05:01:12', '83479ad5-9177-428e-9ee8-28a687be5e66'),
 ('43', '43', 'en_us', '', NULL, '1', '2016-05-22 02:29:07', '2016-05-22 05:01:12', 'd9992807-647a-4417-a503-b9250d16714d'),
 ('45', '45', 'en_us', 'contact', 'contact', '1', '2016-05-22 04:32:55', '2016-05-22 07:42:33', '9af4b73b-f8a3-4434-aca5-2ceac3e227c6'),
 ('46', '46', 'en_us', '', NULL, '1', '2016-05-22 04:32:55', '2016-05-22 07:42:33', '2f6456df-fa36-439a-bebc-8e94fc3f59e9'),
 ('47', '47', 'en_us', '', NULL, '1', '2016-05-22 04:32:55', '2016-05-22 04:32:55', '29832a84-498f-4a55-bb17-8c6c26aa2a88'),
 ('50', '50', 'en_us', '', NULL, '1', '2016-05-22 05:01:12', '2016-05-22 05:01:12', '151ee492-a0e6-4856-8ceb-954e20fb287f'),
 ('51', '51', 'en_us', '', NULL, '1', '2016-05-22 05:01:12', '2016-05-22 05:01:12', 'c9501e1c-8a8b-426d-92c2-5523604f02f4'),
 ('58', '58', 'en_us', '', NULL, '1', '2016-05-22 06:04:50', '2016-05-22 07:42:33', 'f6ef4dd8-41cd-4bac-bf61-f3b808d34177'),
 ('59', '59', 'en_us', '', NULL, '1', '2016-05-22 06:04:50', '2016-05-22 07:42:33', 'ea5c47c0-5cc4-42cf-912d-899f396a45c4'),
 ('60', '60', 'en_us', '', NULL, '1', '2016-05-22 06:04:50', '2016-05-22 07:42:33', 'c6d6aaed-ed43-4499-9c03-a4f8fac761c2'),
 ('61', '61', 'en_us', '', NULL, '1', '2016-05-22 06:04:50', '2016-05-22 07:42:33', '9b94346f-e58f-4915-a418-74b82ecfe867'),
 ('62', '62', 'en_us', '', NULL, '1', '2016-05-22 06:51:21', '2016-05-22 07:42:33', 'e19639fa-4722-4392-b797-df947ca2981f'),
 ('63', '63', 'en_us', '', NULL, '1', '2016-05-22 06:51:21', '2016-05-22 07:42:33', '8b6402d2-ddfc-49b0-aace-7053f86cbe9b');



DROP TABLE IF EXISTS `craft_emailmessages`;


--
-- Schema for table `craft_emailmessages`
--
CREATE TABLE `craft_emailmessages` (
  `id` int(11) NOT NULL AUTO_INCREMENT,
  `key` char(150) COLLATE utf8_unicode_ci NOT NULL,
  `locale` char(12) COLLATE utf8_unicode_ci NOT NULL,
  `subject` varchar(1000) COLLATE utf8_unicode_ci NOT NULL,
  `body` text COLLATE utf8_unicode_ci NOT NULL,
  `dateCreated` datetime NOT NULL,
  `dateUpdated` datetime NOT NULL,
  `uid` char(36) COLLATE utf8_unicode_ci NOT NULL DEFAULT '0',
  PRIMARY KEY (`id`),
  UNIQUE KEY `craft_emailmessages_key_locale_unq_idx` (`key`,`locale`),
  KEY `craft_emailmessages_locale_fk` (`locale`)
) ENGINE=InnoDB DEFAULT CHARSET=utf8 COLLATE=utf8_unicode_ci;

DROP TABLE IF EXISTS `craft_entries`;


--
-- Schema for table `craft_entries`
--
CREATE TABLE `craft_entries` (
  `id` int(11) NOT NULL,
  `sectionId` int(11) NOT NULL,
  `typeId` int(11) DEFAULT NULL,
  `authorId` int(11) DEFAULT NULL,
  `postDate` datetime DEFAULT NULL,
  `expiryDate` datetime DEFAULT NULL,
  `dateCreated` datetime NOT NULL,
  `dateUpdated` datetime NOT NULL,
  `uid` char(36) COLLATE utf8_unicode_ci NOT NULL DEFAULT '0',
  PRIMARY KEY (`id`),
  KEY `craft_entries_sectionId_idx` (`sectionId`),
  KEY `craft_entries_typeId_idx` (`typeId`),
  KEY `craft_entries_postDate_idx` (`postDate`),
  KEY `craft_entries_expiryDate_idx` (`expiryDate`),
  KEY `craft_entries_authorId_fk` (`authorId`)
) ENGINE=InnoDB DEFAULT CHARSET=utf8 COLLATE=utf8_unicode_ci;

--
-- Data for table `craft_entries`
--

INSERT INTO `craft_entries` (`id`, `sectionId`, `typeId`, `authorId`, `postDate`, `expiryDate`, `dateCreated`, `dateUpdated`, `uid`) VALUES
 ('2', '1', '1', NULL, '2016-05-22 02:33:47', NULL, '2015-05-15 20:59:41', '2016-05-22 02:33:47', 'dd438059-508c-49d1-98c1-8e7d124aa79d'),
 ('40', '3', '3', '1', '2016-05-22 02:29:00', NULL, '2016-05-22 02:29:07', '2016-05-22 05:01:12', '1cdd9cff-1939-4ee0-94b6-1b7b46656584'),
 ('45', '3', '3', '1', '2016-05-22 04:32:00', NULL, '2016-05-22 04:32:55', '2016-05-22 07:42:33', '4315c938-0438-4e41-9fc1-00ec95cbb7ed');



DROP TABLE IF EXISTS `craft_entrydrafts`;


--
-- Schema for table `craft_entrydrafts`
--
CREATE TABLE `craft_entrydrafts` (
  `id` int(11) NOT NULL AUTO_INCREMENT,
  `entryId` int(11) NOT NULL,
  `sectionId` int(11) NOT NULL,
  `creatorId` int(11) NOT NULL,
  `locale` char(12) COLLATE utf8_unicode_ci NOT NULL,
  `name` varchar(255) COLLATE utf8_unicode_ci NOT NULL,
  `notes` tinytext COLLATE utf8_unicode_ci,
  `data` mediumtext COLLATE utf8_unicode_ci NOT NULL,
  `dateCreated` datetime NOT NULL,
  `dateUpdated` datetime NOT NULL,
  `uid` char(36) COLLATE utf8_unicode_ci NOT NULL DEFAULT '0',
  PRIMARY KEY (`id`),
  KEY `craft_entrydrafts_entryId_locale_idx` (`entryId`,`locale`),
  KEY `craft_entrydrafts_sectionId_fk` (`sectionId`),
  KEY `craft_entrydrafts_creatorId_fk` (`creatorId`),
  KEY `craft_entrydrafts_locale_fk` (`locale`)
) ENGINE=InnoDB DEFAULT CHARSET=utf8 COLLATE=utf8_unicode_ci;

DROP TABLE IF EXISTS `craft_entrytypes`;


--
-- Schema for table `craft_entrytypes`
--
CREATE TABLE `craft_entrytypes` (
  `id` int(11) NOT NULL AUTO_INCREMENT,
  `sectionId` int(11) NOT NULL,
  `fieldLayoutId` int(11) DEFAULT NULL,
  `name` varchar(255) COLLATE utf8_unicode_ci NOT NULL,
  `handle` varchar(255) COLLATE utf8_unicode_ci NOT NULL,
  `hasTitleField` tinyint(1) unsigned NOT NULL DEFAULT '1',
  `titleLabel` varchar(255) COLLATE utf8_unicode_ci DEFAULT 'Title',
  `titleFormat` varchar(255) COLLATE utf8_unicode_ci DEFAULT NULL,
  `sortOrder` smallint(6) unsigned DEFAULT NULL,
  `dateCreated` datetime NOT NULL,
  `dateUpdated` datetime NOT NULL,
  `uid` char(36) COLLATE utf8_unicode_ci NOT NULL DEFAULT '0',
  PRIMARY KEY (`id`),
  UNIQUE KEY `craft_entrytypes_name_sectionId_unq_idx` (`name`,`sectionId`),
  UNIQUE KEY `craft_entrytypes_handle_sectionId_unq_idx` (`handle`,`sectionId`),
  KEY `craft_entrytypes_sectionId_fk` (`sectionId`),
  KEY `craft_entrytypes_fieldLayoutId_fk` (`fieldLayoutId`)
) ENGINE=InnoDB AUTO_INCREMENT=4 DEFAULT CHARSET=utf8 COLLATE=utf8_unicode_ci;

--
-- Data for table `craft_entrytypes`
--

INSERT INTO `craft_entrytypes` (`id`, `sectionId`, `fieldLayoutId`, `name`, `handle`, `hasTitleField`, `titleLabel`, `titleFormat`, `sortOrder`, `dateCreated`, `dateUpdated`, `uid`) VALUES
 ('1', '1', '162', 'Homepage', 'homepage', '1', 'Title', NULL, NULL, '2015-05-15 20:59:41', '2016-05-20 15:30:28', 'f46a8774-d517-47fc-943a-20d97333c27a'),
 ('3', '3', '276', 'Pages', 'pages', '1', 'Title', NULL, NULL, '2016-05-11 02:44:22', '2016-05-22 05:22:00', '456d1f6a-671d-47ff-97b1-ccd6ce774009');



DROP TABLE IF EXISTS `craft_entryversions`;


--
-- Schema for table `craft_entryversions`
--
CREATE TABLE `craft_entryversions` (
  `id` int(11) NOT NULL AUTO_INCREMENT,
  `entryId` int(11) NOT NULL,
  `sectionId` int(11) NOT NULL,
  `creatorId` int(11) DEFAULT NULL,
  `locale` char(12) COLLATE utf8_unicode_ci NOT NULL,
  `num` smallint(6) unsigned NOT NULL,
  `notes` tinytext COLLATE utf8_unicode_ci,
  `data` mediumtext COLLATE utf8_unicode_ci NOT NULL,
  `dateCreated` datetime NOT NULL,
  `dateUpdated` datetime NOT NULL,
  `uid` char(36) COLLATE utf8_unicode_ci NOT NULL DEFAULT '0',
  PRIMARY KEY (`id`),
  KEY `craft_entryversions_entryId_locale_idx` (`entryId`,`locale`),
  KEY `craft_entryversions_sectionId_fk` (`sectionId`),
  KEY `craft_entryversions_creatorId_fk` (`creatorId`),
  KEY `craft_entryversions_locale_fk` (`locale`)
) ENGINE=InnoDB AUTO_INCREMENT=67 DEFAULT CHARSET=utf8 COLLATE=utf8_unicode_ci;

--
-- Data for table `craft_entryversions`
--

INSERT INTO `craft_entryversions` (`id`, `entryId`, `sectionId`, `creatorId`, `locale`, `num`, `notes`, `data`, `dateCreated`, `dateUpdated`, `uid`) VALUES
 ('17', '2', '1', '1', 'en_us', '1', '', '{\"typeId\":\"1\",\"authorId\":null,\"title\":\"Louder Than Ten Editorial System\",\"slug\":\"homepage\",\"postDate\":1431723581,\"expiryDate\":null,\"enabled\":1,\"parentId\":null,\"fields\":{\"3\":\"\",\"106\":{\"new0\":{\"type\":\"row\",\"enabled\":\"1\",\"collapsed\":\"0\",\"level\":\"0\",\"fields\":{\"colour\":\"transparent\",\"customColour\":\"#000000\",\"image\":\"\",\"rowType\":\"standard\",\"customClass\":\"\",\"anchorName\":\"\"}},\"new1\":{\"type\":\"text\",\"enabled\":\"1\",\"collapsed\":\"0\",\"level\":\"1\",\"fields\":{\"text\":\"##Your Live Wires playground\\r\\n\\r\\n<p class=\\\"lead\\\">Today we stop making trash and, instead, start building living, breathing beauties that will look and act the way they were imagined.<\\/p>\\r\\n\\r\\nGood stuff! You\\u2019ve downloaded and set up Live Wires successfully on your machine. Here\'s how it works:\\r\\n\\r\\nLive Wires is a platform-agnostic design framework made with Sass that allows you to create responsive grey-box wireframes and prototypes in HTML & SCSS. You can keep all your code without needing to create static mock ups or other deliverables you end up throwing away.\",\"markdown\":\"1\",\"width\":\"c3x2\",\"pushLeft\":\"\",\"pushRight\":\"\",\"float\":\"left\",\"customClass\":\"\"}},\"new2\":{\"type\":\"text\",\"enabled\":\"1\",\"collapsed\":\"0\",\"level\":\"1\",\"fields\":{\"text\":\"###Recommended workflow\\r\\n\\r\\n####Step one\\r\\n\\r\\nBegin by creating your low-fidelity wireframes right here. This page will act as the index or home page of your project. Feel free to delete or overwrite the content on this page with your own.\\r\\n\\r\\n####Step two\\r\\n\\r\\nUse the [linked style guide](\\/guide\\/) to style your elements, components, and modules.\\r\\n\\r\\n####Step three\\r\\n\\r\\nRefine your templates and share with your team or clients as fully-responsive high-fidelity prototypes.\",\"markdown\":\"1\",\"width\":\"c3\",\"pushLeft\":\"\",\"pushRight\":\"\",\"float\":\"left\",\"customClass\":\"\"}},\"new3\":{\"type\":\"row\",\"enabled\":\"1\",\"collapsed\":\"0\",\"level\":\"0\",\"fields\":{\"colour\":\"reverse\",\"customColour\":\"#000000\",\"image\":\"\",\"rowType\":\"standard\",\"customClass\":\"\",\"anchorName\":\"\"}},\"new7\":{\"type\":\"text\",\"enabled\":\"1\",\"collapsed\":\"0\",\"level\":\"1\",\"fields\":{\"text\":\"### Support\\r\\n \\r\\nSubmit your bug reports, pull requests, and questions to [GitHub](https:\\/\\/github.com\\/louderthanten\\/livewires\\/issues).\",\"markdown\":\"1\",\"width\":\"c2\",\"pushLeft\":\"\",\"pushRight\":\"\",\"float\":\"left\",\"customClass\":\"\"}},\"new8\":{\"type\":\"text\",\"enabled\":\"1\",\"collapsed\":\"0\",\"level\":\"1\",\"fields\":{\"text\":\"###About\\r\\n\\r\\n[Follow us on Twitter](http:\\/\\/twitter.com\\/louderthanten) and stay tuned for more detailed video how-tos about this design workflow.\\r\\n\\r\\nLive Wires is built by [Louder Than Ten](https:\\/\\/louderthanten.com).\",\"markdown\":\"1\",\"width\":\"full\",\"pushLeft\":\"\",\"pushRight\":\"\",\"float\":\"left\",\"customClass\":\"\"}}},\"55\":\"Louder Than Ten\",\"56\":\" Editorial System\"}}', '2016-05-20 06:08:15', '2016-05-20 06:08:15', 'a68d898f-d341-4a80-aef1-6888bd8b4563'),
 ('18', '2', '1', '1', 'en_us', '2', '', '{\"typeId\":\"1\",\"authorId\":null,\"title\":\"Louder Than Ten Editorial System\",\"slug\":\"homepage\",\"postDate\":1431723581,\"expiryDate\":null,\"enabled\":1,\"parentId\":null,\"fields\":{\"3\":\"\",\"106\":{\"26\":{\"type\":\"row\",\"enabled\":\"1\",\"collapsed\":\"0\",\"level\":\"0\",\"fields\":{\"colour\":\"transparent\",\"customColour\":\"#000000\",\"image\":\"\",\"rowType\":\"standard\",\"customClass\":\"\",\"anchorName\":\"\"}},\"27\":{\"type\":\"text\",\"enabled\":\"1\",\"collapsed\":\"0\",\"level\":\"1\",\"fields\":{\"text\":\"##Your Live Wires playground\\r\\n\\r\\n<p class=\\\"lead\\\">Today we stop making trash and, instead, start building living, breathing beauties that will look and act the way they were imagined.<\\/p>\\r\\n\\r\\nGood stuff! You\\u2019ve downloaded and set up Live Wires successfully on your machine. Here\'s how it works:\\r\\n\\r\\nLive Wires is a platform-agnostic design framework made with Sass that allows you to create responsive grey-box wireframes and prototypes in HTML & SCSS. You can keep all your code without needing to create static mock ups or other deliverables you end up throwing away.\",\"markdown\":\"1\",\"width\":\"c3x2\",\"pushLeft\":\"\",\"pushRight\":\"\",\"float\":\"left\",\"customClass\":\"\"}},\"28\":{\"type\":\"text\",\"enabled\":\"1\",\"collapsed\":\"0\",\"level\":\"1\",\"fields\":{\"text\":\"###Recommended workflow\\r\\n\\r\\n####Step one\\r\\n\\r\\nBegin by creating your low-fidelity wireframes right here. This page will act as the index or home page of your project. Feel free to delete or overwrite the content on this page with your own.\\r\\n\\r\\n####Step two\\r\\n\\r\\nUse the [linked style guide](\\/guide\\/) to style your elements, components, and modules.\\r\\n\\r\\n####Step three\\r\\n\\r\\nRefine your templates and share with your team or clients as fully-responsive high-fidelity prototypes.\",\"markdown\":\"1\",\"width\":\"c3\",\"pushLeft\":\"\",\"pushRight\":\"\",\"float\":\"left\",\"customClass\":\"\"}},\"29\":{\"type\":\"row\",\"enabled\":\"1\",\"collapsed\":\"0\",\"level\":\"0\",\"fields\":{\"colour\":\"reverse\",\"customColour\":\"#000000\",\"image\":\"\",\"rowType\":\"standard\",\"customClass\":\"\",\"anchorName\":\"\"}},\"30\":{\"type\":\"text\",\"enabled\":\"1\",\"collapsed\":\"0\",\"level\":\"1\",\"fields\":{\"text\":\"### Support\\r\\n \\r\\nSubmit your bug reports, pull requests, and questions to [GitHub](https:\\/\\/github.com\\/louderthanten\\/livewires\\/issues).\",\"markdown\":\"1\",\"width\":\"c2\",\"pushLeft\":\"\",\"pushRight\":\"\",\"float\":\"left\",\"customClass\":\"\"}},\"31\":{\"type\":\"text\",\"enabled\":\"1\",\"collapsed\":\"0\",\"level\":\"1\",\"fields\":{\"text\":\"###About\\r\\n\\r\\n[Follow us on Twitter](http:\\/\\/twitter.com\\/louderthanten) and stay tuned for more detailed video how-tos about this design workflow.\\r\\n\\r\\nLive Wires is built by [Louder Than Ten](https:\\/\\/louderthanten.com).\",\"markdown\":\"1\",\"width\":\"c2\",\"pushLeft\":\"\",\"pushRight\":\"\",\"float\":\"left\",\"customClass\":\"\"}}},\"55\":\"Louder Than Ten\",\"56\":\" Editorial System\"}}', '2016-05-20 06:09:55', '2016-05-20 06:09:55', '3a78d307-4f27-4fc5-bed2-689fe1c1e661'),
 ('19', '2', '1', '1', 'en_us', '3', '', '{\"typeId\":\"1\",\"authorId\":null,\"title\":\"Louder Than Ten Editorial System\",\"slug\":\"homepage\",\"postDate\":1431723581,\"expiryDate\":null,\"enabled\":1,\"parentId\":null,\"fields\":{\"3\":\"\",\"106\":{\"26\":{\"type\":\"row\",\"enabled\":\"1\",\"collapsed\":\"0\",\"level\":\"0\",\"fields\":{\"colour\":\"transparent\",\"customColour\":\"#000000\",\"image\":\"\",\"rowType\":\"standard\",\"customClass\":\"\",\"anchorName\":\"\"}},\"new0\":{\"type\":\"image\",\"enabled\":\"1\",\"collapsed\":\"0\",\"level\":\"1\",\"fields\":{\"image\":\"\",\"websiteUrl\":\"\",\"width\":\"full\",\"pushLeft\":\"\",\"pushRight\":\"\",\"float\":\"left\",\"customClass\":\"\"}},\"27\":{\"type\":\"text\",\"enabled\":\"1\",\"collapsed\":\"0\",\"level\":\"1\",\"fields\":{\"text\":\"##Your Live Wires playground\\r\\n\\r\\n<p class=\\\"lead\\\">Today we stop making trash and, instead, start building living, breathing beauties that will look and act the way they were imagined.<\\/p>\\r\\n\\r\\nGood stuff! You\\u2019ve downloaded and set up Live Wires successfully on your machine. Here\'s how it works:\\r\\n\\r\\nLive Wires is a platform-agnostic design framework made with Sass that allows you to create responsive grey-box wireframes and prototypes in HTML & SCSS. You can keep all your code without needing to create static mock ups or other deliverables you end up throwing away.\",\"markdown\":\"1\",\"width\":\"c3x2\",\"pushLeft\":\"\",\"pushRight\":\"\",\"float\":\"left\",\"customClass\":\"\"}},\"28\":{\"type\":\"text\",\"enabled\":\"1\",\"collapsed\":\"0\",\"level\":\"1\",\"fields\":{\"text\":\"###Recommended workflow\\r\\n\\r\\n####Step one\\r\\n\\r\\nBegin by creating your low-fidelity wireframes right here. This page will act as the index or home page of your project. Feel free to delete or overwrite the content on this page with your own.\\r\\n\\r\\n####Step two\\r\\n\\r\\nUse the [linked style guide](\\/guide\\/) to style your elements, components, and modules.\\r\\n\\r\\n####Step three\\r\\n\\r\\nRefine your templates and share with your team or clients as fully-responsive high-fidelity prototypes.\",\"markdown\":\"1\",\"width\":\"c3\",\"pushLeft\":\"\",\"pushRight\":\"\",\"float\":\"left\",\"customClass\":\"\"}},\"29\":{\"type\":\"row\",\"enabled\":\"1\",\"collapsed\":\"0\",\"level\":\"0\",\"fields\":{\"colour\":\"reverse\",\"customColour\":\"#000000\",\"image\":\"\",\"rowType\":\"standard\",\"customClass\":\"\",\"anchorName\":\"\"}},\"30\":{\"type\":\"text\",\"enabled\":\"1\",\"collapsed\":\"0\",\"level\":\"1\",\"fields\":{\"text\":\"### Support\\r\\n \\r\\nSubmit your bug reports, pull requests, and questions to [GitHub](https:\\/\\/github.com\\/louderthanten\\/livewires\\/issues).\",\"markdown\":\"1\",\"width\":\"c2\",\"pushLeft\":\"\",\"pushRight\":\"\",\"float\":\"left\",\"customClass\":\"\"}},\"31\":{\"type\":\"text\",\"enabled\":\"1\",\"collapsed\":\"0\",\"level\":\"1\",\"fields\":{\"text\":\"###About\\r\\n\\r\\n[Follow us on Twitter](http:\\/\\/twitter.com\\/louderthanten) and stay tuned for more detailed video how-tos about this design workflow.\\r\\n\\r\\nLive Wires is built by [Louder Than Ten](https:\\/\\/louderthanten.com).\",\"markdown\":\"1\",\"width\":\"c2\",\"pushLeft\":\"\",\"pushRight\":\"\",\"float\":\"left\",\"customClass\":\"\"}}},\"55\":\"Louder Than Ten\",\"56\":\" Editorial System\"}}', '2016-05-20 06:37:23', '2016-05-20 06:37:23', '3bb82393-12ac-424a-8d2f-4e090be58c2a'),
 ('20', '2', '1', '1', 'en_us', '4', '', '{\"typeId\":\"1\",\"authorId\":null,\"title\":\"Louder Than Ten Editorial System\",\"slug\":\"homepage\",\"postDate\":1431723581,\"expiryDate\":null,\"enabled\":1,\"parentId\":null,\"fields\":{\"3\":\"\",\"106\":{\"26\":{\"type\":\"row\",\"enabled\":\"1\",\"collapsed\":\"0\",\"level\":\"0\",\"fields\":{\"colour\":\"transparent\",\"customColour\":\"#000000\",\"image\":\"\",\"rowType\":\"standard\",\"customClass\":\"\",\"anchorName\":\"\"}},\"27\":{\"type\":\"text\",\"enabled\":\"1\",\"collapsed\":\"0\",\"level\":\"1\",\"fields\":{\"text\":\"##Your Live Wires playground\\r\\n\\r\\n<p class=\\\"lead\\\">Today we stop making trash and, instead, start building living, breathing beauties that will look and act the way they were imagined.<\\/p>\\r\\n\\r\\nGood stuff! You\\u2019ve downloaded and set up Live Wires successfully on your machine. Here\'s how it works:\\r\\n\\r\\nLive Wires is a platform-agnostic design framework made with Sass that allows you to create responsive grey-box wireframes and prototypes in HTML & SCSS. You can keep all your code without needing to create static mock ups or other deliverables you end up throwing away.\",\"markdown\":\"1\",\"width\":\"c3x2\",\"pushLeft\":\"\",\"pushRight\":\"\",\"float\":\"left\",\"customClass\":\"\"}},\"28\":{\"type\":\"text\",\"enabled\":\"1\",\"collapsed\":\"0\",\"level\":\"1\",\"fields\":{\"text\":\"###Recommended workflow\\r\\n\\r\\n####Step one\\r\\n\\r\\nBegin by creating your low-fidelity wireframes right here. This page will act as the index or home page of your project. Feel free to delete or overwrite the content on this page with your own.\\r\\n\\r\\n####Step two\\r\\n\\r\\nUse the [linked style guide](\\/guide\\/) to style your elements, components, and modules.\\r\\n\\r\\n####Step three\\r\\n\\r\\nRefine your templates and share with your team or clients as fully-responsive high-fidelity prototypes.\",\"markdown\":\"1\",\"width\":\"c3\",\"pushLeft\":\"\",\"pushRight\":\"\",\"float\":\"left\",\"customClass\":\"\"}},\"29\":{\"type\":\"row\",\"enabled\":\"1\",\"collapsed\":\"0\",\"level\":\"0\",\"fields\":{\"colour\":\"reverse\",\"customColour\":\"#000000\",\"image\":\"\",\"rowType\":\"standard\",\"customClass\":\"\",\"anchorName\":\"\"}},\"30\":{\"type\":\"text\",\"enabled\":\"1\",\"collapsed\":\"0\",\"level\":\"1\",\"fields\":{\"text\":\"### Support\\r\\n \\r\\nSubmit your bug reports, pull requests, and questions to [GitHub](https:\\/\\/github.com\\/louderthanten\\/livewires\\/issues).\",\"markdown\":\"1\",\"width\":\"c2\",\"pushLeft\":\"\",\"pushRight\":\"\",\"float\":\"left\",\"customClass\":\"\"}},\"31\":{\"type\":\"text\",\"enabled\":\"1\",\"collapsed\":\"0\",\"level\":\"1\",\"fields\":{\"text\":\"###About\\r\\n\\r\\n[Follow us on Twitter](http:\\/\\/twitter.com\\/louderthanten) and stay tuned for more detailed video how-tos about this design workflow.\\r\\n\\r\\nLive Wires is built by [Louder Than Ten](https:\\/\\/louderthanten.com).\",\"markdown\":\"1\",\"width\":\"c2\",\"pushLeft\":\"\",\"pushRight\":\"\",\"float\":\"left\",\"customClass\":\"\"}}},\"55\":\"Louder Than Ten\",\"56\":\" Editorial System\"}}', '2016-05-20 06:41:05', '2016-05-20 06:41:05', '99a6a556-c608-406b-85bf-202f35f3dbf7'),
 ('21', '2', '1', '1', 'en_us', '5', '', '{\"typeId\":\"1\",\"authorId\":null,\"title\":\"Louder Than Ten Editorial System\",\"slug\":\"homepage\",\"postDate\":1431723581,\"expiryDate\":null,\"enabled\":1,\"parentId\":null,\"fields\":{\"3\":\"\",\"106\":{\"26\":{\"type\":\"row\",\"enabled\":\"1\",\"collapsed\":\"0\",\"level\":\"0\",\"fields\":{\"colour\":\"transparent\",\"customColour\":\"#000000\",\"image\":\"\",\"rowType\":\"standard\",\"customClass\":\"\",\"anchorName\":\"\"}},\"new0\":{\"type\":\"image\",\"enabled\":\"1\",\"collapsed\":\"0\",\"level\":\"1\",\"fields\":{\"image\":\"\",\"websiteUrl\":\"\",\"width\":\"full\",\"pushLeft\":\"\",\"pushRight\":\"\",\"float\":\"left\",\"customClass\":\"\"}},\"27\":{\"type\":\"text\",\"enabled\":\"1\",\"collapsed\":\"0\",\"level\":\"1\",\"fields\":{\"text\":\"##Your Live Wires playground\\r\\n\\r\\n<p class=\\\"lead\\\">Today we stop making trash and, instead, start building living, breathing beauties that will look and act the way they were imagined.<\\/p>\\r\\n\\r\\nGood stuff! You\\u2019ve downloaded and set up Live Wires successfully on your machine. Here\'s how it works:\\r\\n\\r\\nLive Wires is a platform-agnostic design framework made with Sass that allows you to create responsive grey-box wireframes and prototypes in HTML & SCSS. You can keep all your code without needing to create static mock ups or other deliverables you end up throwing away.\",\"markdown\":\"1\",\"width\":\"c3x2\",\"pushLeft\":\"\",\"pushRight\":\"\",\"float\":\"left\",\"customClass\":\"\"}},\"28\":{\"type\":\"text\",\"enabled\":\"1\",\"collapsed\":\"0\",\"level\":\"1\",\"fields\":{\"text\":\"###Recommended workflow\\r\\n\\r\\n####Step one\\r\\n\\r\\nBegin by creating your low-fidelity wireframes right here. This page will act as the index or home page of your project. Feel free to delete or overwrite the content on this page with your own.\\r\\n\\r\\n####Step two\\r\\n\\r\\nUse the [linked style guide](\\/guide\\/) to style your elements, components, and modules.\\r\\n\\r\\n####Step three\\r\\n\\r\\nRefine your templates and share with your team or clients as fully-responsive high-fidelity prototypes.\",\"markdown\":\"1\",\"width\":\"c3\",\"pushLeft\":\"\",\"pushRight\":\"\",\"float\":\"left\",\"customClass\":\"\"}},\"29\":{\"type\":\"row\",\"enabled\":\"1\",\"collapsed\":\"0\",\"level\":\"0\",\"fields\":{\"colour\":\"reverse\",\"customColour\":\"#000000\",\"image\":\"\",\"rowType\":\"standard\",\"customClass\":\"\",\"anchorName\":\"\"}},\"30\":{\"type\":\"text\",\"enabled\":\"1\",\"collapsed\":\"0\",\"level\":\"1\",\"fields\":{\"text\":\"### Support\\r\\n \\r\\nSubmit your bug reports, pull requests, and questions to [GitHub](https:\\/\\/github.com\\/louderthanten\\/livewires\\/issues).\",\"markdown\":\"1\",\"width\":\"c2\",\"pushLeft\":\"\",\"pushRight\":\"\",\"float\":\"left\",\"customClass\":\"\"}},\"31\":{\"type\":\"text\",\"enabled\":\"1\",\"collapsed\":\"0\",\"level\":\"1\",\"fields\":{\"text\":\"###About\\r\\n\\r\\n[Follow us on Twitter](http:\\/\\/twitter.com\\/louderthanten) and stay tuned for more detailed video how-tos about this design workflow.\\r\\n\\r\\nLive Wires is built by [Louder Than Ten](https:\\/\\/louderthanten.com).\",\"markdown\":\"1\",\"width\":\"c2\",\"pushLeft\":\"\",\"pushRight\":\"\",\"float\":\"left\",\"customClass\":\"\"}}},\"55\":\"Louder Than Ten\",\"56\":\" Editorial System\"}}', '2016-05-20 06:47:15', '2016-05-20 06:47:15', '33a57fbc-3393-4fb4-9ff0-c01c4525dcb9'),
 ('22', '2', '1', '1', 'en_us', '6', '', '{\"typeId\":\"1\",\"authorId\":null,\"title\":\"Louder Than Ten Editorial System\",\"slug\":\"homepage\",\"postDate\":1431723581,\"expiryDate\":null,\"enabled\":1,\"parentId\":null,\"fields\":{\"3\":\"\",\"106\":{\"26\":{\"type\":\"row\",\"enabled\":\"1\",\"collapsed\":\"0\",\"level\":\"0\",\"fields\":{\"colour\":\"transparent\",\"customColour\":\"#000000\",\"image\":\"\",\"rowType\":\"standard\",\"customClass\":\"\",\"anchorName\":\"\"}},\"33\":{\"type\":\"image\",\"enabled\":\"1\",\"collapsed\":\"0\",\"level\":\"1\",\"fields\":{\"image\":\"\",\"websiteUrl\":\"\",\"width\":\"full\",\"pushLeft\":\"\",\"pushRight\":\"\",\"float\":\"left\",\"placeholderSize\":\"800x600\",\"placeholderText\":\"Hero\",\"customClass\":\"\"}},\"27\":{\"type\":\"text\",\"enabled\":\"1\",\"collapsed\":\"0\",\"level\":\"1\",\"fields\":{\"text\":\"##Your Live Wires playground\\r\\n\\r\\n<p class=\\\"lead\\\">Today we stop making trash and, instead, start building living, breathing beauties that will look and act the way they were imagined.<\\/p>\\r\\n\\r\\nGood stuff! You\\u2019ve downloaded and set up Live Wires successfully on your machine. Here\'s how it works:\\r\\n\\r\\nLive Wires is a platform-agnostic design framework made with Sass that allows you to create responsive grey-box wireframes and prototypes in HTML & SCSS. You can keep all your code without needing to create static mock ups or other deliverables you end up throwing away.\",\"markdown\":\"1\",\"width\":\"c3x2\",\"pushLeft\":\"\",\"pushRight\":\"\",\"float\":\"left\",\"customClass\":\"\"}},\"28\":{\"type\":\"text\",\"enabled\":\"1\",\"collapsed\":\"0\",\"level\":\"1\",\"fields\":{\"text\":\"###Recommended workflow\\r\\n\\r\\n####Step one\\r\\n\\r\\nBegin by creating your low-fidelity wireframes right here. This page will act as the index or home page of your project. Feel free to delete or overwrite the content on this page with your own.\\r\\n\\r\\n####Step two\\r\\n\\r\\nUse the [linked style guide](\\/guide\\/) to style your elements, components, and modules.\\r\\n\\r\\n####Step three\\r\\n\\r\\nRefine your templates and share with your team or clients as fully-responsive high-fidelity prototypes.\",\"markdown\":\"1\",\"width\":\"c3\",\"pushLeft\":\"\",\"pushRight\":\"\",\"float\":\"left\",\"customClass\":\"\"}},\"29\":{\"type\":\"row\",\"enabled\":\"1\",\"collapsed\":\"0\",\"level\":\"0\",\"fields\":{\"colour\":\"reverse\",\"customColour\":\"#000000\",\"image\":\"\",\"rowType\":\"standard\",\"customClass\":\"\",\"anchorName\":\"\"}},\"30\":{\"type\":\"text\",\"enabled\":\"1\",\"collapsed\":\"0\",\"level\":\"1\",\"fields\":{\"text\":\"### Support\\r\\n \\r\\nSubmit your bug reports, pull requests, and questions to [GitHub](https:\\/\\/github.com\\/louderthanten\\/livewires\\/issues).\",\"markdown\":\"1\",\"width\":\"c2\",\"pushLeft\":\"\",\"pushRight\":\"\",\"float\":\"left\",\"customClass\":\"\"}},\"31\":{\"type\":\"text\",\"enabled\":\"1\",\"collapsed\":\"0\",\"level\":\"1\",\"fields\":{\"text\":\"###About\\r\\n\\r\\n[Follow us on Twitter](http:\\/\\/twitter.com\\/louderthanten) and stay tuned for more detailed video how-tos about this design workflow.\\r\\n\\r\\nLive Wires is built by [Louder Than Ten](https:\\/\\/louderthanten.com).\",\"markdown\":\"1\",\"width\":\"c2\",\"pushLeft\":\"\",\"pushRight\":\"\",\"float\":\"left\",\"customClass\":\"\"}}},\"55\":\"Louder Than Ten\",\"56\":\" Editorial System\"}}', '2016-05-20 06:59:56', '2016-05-20 06:59:56', '78ac4d4b-a441-4a50-8b99-cac6a41fade5'),
 ('23', '2', '1', '1', 'en_us', '7', '', '{\"typeId\":\"1\",\"authorId\":null,\"title\":\"Louder Than Ten Editorial System\",\"slug\":\"homepage\",\"postDate\":1431723581,\"expiryDate\":null,\"enabled\":1,\"parentId\":null,\"fields\":{\"3\":\"\",\"106\":{\"26\":{\"type\":\"row\",\"enabled\":\"1\",\"collapsed\":\"0\",\"level\":\"0\",\"fields\":{\"colour\":\"transparent\",\"customColour\":\"#000000\",\"image\":\"\",\"rowType\":\"standard\",\"customClass\":\"\",\"anchorName\":\"\"}},\"33\":{\"type\":\"image\",\"enabled\":\"1\",\"collapsed\":\"0\",\"level\":\"1\",\"fields\":{\"image\":\"\",\"websiteUrl\":\"\",\"width\":\"full\",\"pushLeft\":\"\",\"pushRight\":\"\",\"float\":\"left\",\"placeholderSize\":\"800x600\",\"placeholderText\":\"Hero\",\"customClass\":\"mb2\"}},\"27\":{\"type\":\"text\",\"enabled\":\"1\",\"collapsed\":\"0\",\"level\":\"1\",\"fields\":{\"text\":\"##Your Live Wires playground\\r\\n\\r\\n<p class=\\\"lead\\\">Today we stop making trash and, instead, start building living, breathing beauties that will look and act the way they were imagined.<\\/p>\\r\\n\\r\\nGood stuff! You\\u2019ve downloaded and set up Live Wires successfully on your machine. Here\'s how it works:\\r\\n\\r\\nLive Wires is a platform-agnostic design framework made with Sass that allows you to create responsive grey-box wireframes and prototypes in HTML & SCSS. You can keep all your code without needing to create static mock ups or other deliverables you end up throwing away.\",\"markdown\":\"1\",\"width\":\"c3x2\",\"pushLeft\":\"\",\"pushRight\":\"\",\"float\":\"left\",\"customClass\":\"\"}},\"28\":{\"type\":\"text\",\"enabled\":\"1\",\"collapsed\":\"0\",\"level\":\"1\",\"fields\":{\"text\":\"###Recommended workflow\\r\\n\\r\\n####Step one\\r\\n\\r\\nBegin by creating your low-fidelity wireframes right here. This page will act as the index or home page of your project. Feel free to delete or overwrite the content on this page with your own.\\r\\n\\r\\n####Step two\\r\\n\\r\\nUse the [linked style guide](\\/guide\\/) to style your elements, components, and modules.\\r\\n\\r\\n####Step three\\r\\n\\r\\nRefine your templates and share with your team or clients as fully-responsive high-fidelity prototypes.\",\"markdown\":\"1\",\"width\":\"c3\",\"pushLeft\":\"\",\"pushRight\":\"\",\"float\":\"left\",\"customClass\":\"\"}},\"29\":{\"type\":\"row\",\"enabled\":\"1\",\"collapsed\":\"0\",\"level\":\"0\",\"fields\":{\"colour\":\"reverse\",\"customColour\":\"#000000\",\"image\":\"\",\"rowType\":\"standard\",\"customClass\":\"\",\"anchorName\":\"\"}},\"30\":{\"type\":\"text\",\"enabled\":\"1\",\"collapsed\":\"0\",\"level\":\"1\",\"fields\":{\"text\":\"### Support\\r\\n \\r\\nSubmit your bug reports, pull requests, and questions to [GitHub](https:\\/\\/github.com\\/louderthanten\\/livewires\\/issues).\",\"markdown\":\"1\",\"width\":\"c2\",\"pushLeft\":\"\",\"pushRight\":\"\",\"float\":\"left\",\"customClass\":\"\"}},\"31\":{\"type\":\"text\",\"enabled\":\"1\",\"collapsed\":\"0\",\"level\":\"1\",\"fields\":{\"text\":\"###About\\r\\n\\r\\n[Follow us on Twitter](http:\\/\\/twitter.com\\/louderthanten) and stay tuned for more detailed video how-tos about this design workflow.\\r\\n\\r\\nLive Wires is built by [Louder Than Ten](https:\\/\\/louderthanten.com).\",\"markdown\":\"1\",\"width\":\"c2\",\"pushLeft\":\"\",\"pushRight\":\"\",\"float\":\"left\",\"customClass\":\"\"}}},\"55\":\"Louder Than Ten\",\"56\":\" Editorial System\"}}', '2016-05-20 07:00:30', '2016-05-20 07:00:30', '3971e542-316d-4dda-8466-1284c72c120c'),
 ('24', '2', '1', '1', 'en_us', '8', '', '{\"typeId\":\"1\",\"authorId\":null,\"title\":\"Louder Than Ten Editorial System\",\"slug\":\"homepage\",\"postDate\":1431723581,\"expiryDate\":null,\"enabled\":1,\"parentId\":null,\"fields\":{\"3\":\"\",\"106\":{\"26\":{\"type\":\"row\",\"enabled\":\"1\",\"collapsed\":\"0\",\"level\":\"0\",\"fields\":{\"colour\":\"transparent\",\"customColour\":\"#000000\",\"image\":\"\",\"rowType\":\"standard\",\"customClass\":\"\",\"anchorName\":\"\"}},\"new0\":{\"type\":\"image\",\"enabled\":\"1\",\"collapsed\":\"0\",\"level\":\"1\",\"fields\":{\"image\":\"\",\"websiteUrl\":\"\",\"width\":\"c3x2\",\"pushLeft\":\"\",\"pushRight\":\"pr3\",\"float\":\"left\",\"placeholderSize\":\"2400x1200\",\"placeholderText\":\"\",\"customClass\":\"\"}},\"27\":{\"type\":\"text\",\"enabled\":\"1\",\"collapsed\":\"0\",\"level\":\"1\",\"fields\":{\"text\":\"##Your Live Wires playground\\r\\n\\r\\n<p class=\\\"lead\\\">Today we stop making trash and, instead, start building living, breathing beauties that will look and act the way they were imagined.<\\/p>\\r\\n\\r\\nGood stuff! You\\u2019ve downloaded and set up Live Wires successfully on your machine. Here\'s how it works:\\r\\n\\r\\nLive Wires is a platform-agnostic design framework made with Sass that allows you to create responsive grey-box wireframes and prototypes in HTML & SCSS. You can keep all your code without needing to create static mock ups or other deliverables you end up throwing away.\",\"markdown\":\"1\",\"width\":\"c3x2\",\"pushLeft\":\"\",\"pushRight\":\"\",\"float\":\"left\",\"customClass\":\"\"}},\"28\":{\"type\":\"text\",\"enabled\":\"1\",\"collapsed\":\"0\",\"level\":\"1\",\"fields\":{\"text\":\"###Recommended workflow\\r\\n\\r\\n####Step one\\r\\n\\r\\nBegin by creating your low-fidelity wireframes right here. This page will act as the index or home page of your project. Feel free to delete or overwrite the content on this page with your own.\\r\\n\\r\\n####Step two\\r\\n\\r\\nUse the [linked style guide](\\/guide\\/) to style your elements, components, and modules.\\r\\n\\r\\n####Step three\\r\\n\\r\\nRefine your templates and share with your team or clients as fully-responsive high-fidelity prototypes.\",\"markdown\":\"1\",\"width\":\"c3\",\"pushLeft\":\"\",\"pushRight\":\"\",\"float\":\"left\",\"customClass\":\"\"}},\"29\":{\"type\":\"row\",\"enabled\":\"1\",\"collapsed\":\"0\",\"level\":\"0\",\"fields\":{\"colour\":\"reverse\",\"customColour\":\"#000000\",\"image\":\"\",\"rowType\":\"standard\",\"customClass\":\"\",\"anchorName\":\"\"}},\"30\":{\"type\":\"text\",\"enabled\":\"1\",\"collapsed\":\"0\",\"level\":\"1\",\"fields\":{\"text\":\"### Support\\r\\n \\r\\nSubmit your bug reports, pull requests, and questions to [GitHub](https:\\/\\/github.com\\/louderthanten\\/livewires\\/issues).\",\"markdown\":\"1\",\"width\":\"c2\",\"pushLeft\":\"\",\"pushRight\":\"\",\"float\":\"left\",\"customClass\":\"\"}},\"31\":{\"type\":\"text\",\"enabled\":\"1\",\"collapsed\":\"0\",\"level\":\"1\",\"fields\":{\"text\":\"###About\\r\\n\\r\\n[Follow us on Twitter](http:\\/\\/twitter.com\\/louderthanten) and stay tuned for more detailed video how-tos about this design workflow.\\r\\n\\r\\nLive Wires is built by [Louder Than Ten](https:\\/\\/louderthanten.com).\",\"markdown\":\"1\",\"width\":\"c2\",\"pushLeft\":\"\",\"pushRight\":\"\",\"float\":\"left\",\"customClass\":\"\"}}},\"55\":\"Louder Than Ten\",\"56\":\" Editorial System\"}}', '2016-05-20 07:01:41', '2016-05-20 07:01:41', 'ade989c6-1ee8-4be0-95f9-fae2be151a66'),
 ('25', '2', '1', '1', 'en_us', '9', '', '{\"typeId\":\"1\",\"authorId\":null,\"title\":\"Louder Than Ten Editorial System\",\"slug\":\"homepage\",\"postDate\":1431723581,\"expiryDate\":null,\"enabled\":1,\"parentId\":null,\"fields\":{\"3\":{\"new1\":{\"type\":\"typography\",\"enabled\":\"1\",\"fields\":{\"primaryHeadingFont\":\"sans-serif;\",\"primaryHeadingSize\":\"5rem\",\"primaryHeadingWeight\":\"100\",\"primaryHeadingItalics\":\"\",\"primaryHeadingUppercase\":\"\",\"hidePrimaryHeading\":\"\"}}},\"106\":{\"26\":{\"type\":\"row\",\"enabled\":\"1\",\"collapsed\":\"0\",\"level\":\"0\",\"fields\":{\"colour\":\"transparent\",\"customColour\":\"#000000\",\"image\":\"\",\"rowType\":\"standard\",\"customClass\":\"\",\"anchorName\":\"\"}},\"34\":{\"type\":\"image\",\"enabled\":\"1\",\"collapsed\":\"0\",\"level\":\"1\",\"fields\":{\"image\":\"\",\"websiteUrl\":\"\",\"width\":\"c3x2\",\"pushLeft\":\"\",\"pushRight\":\"pr3\",\"float\":\"left\",\"placeholderSize\":\"2400x1200\",\"placeholderText\":\"\",\"customClass\":\"\"}},\"27\":{\"type\":\"text\",\"enabled\":\"1\",\"collapsed\":\"0\",\"level\":\"1\",\"fields\":{\"text\":\"##Your Live Wires playground\\r\\n\\r\\n<p class=\\\"lead\\\">Today we stop making trash and, instead, start building living, breathing beauties that will look and act the way they were imagined.<\\/p>\\r\\n\\r\\nGood stuff! You\\u2019ve downloaded and set up Live Wires successfully on your machine. Here\'s how it works:\\r\\n\\r\\nLive Wires is a platform-agnostic design framework made with Sass that allows you to create responsive grey-box wireframes and prototypes in HTML & SCSS. You can keep all your code without needing to create static mock ups or other deliverables you end up throwing away.\",\"markdown\":\"1\",\"width\":\"c3x2\",\"pushLeft\":\"\",\"pushRight\":\"\",\"float\":\"left\",\"customClass\":\"\"}},\"28\":{\"type\":\"text\",\"enabled\":\"1\",\"collapsed\":\"0\",\"level\":\"1\",\"fields\":{\"text\":\"###Recommended workflow\\r\\n\\r\\n####Step one\\r\\n\\r\\nBegin by creating your low-fidelity wireframes right here. This page will act as the index or home page of your project. Feel free to delete or overwrite the content on this page with your own.\\r\\n\\r\\n####Step two\\r\\n\\r\\nUse the [linked style guide](\\/guide\\/) to style your elements, components, and modules.\\r\\n\\r\\n####Step three\\r\\n\\r\\nRefine your templates and share with your team or clients as fully-responsive high-fidelity prototypes.\",\"markdown\":\"1\",\"width\":\"c3\",\"pushLeft\":\"\",\"pushRight\":\"\",\"float\":\"left\",\"customClass\":\"\"}},\"29\":{\"type\":\"row\",\"enabled\":\"1\",\"collapsed\":\"0\",\"level\":\"0\",\"fields\":{\"colour\":\"reverse\",\"customColour\":\"#000000\",\"image\":\"\",\"rowType\":\"standard\",\"customClass\":\"\",\"anchorName\":\"\"}},\"30\":{\"type\":\"text\",\"enabled\":\"1\",\"collapsed\":\"0\",\"level\":\"1\",\"fields\":{\"text\":\"### Support\\r\\n \\r\\nSubmit your bug reports, pull requests, and questions to [GitHub](https:\\/\\/github.com\\/louderthanten\\/livewires\\/issues).\",\"markdown\":\"1\",\"width\":\"c2\",\"pushLeft\":\"\",\"pushRight\":\"\",\"float\":\"left\",\"customClass\":\"\"}},\"31\":{\"type\":\"text\",\"enabled\":\"1\",\"collapsed\":\"0\",\"level\":\"1\",\"fields\":{\"text\":\"###About\\r\\n\\r\\n[Follow us on Twitter](http:\\/\\/twitter.com\\/louderthanten) and stay tuned for more detailed video how-tos about this design workflow.\\r\\n\\r\\nLive Wires is built by [Louder Than Ten](https:\\/\\/louderthanten.com).\",\"markdown\":\"1\",\"width\":\"c2\",\"pushLeft\":\"\",\"pushRight\":\"\",\"float\":\"left\",\"customClass\":\"\"}}},\"55\":\"Louder Than Ten\",\"56\":\" Editorial System\"}}', '2016-05-20 07:02:05', '2016-05-20 07:02:05', '49d4d2b2-6e3c-475a-8513-59427ff185ac'),
 ('26', '2', '1', '1', 'en_us', '10', '', '{\"typeId\":\"1\",\"authorId\":null,\"title\":\"Louder Than Ten Editorial System\",\"slug\":\"homepage\",\"postDate\":1431723581,\"expiryDate\":null,\"enabled\":1,\"parentId\":null,\"fields\":{\"3\":{\"35\":{\"type\":\"typography\",\"enabled\":\"1\",\"fields\":{\"primaryHeadingFont\":\"sans-serif;\",\"primaryHeadingSize\":\"5rem\",\"primaryHeadingWeight\":\"100\",\"primaryHeadingItalics\":\"\",\"primaryHeadingUppercase\":\"\",\"hidePrimaryHeading\":\"\"}}},\"106\":{\"26\":{\"type\":\"row\",\"enabled\":\"1\",\"collapsed\":\"0\",\"level\":\"0\",\"fields\":{\"colour\":\"transparent\",\"customColour\":\"#000000\",\"image\":\"\",\"rowType\":\"standard\",\"customClass\":\"\",\"anchorName\":\"\"}},\"34\":{\"type\":\"image\",\"enabled\":\"1\",\"collapsed\":\"0\",\"level\":\"1\",\"fields\":{\"image\":\"\",\"websiteUrl\":\"\",\"width\":\"c3x2\",\"pushLeft\":\"\",\"pushRight\":\"pr3\",\"float\":\"left\",\"placeholderSize\":\"2400x1200\",\"placeholderText\":\"\",\"customClass\":\"\"}},\"27\":{\"type\":\"text\",\"enabled\":\"1\",\"collapsed\":\"0\",\"level\":\"1\",\"fields\":{\"text\":\"##Your Live Wires playground\\r\\n\\r\\n<p class=\\\"lead\\\">Today we stop making trash and, instead, start building living, breathing beauties that will look and act the way they were imagined.<\\/p>\\r\\n\\r\\nGood stuff! You\\u2019ve downloaded and set up Live Wires successfully on your machine. Here\'s how it works:\\r\\n\\r\\nLive Wires is a platform-agnostic design framework made with Sass that allows you to create responsive grey-box wireframes and prototypes in HTML & SCSS. You can keep all your code without needing to create static mock ups or other deliverables you end up throwing away.\",\"markdown\":\"1\",\"width\":\"c3x2\",\"pushLeft\":\"\",\"pushRight\":\"\",\"float\":\"left\",\"customClass\":\"\"}},\"28\":{\"type\":\"text\",\"enabled\":\"1\",\"collapsed\":\"0\",\"level\":\"1\",\"fields\":{\"text\":\"###Recommended workflow\\r\\n\\r\\n####Step one\\r\\n\\r\\nBegin by creating your low-fidelity wireframes right here. This page will act as the index or home page of your project. Feel free to delete or overwrite the content on this page with your own.\\r\\n\\r\\n####Step two\\r\\n\\r\\nUse the [linked style guide](\\/guide\\/) to style your elements, components, and modules.\\r\\n\\r\\n####Step three\\r\\n\\r\\nRefine your templates and share with your team or clients as fully-responsive high-fidelity prototypes.\",\"markdown\":\"1\",\"width\":\"c3\",\"pushLeft\":\"\",\"pushRight\":\"\",\"float\":\"left\",\"customClass\":\"\"}},\"29\":{\"type\":\"row\",\"enabled\":\"1\",\"collapsed\":\"0\",\"level\":\"0\",\"fields\":{\"colour\":\"reverse\",\"customColour\":\"#000000\",\"image\":\"\",\"rowType\":\"standard\",\"customClass\":\"\",\"anchorName\":\"\"}},\"30\":{\"type\":\"text\",\"enabled\":\"1\",\"collapsed\":\"0\",\"level\":\"1\",\"fields\":{\"text\":\"### Support\\r\\n \\r\\nSubmit your bug reports, pull requests, and questions to [GitHub](https:\\/\\/github.com\\/louderthanten\\/livewires\\/issues).\",\"markdown\":\"1\",\"width\":\"c2\",\"pushLeft\":\"\",\"pushRight\":\"\",\"float\":\"left\",\"customClass\":\"\"}},\"31\":{\"type\":\"text\",\"enabled\":\"1\",\"collapsed\":\"0\",\"level\":\"1\",\"fields\":{\"text\":\"###About\\r\\n\\r\\n[Follow us on Twitter](http:\\/\\/twitter.com\\/louderthanten) and stay tuned for more detailed video how-tos about this design workflow.\\r\\n\\r\\nLive Wires is built by [Louder Than Ten](https:\\/\\/louderthanten.com).\",\"markdown\":\"1\",\"width\":\"c2\",\"pushLeft\":\"\",\"pushRight\":\"\",\"float\":\"left\",\"customClass\":\"\"}}},\"55\":\"Louder Than Ten\",\"56\":\" Editorial System\"}}', '2016-05-20 07:07:29', '2016-05-20 07:07:29', 'b27d68da-c1f5-4881-a304-f03282b76fb2'),
 ('27', '2', '1', '1', 'en_us', '11', '', '{\"typeId\":\"1\",\"authorId\":null,\"title\":\"Louder Than Ten Editorial System\",\"slug\":\"homepage\",\"postDate\":1463728147,\"expiryDate\":null,\"enabled\":1,\"parentId\":null,\"fields\":{\"3\":{\"35\":{\"type\":\"typography\",\"enabled\":\"1\",\"fields\":{\"primaryHeadingFont\":\"Georgia, serif;\",\"primaryHeadingSize\":\"3rem\",\"primaryHeadingWeight\":\"700\",\"primaryHeadingItalics\":\"\",\"primaryHeadingUppercase\":\"\",\"hidePrimaryHeading\":\"\"}}},\"106\":{\"26\":{\"type\":\"row\",\"enabled\":\"1\",\"collapsed\":\"0\",\"level\":\"0\",\"fields\":{\"colour\":\"transparent\",\"customColour\":\"#000000\",\"image\":\"\",\"rowType\":\"standard\",\"customClass\":\"\",\"anchorName\":\"\"}},\"34\":{\"type\":\"image\",\"enabled\":\"1\",\"collapsed\":\"0\",\"level\":\"1\",\"fields\":{\"image\":\"\",\"websiteUrl\":\"\",\"width\":\"c3x2\",\"pushLeft\":\"\",\"pushRight\":\"pr3\",\"float\":\"left\",\"placeholderSize\":\"2400x1200\",\"placeholderText\":\"\",\"customClass\":\"\"}},\"27\":{\"type\":\"text\",\"enabled\":\"1\",\"collapsed\":\"0\",\"level\":\"1\",\"fields\":{\"text\":\"##Your Live Wires playground\\r\\n\\r\\n<p class=\\\"lead\\\">Today we stop making trash and, instead, start building living, breathing beauties that will look and act the way they were imagined.<\\/p>\\r\\n\\r\\nGood stuff! You\\u2019ve downloaded and set up Live Wires successfully on your machine. Here\'s how it works:\\r\\n\\r\\nLive Wires is a platform-agnostic design framework made with Sass that allows you to create responsive grey-box wireframes and prototypes in HTML & SCSS. You can keep all your code without needing to create static mock ups or other deliverables you end up throwing away.\",\"markdown\":\"1\",\"width\":\"c3x2\",\"pushLeft\":\"\",\"pushRight\":\"\",\"float\":\"left\",\"customClass\":\"\"}},\"28\":{\"type\":\"text\",\"enabled\":\"1\",\"collapsed\":\"0\",\"level\":\"1\",\"fields\":{\"text\":\"###Recommended workflow\\r\\n\\r\\n####Step one\\r\\n\\r\\nBegin by creating your low-fidelity wireframes right here. This page will act as the index or home page of your project. Feel free to delete or overwrite the content on this page with your own.\\r\\n\\r\\n####Step two\\r\\n\\r\\nUse the [linked style guide](\\/guide\\/) to style your elements, components, and modules.\\r\\n\\r\\n####Step three\\r\\n\\r\\nRefine your templates and share with your team or clients as fully-responsive high-fidelity prototypes.\",\"markdown\":\"1\",\"width\":\"c3\",\"pushLeft\":\"\",\"pushRight\":\"\",\"float\":\"left\",\"customClass\":\"\"}},\"29\":{\"type\":\"row\",\"enabled\":\"1\",\"collapsed\":\"0\",\"level\":\"0\",\"fields\":{\"colour\":\"reverse\",\"customColour\":\"#000000\",\"image\":\"\",\"rowType\":\"standard\",\"customClass\":\"\",\"anchorName\":\"\"}},\"30\":{\"type\":\"text\",\"enabled\":\"1\",\"collapsed\":\"0\",\"level\":\"1\",\"fields\":{\"text\":\"### Support\\r\\n \\r\\nSubmit your bug reports, pull requests, and questions to [GitHub](https:\\/\\/github.com\\/louderthanten\\/livewires\\/issues).\",\"markdown\":\"1\",\"width\":\"c2\",\"pushLeft\":\"\",\"pushRight\":\"\",\"float\":\"left\",\"customClass\":\"\"}},\"31\":{\"type\":\"text\",\"enabled\":\"1\",\"collapsed\":\"0\",\"level\":\"1\",\"fields\":{\"text\":\"###About\\r\\n\\r\\n[Follow us on Twitter](http:\\/\\/twitter.com\\/louderthanten) and stay tuned for more detailed video how-tos about this design workflow.\\r\\n\\r\\nLive Wires is built by [Louder Than Ten](https:\\/\\/louderthanten.com).\",\"markdown\":\"1\",\"width\":\"c2\",\"pushLeft\":\"\",\"pushRight\":\"\",\"float\":\"left\",\"customClass\":\"\"}}},\"55\":\"Louder Than Ten\",\"56\":\" Editorial System\"}}', '2016-05-20 07:10:38', '2016-05-20 07:10:38', 'd16cf0b2-83b9-4a7a-99cb-c6e5d2fe4a95'),
 ('28', '2', '1', '1', 'en_us', '12', '', '{\"typeId\":\"1\",\"authorId\":null,\"title\":\"Louder Than Ten Editorial System\",\"slug\":\"homepage\",\"postDate\":1463728490,\"expiryDate\":null,\"enabled\":1,\"parentId\":null,\"fields\":{\"3\":{\"35\":{\"type\":\"typography\",\"enabled\":\"1\",\"fields\":{\"primaryHeadingFont\":\"Georgia, serif;\",\"primaryHeadingSize\":\"3rem\",\"primaryHeadingWeight\":\"700\",\"primaryHeadingItalics\":\"\",\"primaryHeadingUppercase\":\"\",\"hidePrimaryHeading\":\"\"}}},\"106\":{\"26\":{\"type\":\"row\",\"enabled\":\"1\",\"collapsed\":\"0\",\"level\":\"0\",\"fields\":{\"colour\":\"transparent\",\"customColour\":\"#000000\",\"image\":\"\",\"rowType\":\"standard\",\"customClass\":\"\",\"anchorName\":\"\"}},\"34\":{\"type\":\"image\",\"enabled\":\"1\",\"collapsed\":\"0\",\"level\":\"1\",\"fields\":{\"image\":\"\",\"websiteUrl\":\"\",\"width\":\"c3x2\",\"pushLeft\":\"\",\"pushRight\":\"pr3\",\"float\":\"left\",\"placeholderSize\":\"2400x1200\",\"placeholderText\":\"\",\"customClass\":\"\"}},\"27\":{\"type\":\"text\",\"enabled\":\"1\",\"collapsed\":\"0\",\"level\":\"1\",\"fields\":{\"text\":\"##Your Live Wires playground\\r\\n\\r\\n<p class=\\\"lead\\\">Today we stop making trash and, instead, start building living, breathing beauties that will look and act the way they were imagined.<\\/p>\\r\\n\\r\\nGood stuff! You\\u2019ve downloaded and set up Live Wires successfully on your machine. Here\'s how it works:\\r\\n\\r\\nLive Wires is a platform-agnostic design framework made with Sass that allows you to create responsive grey-box wireframes and prototypes in HTML & SCSS. You can keep all your code without needing to create static mock ups or other deliverables you end up throwing away.\",\"markdown\":\"1\",\"width\":\"c3x2\",\"pushLeft\":\"\",\"pushRight\":\"\",\"float\":\"left\",\"customClass\":\"\"}},\"28\":{\"type\":\"text\",\"enabled\":\"1\",\"collapsed\":\"0\",\"level\":\"1\",\"fields\":{\"text\":\"###Recommended workflow\\r\\n\\r\\n####Step one\\r\\n\\r\\nBegin by creating your low-fidelity wireframes right here. This page will act as the index or home page of your project. Feel free to delete or overwrite the content on this page with your own.\\r\\n\\r\\n####Step two\\r\\n\\r\\nUse the [linked style guide](\\/guide\\/) to style your elements, components, and modules.\\r\\n\\r\\n####Step three\\r\\n\\r\\nRefine your templates and share with your team or clients as fully-responsive high-fidelity prototypes.\",\"markdown\":\"1\",\"width\":\"c3\",\"pushLeft\":\"\",\"pushRight\":\"\",\"float\":\"left\",\"customClass\":\"\"}},\"29\":{\"type\":\"row\",\"enabled\":\"1\",\"collapsed\":\"0\",\"level\":\"0\",\"fields\":{\"colour\":\"reverse\",\"customColour\":\"#000000\",\"image\":\"\",\"rowType\":\"standard\",\"customClass\":\"\",\"anchorName\":\"\"}},\"30\":{\"type\":\"text\",\"enabled\":\"1\",\"collapsed\":\"0\",\"level\":\"1\",\"fields\":{\"text\":\"### Support\\r\\n \\r\\nSubmit your bug reports, pull requests, and questions to [GitHub](https:\\/\\/github.com\\/louderthanten\\/livewires\\/issues).\",\"markdown\":\"1\",\"width\":\"c2\",\"pushLeft\":\"\",\"pushRight\":\"\",\"float\":\"left\",\"customClass\":\"\"}},\"31\":{\"type\":\"text\",\"enabled\":\"1\",\"collapsed\":\"0\",\"level\":\"1\",\"fields\":{\"text\":\"###About\\r\\n\\r\\n[Follow us on Twitter](http:\\/\\/twitter.com\\/louderthanten) and stay tuned for more detailed video how-tos about this design workflow.\\r\\n\\r\\nLive Wires is built by [Louder Than Ten](https:\\/\\/louderthanten.com).\",\"markdown\":\"1\",\"width\":\"c2\",\"pushLeft\":\"\",\"pushRight\":\"\",\"float\":\"left\",\"customClass\":\"\"}}},\"55\":\"Louder Than Ten\",\"56\":\" Editorial System\"}}', '2016-05-20 07:16:28', '2016-05-20 07:16:28', '907784d3-9fd0-4ee4-9390-9c3beea9b0bf'),
 ('29', '2', '1', '1', 'en_us', '13', '', '{\"typeId\":\"1\",\"authorId\":null,\"title\":\"Louder Than Ten Editorial System\",\"slug\":\"homepage\",\"postDate\":1463728490,\"expiryDate\":null,\"enabled\":1,\"parentId\":null,\"fields\":{\"3\":{\"35\":{\"type\":\"typography\",\"enabled\":\"1\",\"fields\":{\"primaryHeadingFont\":\"Georgia, serif\",\"primaryHeadingSize\":\"10rem\",\"primaryHeadingWeight\":\"100\",\"primaryHeadingItalics\":\"\",\"primaryHeadingUppercase\":\"\",\"hidePrimaryHeading\":\"\"}}},\"106\":{\"26\":{\"type\":\"row\",\"enabled\":\"1\",\"collapsed\":\"0\",\"level\":\"0\",\"fields\":{\"colour\":\"transparent\",\"customColour\":\"#000000\",\"image\":\"\",\"rowType\":\"standard\",\"customClass\":\"\",\"anchorName\":\"\"}},\"27\":{\"type\":\"text\",\"enabled\":\"1\",\"collapsed\":\"0\",\"level\":\"1\",\"fields\":{\"text\":\"##Your Live Wires playground\\r\\n\\r\\n<p class=\\\"lead\\\">Today we stop making trash and, instead, start building living, breathing beauties that will look and act the way they were imagined.<\\/p>\\r\\n\\r\\nGood stuff! You\\u2019ve downloaded and set up Live Wires successfully on your machine. Here\'s how it works:\\r\\n\\r\\nLive Wires is a platform-agnostic design framework made with Sass that allows you to create responsive grey-box wireframes and prototypes in HTML & SCSS. You can keep all your code without needing to create static mock ups or other deliverables you end up throwing away.\",\"markdown\":\"1\",\"width\":\"c3x2\",\"pushLeft\":\"\",\"pushRight\":\"\",\"float\":\"left\",\"customClass\":\"\"}},\"28\":{\"type\":\"text\",\"enabled\":\"1\",\"collapsed\":\"0\",\"level\":\"1\",\"fields\":{\"text\":\"###Recommended workflow\\r\\n\\r\\n####Step one\\r\\n\\r\\nBegin by creating your low-fidelity wireframes right here. This page will act as the index or home page of your project. Feel free to delete or overwrite the content on this page with your own.\\r\\n\\r\\n####Step two\\r\\n\\r\\nUse the [linked style guide](\\/guide\\/) to style your elements, components, and modules.\\r\\n\\r\\n####Step three\\r\\n\\r\\nRefine your templates and share with your team or clients as fully-responsive high-fidelity prototypes.\",\"markdown\":\"1\",\"width\":\"c3\",\"pushLeft\":\"\",\"pushRight\":\"\",\"float\":\"left\",\"customClass\":\"\"}},\"29\":{\"type\":\"row\",\"enabled\":\"1\",\"collapsed\":\"0\",\"level\":\"0\",\"fields\":{\"colour\":\"reverse\",\"customColour\":\"#000000\",\"image\":\"\",\"rowType\":\"standard\",\"customClass\":\"\",\"anchorName\":\"\"}},\"30\":{\"type\":\"text\",\"enabled\":\"1\",\"collapsed\":\"0\",\"level\":\"1\",\"fields\":{\"text\":\"### Support\\r\\n \\r\\nSubmit your bug reports, pull requests, and questions to [GitHub](https:\\/\\/github.com\\/louderthanten\\/livewires\\/issues).\",\"markdown\":\"1\",\"width\":\"c2\",\"pushLeft\":\"\",\"pushRight\":\"\",\"float\":\"left\",\"customClass\":\"\"}},\"31\":{\"type\":\"text\",\"enabled\":\"1\",\"collapsed\":\"0\",\"level\":\"1\",\"fields\":{\"text\":\"###About\\r\\n\\r\\n[Follow us on Twitter](http:\\/\\/twitter.com\\/louderthanten) and stay tuned for more detailed video how-tos about this design workflow.\\r\\n\\r\\nLive Wires is built by [Louder Than Ten](https:\\/\\/louderthanten.com).\",\"markdown\":\"1\",\"width\":\"c2\",\"pushLeft\":\"\",\"pushRight\":\"\",\"float\":\"left\",\"customClass\":\"\"}}},\"55\":\"Louder Than Ten\",\"56\":\" Editorial System\"}}', '2016-05-20 07:20:37', '2016-05-20 07:20:37', 'aaa7a7a6-cf34-486c-8638-e020cc358802'),
 ('30', '2', '1', '1', 'en_us', '14', '', '{\"typeId\":\"1\",\"authorId\":null,\"title\":\"Louder Than Ten Editorial System\",\"slug\":\"homepage\",\"postDate\":1463728490,\"expiryDate\":null,\"enabled\":1,\"parentId\":null,\"fields\":{\"3\":\"\",\"106\":{\"26\":{\"type\":\"row\",\"enabled\":\"1\",\"collapsed\":\"0\",\"level\":\"0\",\"fields\":{\"colour\":\"transparent\",\"customColour\":\"#000000\",\"image\":\"\",\"rowType\":\"standard\",\"customClass\":\"\",\"anchorName\":\"\"}},\"27\":{\"type\":\"text\",\"enabled\":\"1\",\"collapsed\":\"0\",\"level\":\"1\",\"fields\":{\"text\":\"##Your Live Wires playground\\r\\n\\r\\n<p class=\\\"lead\\\">Today we stop making trash and, instead, start building living, breathing beauties that will look and act the way they were imagined.<\\/p>\\r\\n\\r\\nGood stuff! You\\u2019ve downloaded and set up Live Wires successfully on your machine. Here\'s how it works:\\r\\n\\r\\nLive Wires is a platform-agnostic design framework made with Sass that allows you to create responsive grey-box wireframes and prototypes in HTML & SCSS. You can keep all your code without needing to create static mock ups or other deliverables you end up throwing away.\",\"markdown\":\"1\",\"width\":\"c3x2\",\"pushLeft\":\"\",\"pushRight\":\"\",\"float\":\"left\",\"customClass\":\"\"}},\"28\":{\"type\":\"text\",\"enabled\":\"1\",\"collapsed\":\"0\",\"level\":\"1\",\"fields\":{\"text\":\"###Recommended workflow\\r\\n\\r\\n####Step one\\r\\n\\r\\nBegin by creating your low-fidelity wireframes right here. This page will act as the index or home page of your project. Feel free to delete or overwrite the content on this page with your own.\\r\\n\\r\\n####Step two\\r\\n\\r\\nUse the [linked style guide](\\/guide\\/) to style your elements, components, and modules.\\r\\n\\r\\n####Step three\\r\\n\\r\\nRefine your templates and share with your team or clients as fully-responsive high-fidelity prototypes.\",\"markdown\":\"1\",\"width\":\"c3\",\"pushLeft\":\"\",\"pushRight\":\"\",\"float\":\"left\",\"customClass\":\"\"}},\"29\":{\"type\":\"row\",\"enabled\":\"1\",\"collapsed\":\"0\",\"level\":\"0\",\"fields\":{\"colour\":\"reverse\",\"customColour\":\"#000000\",\"image\":\"\",\"rowType\":\"standard\",\"customClass\":\"\",\"anchorName\":\"\"}},\"30\":{\"type\":\"text\",\"enabled\":\"1\",\"collapsed\":\"0\",\"level\":\"1\",\"fields\":{\"text\":\"### Support\\r\\n \\r\\nSubmit your bug reports, pull requests, and questions to [GitHub](https:\\/\\/github.com\\/louderthanten\\/livewires\\/issues).\",\"markdown\":\"1\",\"width\":\"c2\",\"pushLeft\":\"\",\"pushRight\":\"\",\"float\":\"left\",\"customClass\":\"\"}},\"31\":{\"type\":\"text\",\"enabled\":\"1\",\"collapsed\":\"0\",\"level\":\"1\",\"fields\":{\"text\":\"###About\\r\\n\\r\\n[Follow us on Twitter](http:\\/\\/twitter.com\\/louderthanten) and stay tuned for more detailed video how-tos about this design workflow.\\r\\n\\r\\nLive Wires is built by [Louder Than Ten](https:\\/\\/louderthanten.com).\",\"markdown\":\"1\",\"width\":\"c2\",\"pushLeft\":\"\",\"pushRight\":\"\",\"float\":\"left\",\"customClass\":\"\"}}},\"55\":\"Louder Than Ten\",\"56\":\" Editorial System\"}}', '2016-05-20 07:21:05', '2016-05-20 07:21:05', 'e9ba3266-288b-4c43-b223-a55c8e69b9df'),
 ('31', '2', '1', '1', 'en_us', '15', '', '{\"typeId\":\"1\",\"authorId\":null,\"title\":\"Louder Than Ten Editorial System\",\"slug\":\"homepage\",\"postDate\":1463728490,\"expiryDate\":null,\"enabled\":1,\"parentId\":null,\"fields\":{\"3\":\"\",\"106\":{\"26\":{\"type\":\"row\",\"enabled\":\"1\",\"collapsed\":\"0\",\"level\":\"0\",\"fields\":{\"colour\":\"transparent\",\"customColour\":\"#000000\",\"image\":\"\",\"rowType\":\"standard\",\"customClass\":\"\",\"anchorName\":\"\"}},\"27\":{\"type\":\"text\",\"enabled\":\"1\",\"collapsed\":\"0\",\"level\":\"1\",\"fields\":{\"text\":\"##Your Live Wires playground\\r\\n\\r\\n<p class=\\\"lead\\\">Today we stop making trash and, instead, start building living, breathing beauties that will look and act the way they were imagined.<\\/p>\\r\\n\\r\\nGood stuff! You\\u2019ve downloaded and set up Live Wires successfully on your machine. Here\'s how it works:\\r\\n\\r\\nLive Wires is a platform-agnostic design framework made with Sass that allows you to create responsive grey-box wireframes and prototypes in HTML & SCSS. You can keep all your code without needing to create static mock ups or other deliverables you end up throwing away.\",\"markdown\":\"1\",\"width\":\"c3x2\",\"pushLeft\":\"\",\"pushRight\":\"\",\"float\":\"left\",\"customClass\":\"\"}},\"28\":{\"type\":\"text\",\"enabled\":\"1\",\"collapsed\":\"0\",\"level\":\"1\",\"fields\":{\"text\":\"###Recommended workflow\\r\\n\\r\\n####Step one\\r\\n\\r\\nBegin by creating your low-fidelity wireframes right here. This page will act as the index or home page of your project. Feel free to delete or overwrite the content on this page with your own.\\r\\n\\r\\n####Step two\\r\\n\\r\\nUse the [linked style guide](\\/guide\\/) to style your elements, components, and modules.\\r\\n\\r\\n####Step three\\r\\n\\r\\nRefine your templates and share with your team or clients as fully-responsive high-fidelity prototypes.\",\"markdown\":\"1\",\"width\":\"c3\",\"pushLeft\":\"\",\"pushRight\":\"\",\"float\":\"left\",\"customClass\":\"\"}},\"29\":{\"type\":\"row\",\"enabled\":\"1\",\"collapsed\":\"0\",\"level\":\"0\",\"fields\":{\"colour\":\"reverse\",\"customColour\":\"#000000\",\"image\":\"\",\"rowType\":\"standard\",\"customClass\":\"\",\"anchorName\":\"\"}},\"30\":{\"type\":\"text\",\"enabled\":\"1\",\"collapsed\":\"0\",\"level\":\"1\",\"fields\":{\"text\":\"### Support\\r\\n \\r\\nSubmit your bug reports, pull requests, and questions to [GitHub](https:\\/\\/github.com\\/louderthanten\\/livewires\\/issues).\",\"markdown\":\"1\",\"width\":\"c2\",\"pushLeft\":\"\",\"pushRight\":\"\",\"float\":\"left\",\"customClass\":\"\"}},\"31\":{\"type\":\"text\",\"enabled\":\"1\",\"collapsed\":\"0\",\"level\":\"1\",\"fields\":{\"text\":\"###About\\r\\n\\r\\n[Follow us on Twitter](http:\\/\\/twitter.com\\/louderthanten) and stay tuned for more detailed video how-tos about this design workflow.\\r\\n\\r\\nLive Wires is built by [Louder Than Ten](https:\\/\\/louderthanten.com).\",\"markdown\":\"1\",\"width\":\"c2\",\"pushLeft\":\"\",\"pushRight\":\"\",\"float\":\"left\",\"customClass\":\"\"}},\"new0\":{\"type\":\"row\",\"enabled\":\"1\",\"collapsed\":\"0\",\"level\":\"0\",\"fields\":{\"colour\":\"blue\",\"customColour\":\"#000000\",\"image\":\"\",\"rowType\":\"standard\",\"customClass\":\"\",\"anchorName\":\"\"}},\"new2\":{\"type\":\"image\",\"enabled\":\"1\",\"collapsed\":\"0\",\"level\":\"1\",\"fields\":{\"image\":\"\",\"websiteUrl\":\"\",\"width\":\"full\",\"pushLeft\":\"\",\"pushRight\":\"\",\"float\":\"left\",\"placeholderSize\":\"2000x300\",\"placeholderText\":\"Hero\",\"customClass\":\"mb1\"}},\"new1\":{\"type\":\"text\",\"enabled\":\"1\",\"collapsed\":\"0\",\"level\":\"1\",\"fields\":{\"text\":\"#Here is an article boom.\\r\\n\\r\\nHere is som supporting copy.\",\"markdown\":\"1\",\"width\":\"c2\",\"pushLeft\":\"pl4\",\"pushRight\":\"pr4\",\"float\":\"left\",\"customClass\":\"\"}}},\"55\":\"Louder Than Ten\",\"56\":\" Editorial System\"}}', '2016-05-20 07:25:06', '2016-05-20 07:25:06', '465c7089-7d92-4abc-97b5-9932a24f552b'),
 ('32', '2', '1', '1', 'en_us', '16', '', '{\"typeId\":\"1\",\"authorId\":null,\"title\":\"Louder Than Ten Editorial System\",\"slug\":\"homepage\",\"postDate\":1463728490,\"expiryDate\":null,\"enabled\":1,\"parentId\":null,\"fields\":{\"3\":{\"new1\":{\"type\":\"typography\",\"enabled\":\"1\",\"fields\":{\"primaryHeadingFont\":\"Georgia, serif\",\"primaryHeadingSize\":\"10rem\",\"primaryHeadingWeight\":\"100\",\"primaryHeadingItalics\":\"\",\"primaryHeadingUppercase\":\"\",\"hidePrimaryHeading\":\"\"}}},\"106\":{\"26\":{\"type\":\"row\",\"enabled\":\"1\",\"collapsed\":\"0\",\"level\":\"0\",\"fields\":{\"colour\":\"transparent\",\"customColour\":\"#000000\",\"image\":\"\",\"rowType\":\"standard\",\"customClass\":\"\",\"anchorName\":\"\"}},\"27\":{\"type\":\"text\",\"enabled\":\"1\",\"collapsed\":\"0\",\"level\":\"1\",\"fields\":{\"text\":\"##Your Live Wires playground\\r\\n\\r\\n<p class=\\\"lead\\\">Today we stop making trash and, instead, start building living, breathing beauties that will look and act the way they were imagined.<\\/p>\\r\\n\\r\\nGood stuff! You\\u2019ve downloaded and set up Live Wires successfully on your machine. Here\'s how it works:\\r\\n\\r\\nLive Wires is a platform-agnostic design framework made with Sass that allows you to create responsive grey-box wireframes and prototypes in HTML & SCSS. You can keep all your code without needing to create static mock ups or other deliverables you end up throwing away.\",\"markdown\":\"1\",\"width\":\"c3x2\",\"pushLeft\":\"\",\"pushRight\":\"\",\"float\":\"left\",\"customClass\":\"\"}},\"28\":{\"type\":\"text\",\"enabled\":\"1\",\"collapsed\":\"0\",\"level\":\"1\",\"fields\":{\"text\":\"###Recommended workflow\\r\\n\\r\\n####Step one\\r\\n\\r\\nBegin by creating your low-fidelity wireframes right here. This page will act as the index or home page of your project. Feel free to delete or overwrite the content on this page with your own.\\r\\n\\r\\n####Step two\\r\\n\\r\\nUse the [linked style guide](\\/guide\\/) to style your elements, components, and modules.\\r\\n\\r\\n####Step three\\r\\n\\r\\nRefine your templates and share with your team or clients as fully-responsive high-fidelity prototypes.\",\"markdown\":\"1\",\"width\":\"c3\",\"pushLeft\":\"\",\"pushRight\":\"\",\"float\":\"left\",\"customClass\":\"\"}},\"29\":{\"type\":\"row\",\"enabled\":\"1\",\"collapsed\":\"0\",\"level\":\"0\",\"fields\":{\"colour\":\"reverse\",\"customColour\":\"#000000\",\"image\":\"\",\"rowType\":\"standard\",\"customClass\":\"\",\"anchorName\":\"\"}},\"30\":{\"type\":\"text\",\"enabled\":\"1\",\"collapsed\":\"0\",\"level\":\"1\",\"fields\":{\"text\":\"### Support\\r\\n \\r\\nSubmit your bug reports, pull requests, and questions to [GitHub](https:\\/\\/github.com\\/louderthanten\\/livewires\\/issues).\",\"markdown\":\"1\",\"width\":\"c2\",\"pushLeft\":\"\",\"pushRight\":\"\",\"float\":\"left\",\"customClass\":\"\"}},\"31\":{\"type\":\"text\",\"enabled\":\"1\",\"collapsed\":\"0\",\"level\":\"1\",\"fields\":{\"text\":\"###About\\r\\n\\r\\n[Follow us on Twitter](http:\\/\\/twitter.com\\/louderthanten) and stay tuned for more detailed video how-tos about this design workflow.\\r\\n\\r\\nLive Wires is built by [Louder Than Ten](https:\\/\\/louderthanten.com).\",\"markdown\":\"1\",\"width\":\"c2\",\"pushLeft\":\"\",\"pushRight\":\"\",\"float\":\"left\",\"customClass\":\"\"}},\"36\":{\"type\":\"row\",\"enabled\":\"1\",\"collapsed\":\"0\",\"level\":\"0\",\"fields\":{\"colour\":\"blue\",\"customColour\":\"#000000\",\"image\":\"\",\"rowType\":\"standard\",\"customClass\":\"\",\"anchorName\":\"\"}},\"37\":{\"type\":\"image\",\"enabled\":\"1\",\"collapsed\":\"0\",\"level\":\"1\",\"fields\":{\"image\":\"\",\"websiteUrl\":\"\",\"width\":\"full\",\"pushLeft\":\"\",\"pushRight\":\"\",\"float\":\"left\",\"placeholderSize\":\"2000x300\",\"placeholderText\":\"Hero\",\"customClass\":\"mb1\"}},\"38\":{\"type\":\"text\",\"enabled\":\"1\",\"collapsed\":\"0\",\"level\":\"1\",\"fields\":{\"text\":\"#Here is an article boom.\\r\\n\\r\\nHere is som supporting copy.\",\"markdown\":\"1\",\"width\":\"c2\",\"pushLeft\":\"pl4\",\"pushRight\":\"pr4\",\"float\":\"left\",\"customClass\":\"\"}}},\"55\":\"Louder Than Ten\",\"56\":\" Editorial System\"}}', '2016-05-20 07:25:45', '2016-05-20 07:25:45', 'a3a1a8bb-45de-4fb9-9be3-f1361d825379'),
 ('33', '2', '1', '1', 'en_us', '17', '', '{\"typeId\":\"1\",\"authorId\":null,\"title\":\"Louder Than Ten Editorial System\",\"slug\":\"homepage\",\"postDate\":1463728490,\"expiryDate\":null,\"enabled\":1,\"parentId\":null,\"fields\":{\"3\":\"\",\"106\":{\"26\":{\"type\":\"row\",\"enabled\":\"1\",\"collapsed\":\"0\",\"level\":\"0\",\"fields\":{\"colour\":\"transparent\",\"customColour\":\"#000000\",\"image\":\"\",\"rowType\":\"standard\",\"customClass\":\"\",\"anchorName\":\"\"}},\"27\":{\"type\":\"text\",\"enabled\":\"1\",\"collapsed\":\"0\",\"level\":\"1\",\"fields\":{\"text\":\"##Your Live Wires playground\\r\\n\\r\\n<p class=\\\"lead\\\">Today we stop making trash and, instead, start building living, breathing beauties that will look and act the way they were imagined.<\\/p>\\r\\n\\r\\nGood stuff! You\\u2019ve downloaded and set up Live Wires successfully on your machine. Here\'s how it works:\\r\\n\\r\\nLive Wires is a platform-agnostic design framework made with Sass that allows you to create responsive grey-box wireframes and prototypes in HTML & SCSS. You can keep all your code without needing to create static mock ups or other deliverables you end up throwing away.\",\"markdown\":\"1\",\"width\":\"c3x2\",\"pushLeft\":\"\",\"pushRight\":\"\",\"float\":\"left\",\"customClass\":\"\"}},\"28\":{\"type\":\"text\",\"enabled\":\"1\",\"collapsed\":\"0\",\"level\":\"1\",\"fields\":{\"text\":\"###Recommended workflow\\r\\n\\r\\n####Step one\\r\\n\\r\\nBegin by creating your low-fidelity wireframes right here. This page will act as the index or home page of your project. Feel free to delete or overwrite the content on this page with your own.\\r\\n\\r\\n####Step two\\r\\n\\r\\nUse the [linked style guide](\\/guide\\/) to style your elements, components, and modules.\\r\\n\\r\\n####Step three\\r\\n\\r\\nRefine your templates and share with your team or clients as fully-responsive high-fidelity prototypes.\",\"markdown\":\"1\",\"width\":\"c3\",\"pushLeft\":\"\",\"pushRight\":\"\",\"float\":\"left\",\"customClass\":\"\"}},\"29\":{\"type\":\"row\",\"enabled\":\"1\",\"collapsed\":\"0\",\"level\":\"0\",\"fields\":{\"colour\":\"reverse\",\"customColour\":\"#000000\",\"image\":\"\",\"rowType\":\"standard\",\"customClass\":\"\",\"anchorName\":\"\"}},\"30\":{\"type\":\"text\",\"enabled\":\"1\",\"collapsed\":\"0\",\"level\":\"1\",\"fields\":{\"text\":\"### Support\\r\\n \\r\\nSubmit your bug reports, pull requests, and questions to [GitHub](https:\\/\\/github.com\\/louderthanten\\/livewires\\/issues).\",\"markdown\":\"1\",\"width\":\"c2\",\"pushLeft\":\"\",\"pushRight\":\"\",\"float\":\"left\",\"customClass\":\"\"}},\"31\":{\"type\":\"text\",\"enabled\":\"1\",\"collapsed\":\"0\",\"level\":\"1\",\"fields\":{\"text\":\"###About\\r\\n\\r\\n[Follow us on Twitter](http:\\/\\/twitter.com\\/louderthanten) and stay tuned for more detailed video how-tos about this design workflow.\\r\\n\\r\\nLive Wires is built by [Louder Than Ten](https:\\/\\/louderthanten.com).\",\"markdown\":\"1\",\"width\":\"c2\",\"pushLeft\":\"\",\"pushRight\":\"\",\"float\":\"left\",\"customClass\":\"\"}}},\"55\":\"Louder Than Ten\",\"56\":\" Editorial System\"}}', '2016-05-20 07:26:15', '2016-05-20 07:26:15', '0a1a5245-c84e-4ac1-9fcc-2bc1f5f07e90'),
 ('34', '2', '1', '1', 'en_us', '18', '', '{\"typeId\":\"1\",\"authorId\":null,\"title\":\"Home\",\"slug\":\"homepage\",\"postDate\":1463728490,\"expiryDate\":null,\"enabled\":1,\"parentId\":null,\"fields\":{\"3\":\"\",\"106\":{\"26\":{\"type\":\"row\",\"enabled\":\"1\",\"collapsed\":\"0\",\"level\":\"0\",\"fields\":{\"colour\":\"transparent\",\"customColour\":\"#000000\",\"image\":\"\",\"rowType\":\"standard\",\"customClass\":\"\",\"anchorName\":\"\"}},\"27\":{\"type\":\"text\",\"enabled\":\"1\",\"collapsed\":\"0\",\"level\":\"1\",\"fields\":{\"text\":\"##Your Live Wires playground\\r\\n\\r\\n<p class=\\\"lead\\\">Today we stop making trash and, instead, start building living, breathing beauties that will look and act the way they were imagined.<\\/p>\\r\\n\\r\\nGood stuff! You\\u2019ve downloaded and set up Live Wires successfully on your machine. Here\'s how it works:\\r\\n\\r\\nLive Wires is a platform-agnostic design framework made with Sass that allows you to create responsive grey-box wireframes and prototypes in HTML & SCSS. You can keep all your code without needing to create static mock ups or other deliverables you end up throwing away.\",\"markdown\":\"1\",\"width\":\"c3x2\",\"pushLeft\":\"\",\"pushRight\":\"\",\"float\":\"left\",\"customClass\":\"\"}},\"28\":{\"type\":\"text\",\"enabled\":\"1\",\"collapsed\":\"0\",\"level\":\"1\",\"fields\":{\"text\":\"###Recommended workflow\\r\\n\\r\\n####Step one\\r\\n\\r\\nBegin by creating your low-fidelity wireframes right here. This page will act as the index or home page of your project. Feel free to delete or overwrite the content on this page with your own.\\r\\n\\r\\n####Step two\\r\\n\\r\\nUse the [linked style guide](\\/guide\\/) to style your elements, components, and modules.\\r\\n\\r\\n####Step three\\r\\n\\r\\nRefine your templates and share with your team or clients as fully-responsive high-fidelity prototypes.\",\"markdown\":\"1\",\"width\":\"c3\",\"pushLeft\":\"\",\"pushRight\":\"\",\"float\":\"left\",\"customClass\":\"\"}},\"29\":{\"type\":\"row\",\"enabled\":\"1\",\"collapsed\":\"0\",\"level\":\"0\",\"fields\":{\"colour\":\"reverse\",\"customColour\":\"#000000\",\"image\":\"\",\"rowType\":\"standard\",\"customClass\":\"\",\"anchorName\":\"\"}},\"30\":{\"type\":\"text\",\"enabled\":\"1\",\"collapsed\":\"0\",\"level\":\"1\",\"fields\":{\"text\":\"### Support\\r\\n \\r\\nSubmit your bug reports, pull requests, and questions to [GitHub](https:\\/\\/github.com\\/louderthanten\\/livewires\\/issues).\",\"markdown\":\"1\",\"width\":\"c2\",\"pushLeft\":\"\",\"pushRight\":\"\",\"float\":\"left\",\"customClass\":\"\"}},\"31\":{\"type\":\"text\",\"enabled\":\"1\",\"collapsed\":\"0\",\"level\":\"1\",\"fields\":{\"text\":\"###About\\r\\n\\r\\n[Follow us on Twitter](http:\\/\\/twitter.com\\/louderthanten) and stay tuned for more detailed video how-tos about this design workflow.\\r\\n\\r\\nLive Wires is built by [Louder Than Ten](https:\\/\\/louderthanten.com).\",\"markdown\":\"1\",\"width\":\"c2\",\"pushLeft\":\"\",\"pushRight\":\"\",\"float\":\"left\",\"customClass\":\"\"}}},\"55\":\"Louder Than Ten\",\"56\":\" Editorial System\"}}', '2016-05-22 02:03:46', '2016-05-22 02:03:46', 'a01cba89-c449-4607-b696-96841cc23c88'),
 ('35', '40', '3', '1', 'en_us', '1', '', '{\"typeId\":null,\"authorId\":\"1\",\"title\":\"Test\",\"slug\":\"test\",\"postDate\":1463884147,\"expiryDate\":null,\"enabled\":1,\"parentId\":\"\",\"fields\":{\"3\":{\"new1\":{\"type\":\"typography\",\"enabled\":\"1\",\"fields\":{\"primaryHeadingFont\":\"Georgia, serif\",\"primaryHeadingSize\":\"6rem\",\"primaryHeadingWeight\":\"100\",\"primaryHeadingItalics\":\"\",\"primaryHeadingUppercase\":\"\",\"hidePrimaryHeading\":\"\"}}},\"106\":{\"new0\":{\"type\":\"row\",\"enabled\":\"1\",\"collapsed\":\"0\",\"level\":\"0\",\"fields\":{\"colour\":\"transparent\",\"customColour\":\"#000000\",\"image\":\"\",\"rowType\":\"standard\",\"customClass\":\"\",\"anchorName\":\"\"}},\"new1\":{\"type\":\"callout\",\"enabled\":\"1\",\"collapsed\":\"0\",\"level\":\"1\",\"fields\":{\"image\":\"\",\"text\":\"Some text\",\"markdown\":\"1\",\"colour\":\"transparent\",\"customColour\":\"#000000\",\"width\":\"full\",\"pushLeft\":\"\",\"pushRight\":\"\",\"float\":\"left\",\"customClass\":\"\"}}},\"55\":\"Testing\",\"56\":\"Test subhead\"}}', '2016-05-22 02:29:07', '2016-05-22 02:29:07', '8a2f10dd-8491-4d8c-b4f4-25c60fd4dfd4'),
 ('36', '40', '3', '1', 'en_us', '2', '', '{\"typeId\":\"3\",\"authorId\":\"1\",\"title\":\"Test\",\"slug\":\"test\",\"postDate\":1463884140,\"expiryDate\":null,\"enabled\":1,\"parentId\":\"\",\"fields\":{\"3\":{\"43\":{\"type\":\"typography\",\"enabled\":\"1\",\"fields\":{\"primaryHeadingFont\":\"Georgia, serif\",\"primaryHeadingSize\":\"6rem\",\"primaryHeadingWeight\":\"100\",\"primaryHeadingItalics\":\"\",\"primaryHeadingUppercase\":\"\",\"hidePrimaryHeading\":\"\"}}},\"106\":{\"41\":{\"type\":\"row\",\"enabled\":\"1\",\"collapsed\":\"0\",\"level\":\"0\",\"fields\":{\"colour\":\"transparent\",\"customColour\":\"#000000\",\"image\":\"\",\"rowType\":\"standard\",\"customClass\":\"\",\"anchorName\":\"\"}},\"42\":{\"type\":\"callout\",\"enabled\":\"1\",\"collapsed\":\"0\",\"level\":\"1\",\"fields\":{\"image\":\"\",\"text\":\"Some text\",\"markdown\":\"1\",\"colour\":\"transparent\",\"customColour\":\"#000000\",\"width\":\"full\",\"pushLeft\":\"\",\"pushRight\":\"\",\"float\":\"left\",\"customClass\":\"\"}}},\"123\":{\"new1\":{\"type\":\"form\",\"enabled\":\"1\",\"collapsed\":\"0\",\"level\":\"0\",\"fields\":{\"anchorName\":\"\",\"formName\":\"Contact\",\"formAction\":\"contactForm\\/go\",\"redirect\":\"\",\"fieldValue\":\"Send\",\"thankYouMessage\":\"Thanks!\",\"width\":\"c2\",\"pushLeft\":\"pl4\",\"pushRight\":\"\",\"float\":\"left\",\"customClass\":\"\"}}},\"55\":\"Testing\",\"56\":\"Test subhead\"}}', '2016-05-22 04:30:12', '2016-05-22 04:30:12', '8db38c76-e8f8-4235-b41e-dbc5581a7f63'),
 ('37', '45', '3', '1', 'en_us', '1', '', '{\"typeId\":null,\"authorId\":\"1\",\"title\":\"Contact\",\"slug\":\"contact\",\"postDate\":1463891575,\"expiryDate\":null,\"enabled\":1,\"parentId\":\"\",\"fields\":{\"3\":\"\",\"106\":{\"new0\":{\"type\":\"row\",\"enabled\":\"1\",\"collapsed\":\"0\",\"level\":\"0\",\"fields\":{\"colour\":\"transparent\",\"customColour\":\"#000000\",\"image\":\"\",\"rowType\":\"standard\",\"customClass\":\"\",\"anchorName\":\"\"}}},\"123\":{\"new1\":{\"type\":\"form\",\"enabled\":\"1\",\"collapsed\":\"0\",\"level\":\"0\",\"fields\":{\"anchorName\":\"\",\"formName\":\"\",\"formAction\":\"\",\"redirect\":\"\",\"fieldValue\":\"\",\"thankYouMessage\":\"\",\"width\":\"full\",\"pushLeft\":\"\",\"pushRight\":\"\",\"float\":\"left\",\"customClass\":\"\"}}},\"55\":\"Contact\",\"56\":\"\"}}', '2016-05-22 04:32:55', '2016-05-22 04:32:55', '7ab8093e-aeac-42dc-9e5a-3de490017dcd'),
 ('38', '40', '3', '1', 'en_us', '3', '', '{\"typeId\":\"3\",\"authorId\":\"1\",\"title\":\"Test\",\"slug\":\"test\",\"postDate\":1463884140,\"expiryDate\":null,\"enabled\":1,\"parentId\":\"\",\"fields\":{\"3\":{\"43\":{\"type\":\"typography\",\"enabled\":\"1\",\"fields\":{\"primaryHeadingFont\":\"Georgia, serif\",\"primaryHeadingSize\":\"6rem\",\"primaryHeadingWeight\":\"100\",\"primaryHeadingItalics\":\"\",\"primaryHeadingUppercase\":\"\",\"hidePrimaryHeading\":\"\"}}},\"106\":{\"41\":{\"type\":\"row\",\"enabled\":\"1\",\"collapsed\":\"0\",\"level\":\"0\",\"fields\":{\"colour\":\"transparent\",\"customColour\":\"#000000\",\"image\":\"\",\"rowType\":\"standard\",\"customClass\":\"\",\"anchorName\":\"\"}},\"42\":{\"type\":\"callout\",\"enabled\":\"1\",\"collapsed\":\"0\",\"level\":\"1\",\"fields\":{\"image\":\"\",\"text\":\"Some text\",\"markdown\":\"1\",\"colour\":\"transparent\",\"customColour\":\"#000000\",\"width\":\"full\",\"pushLeft\":\"\",\"pushRight\":\"\",\"float\":\"left\",\"customClass\":\"\"}}},\"123\":\"\",\"55\":\"Testing\",\"56\":\"Test subhead\"}}', '2016-05-22 04:41:26', '2016-05-22 04:41:26', '959f9208-4b99-49c9-a88d-2eec135415aa'),
 ('39', '40', '3', '1', 'en_us', '4', '', '{\"typeId\":\"3\",\"authorId\":\"1\",\"title\":\"Test\",\"slug\":\"test\",\"postDate\":1463884140,\"expiryDate\":null,\"enabled\":1,\"parentId\":\"\",\"fields\":{\"3\":{\"43\":{\"type\":\"typography\",\"enabled\":\"1\",\"fields\":{\"primaryHeadingFont\":\"Georgia, serif\",\"primaryHeadingSize\":\"6rem\",\"primaryHeadingWeight\":\"100\",\"primaryHeadingItalics\":\"\",\"primaryHeadingUppercase\":\"\",\"hidePrimaryHeading\":\"\"}}},\"106\":{\"41\":{\"type\":\"row\",\"enabled\":\"1\",\"collapsed\":\"0\",\"level\":\"0\",\"fields\":{\"colour\":\"transparent\",\"customColour\":\"#000000\",\"image\":\"\",\"rowType\":\"standard\",\"customClass\":\"\",\"anchorName\":\"\"}},\"42\":{\"type\":\"callout\",\"enabled\":\"1\",\"collapsed\":\"0\",\"level\":\"1\",\"fields\":{\"image\":\"\",\"text\":\"Some text\",\"markdown\":\"1\",\"colour\":\"transparent\",\"customColour\":\"#000000\",\"width\":\"full\",\"pushLeft\":\"\",\"pushRight\":\"\",\"float\":\"left\",\"customClass\":\"\"}}},\"123\":{\"new0\":{\"type\":\"form\",\"enabled\":\"1\",\"collapsed\":\"0\",\"level\":\"0\",\"fields\":{\"anchorName\":\"\",\"formName\":\"\",\"formAction\":\"\",\"redirect\":\"\",\"fieldValue\":\"\",\"thankYouMessage\":\"\",\"width\":\"full\",\"pushLeft\":\"\",\"pushRight\":\"\",\"float\":\"left\",\"customClass\":\"\"}}},\"55\":\"Testing\",\"56\":\"Test subhead\"}}', '2016-05-22 04:45:23', '2016-05-22 04:45:23', '953523b4-f3b6-40ec-bb68-46883b231904'),
 ('40', '40', '3', '1', 'en_us', '5', '', '{\"typeId\":\"3\",\"authorId\":\"1\",\"title\":\"Test\",\"slug\":\"test\",\"postDate\":1463884140,\"expiryDate\":null,\"enabled\":1,\"parentId\":\"\",\"fields\":{\"3\":{\"43\":{\"type\":\"typography\",\"enabled\":\"1\",\"fields\":{\"primaryHeadingFont\":\"Georgia, serif\",\"primaryHeadingSize\":\"6rem\",\"primaryHeadingWeight\":\"100\",\"primaryHeadingItalics\":\"\",\"primaryHeadingUppercase\":\"\",\"hidePrimaryHeading\":\"\"}}},\"106\":{\"41\":{\"type\":\"row\",\"enabled\":\"1\",\"collapsed\":\"0\",\"level\":\"0\",\"fields\":{\"colour\":\"transparent\",\"customColour\":\"#000000\",\"image\":\"\",\"rowType\":\"standard\",\"customClass\":\"\",\"anchorName\":\"\"}},\"42\":{\"type\":\"callout\",\"enabled\":\"1\",\"collapsed\":\"0\",\"level\":\"1\",\"fields\":{\"image\":\"\",\"text\":\"Some text\",\"markdown\":\"1\",\"colour\":\"transparent\",\"customColour\":\"#000000\",\"width\":\"full\",\"pushLeft\":\"\",\"pushRight\":\"\",\"float\":\"left\",\"customClass\":\"\"}}},\"123\":{\"48\":{\"type\":\"form\",\"enabled\":\"1\",\"collapsed\":\"0\",\"level\":\"0\",\"fields\":{\"anchorName\":\"contactForm\",\"formName\":\"Contact\",\"formAction\":\"contact\",\"redirect\":\"\\/thanks\",\"fieldValue\":\"Send\",\"thankYouMessage\":\"Thanks\",\"width\":\"full\",\"pushLeft\":\"\",\"pushRight\":\"\",\"float\":\"left\",\"customClass\":\"\"}}},\"55\":\"Testing\",\"56\":\"Test subhead\"}}', '2016-05-22 04:46:10', '2016-05-22 04:46:10', 'ef9418e8-9816-4d8f-a11d-4094be4e42c1'),
 ('41', '40', '3', '1', 'en_us', '6', '', '{\"typeId\":\"3\",\"authorId\":\"1\",\"title\":\"Test\",\"slug\":\"test\",\"postDate\":1463884140,\"expiryDate\":null,\"enabled\":1,\"parentId\":\"\",\"fields\":{\"3\":{\"43\":{\"type\":\"typography\",\"enabled\":\"1\",\"fields\":{\"primaryHeadingFont\":\"Georgia, serif\",\"primaryHeadingSize\":\"6rem\",\"primaryHeadingWeight\":\"100\",\"primaryHeadingItalics\":\"\",\"primaryHeadingUppercase\":\"\",\"hidePrimaryHeading\":\"\"}}},\"106\":{\"41\":{\"type\":\"row\",\"enabled\":\"1\",\"collapsed\":\"0\",\"level\":\"0\",\"fields\":{\"colour\":\"transparent\",\"customColour\":\"#000000\",\"image\":\"\",\"rowType\":\"standard\",\"customClass\":\"\",\"anchorName\":\"\"}},\"42\":{\"type\":\"callout\",\"enabled\":\"1\",\"collapsed\":\"0\",\"level\":\"1\",\"fields\":{\"image\":\"\",\"text\":\"Some text\",\"markdown\":\"1\",\"colour\":\"transparent\",\"customColour\":\"#000000\",\"width\":\"full\",\"pushLeft\":\"\",\"pushRight\":\"\",\"float\":\"left\",\"customClass\":\"\"}}},\"123\":\"\",\"55\":\"Testing\",\"56\":\"Test subhead\"}}', '2016-05-22 04:49:28', '2016-05-22 04:49:28', 'ea0264ae-167b-48d3-9ae2-b81130252626'),
 ('42', '40', '3', '1', 'en_us', '7', '', '{\"typeId\":\"3\",\"authorId\":\"1\",\"title\":\"Test\",\"slug\":\"test\",\"postDate\":1463884140,\"expiryDate\":null,\"enabled\":1,\"parentId\":\"\",\"fields\":{\"3\":{\"43\":{\"type\":\"typography\",\"enabled\":\"1\",\"fields\":{\"primaryHeadingFont\":\"Georgia, serif\",\"primaryHeadingSize\":\"6rem\",\"primaryHeadingWeight\":\"100\",\"primaryHeadingItalics\":\"\",\"primaryHeadingUppercase\":\"\",\"hidePrimaryHeading\":\"\"}}},\"106\":{\"41\":{\"type\":\"row\",\"enabled\":\"1\",\"collapsed\":\"0\",\"level\":\"0\",\"fields\":{\"colour\":\"transparent\",\"customColour\":\"#000000\",\"image\":\"\",\"rowType\":\"standard\",\"customClass\":\"\",\"anchorName\":\"\"}},\"42\":{\"type\":\"callout\",\"enabled\":\"1\",\"collapsed\":\"0\",\"level\":\"1\",\"fields\":{\"image\":\"\",\"text\":\"Some text\",\"markdown\":\"1\",\"colour\":\"transparent\",\"customColour\":\"#000000\",\"width\":\"full\",\"pushLeft\":\"\",\"pushRight\":\"\",\"float\":\"left\",\"customClass\":\"\"}},\"new0\":{\"type\":\"form\",\"enabled\":\"1\",\"collapsed\":\"0\",\"level\":\"1\",\"fields\":{\"text\":\"##Contact form\",\"formName\":\"Contact\",\"formAction\":\"go\",\"redirect\":\"\",\"fieldValue\":\"Submit\",\"thankYouMessage\":\"Thanks\",\"errorMessage\":\"\",\"width\":\"c2\",\"pushLeft\":\"pl4\",\"pushRight\":\"\",\"float\":\"left\",\"anchorName\":\"\",\"customClass\":\"\"}},\"new1\":{\"type\":\"textField\",\"enabled\":\"1\",\"collapsed\":\"0\",\"level\":\"2\",\"fields\":{\"fieldLabel\":\"Name\",\"fieldName\":\"name\",\"anchorName\":\"\",\"fieldValue\":\"\",\"fieldType\":\"text\",\"required\":\"1\",\"errorMessage\":\"Please enter your name\",\"width\":\"full\",\"customClass\":\"\"}},\"new2\":{\"type\":\"textField\",\"enabled\":\"1\",\"collapsed\":\"0\",\"level\":\"2\",\"fields\":{\"fieldLabel\":\"Email\",\"fieldName\":\"email\",\"anchorName\":\"\",\"fieldValue\":\"\",\"fieldType\":\"email\",\"required\":\"1\",\"errorMessage\":\"Enter a valid email address\",\"width\":\"full\",\"customClass\":\"\"}}},\"123\":\"\",\"55\":\"Testing\",\"56\":\"Test subhead\"}}', '2016-05-22 05:01:12', '2016-05-22 05:01:12', 'f7a6eaa7-fa64-41cb-bb78-5dd75a66d098'),
 ('43', '45', '3', '1', 'en_us', '2', '', '{\"typeId\":\"3\",\"authorId\":\"1\",\"title\":\"Contact\",\"slug\":\"contact\",\"postDate\":1463891520,\"expiryDate\":null,\"enabled\":1,\"parentId\":\"\",\"fields\":{\"3\":\"\",\"106\":{\"46\":{\"type\":\"row\",\"enabled\":\"1\",\"collapsed\":\"0\",\"level\":\"0\",\"fields\":{\"colour\":\"transparent\",\"customColour\":\"#000000\",\"image\":\"\",\"rowType\":\"standard\",\"customClass\":\"\",\"anchorName\":\"\"}}},\"55\":\"Contact\",\"56\":\"\"}}', '2016-05-22 05:28:07', '2016-05-22 05:28:07', '8bd4a60f-8c75-4bb0-80c9-25492ddc4d72'),
 ('44', '45', '3', '1', 'en_us', '3', '', '{\"typeId\":\"3\",\"authorId\":\"1\",\"title\":\"Contact\",\"slug\":\"contact\",\"postDate\":1463891520,\"expiryDate\":null,\"enabled\":1,\"parentId\":\"\",\"fields\":{\"3\":\"\",\"106\":{\"46\":{\"type\":\"row\",\"enabled\":\"1\",\"collapsed\":\"0\",\"level\":\"0\",\"fields\":{\"colour\":\"transparent\",\"customColour\":\"#000000\",\"image\":\"\",\"rowType\":\"standard\",\"customClass\":\"\",\"anchorName\":\"\"}}},\"55\":\"Contact\",\"56\":\"\"}}', '2016-05-22 05:30:15', '2016-05-22 05:30:15', '6a85a9b4-1e84-4d93-96b9-dee6378df9a6'),
 ('45', '45', '3', '1', 'en_us', '4', '', '{\"typeId\":\"3\",\"authorId\":\"1\",\"title\":\"Contact\",\"slug\":\"contact\",\"postDate\":1463891520,\"expiryDate\":null,\"enabled\":1,\"parentId\":\"\",\"fields\":{\"3\":\"\",\"106\":{\"46\":{\"type\":\"row\",\"enabled\":\"1\",\"collapsed\":\"0\",\"level\":\"0\",\"fields\":{\"colour\":\"transparent\",\"customColour\":\"#000000\",\"image\":\"\",\"rowType\":\"standard\",\"customClass\":\"\",\"anchorName\":\"\"}},\"new0\":{\"type\":\"form\",\"enabled\":\"1\",\"collapsed\":\"0\",\"level\":\"1\",\"fields\":{\"text\":\"Test content\",\"fieldValue\":\"Send\",\"colour\":\"transparent\",\"customClass\":\"\",\"customColour\":\"#000000\",\"anchorName\":\"\",\"width\":\"full\",\"pushLeft\":\"\",\"pushRight\":\"\",\"float\":\"left\"}}},\"55\":\"Contact\",\"56\":\"\"}}', '2016-05-22 05:31:39', '2016-05-22 05:31:39', '3b787f03-6a70-4dff-9af7-8ec0e1fe2d19'),
 ('46', '45', '3', '1', 'en_us', '5', '', '{\"typeId\":\"3\",\"authorId\":\"1\",\"title\":\"Contact\",\"slug\":\"contact\",\"postDate\":1463891520,\"expiryDate\":null,\"enabled\":1,\"parentId\":\"\",\"fields\":{\"3\":\"\",\"106\":{\"46\":{\"type\":\"row\",\"enabled\":\"1\",\"collapsed\":\"0\",\"level\":\"0\",\"fields\":{\"colour\":\"transparent\",\"customColour\":\"#000000\",\"image\":\"\",\"rowType\":\"standard\",\"customClass\":\"\",\"anchorName\":\"\"}},\"52\":{\"type\":\"form\",\"enabled\":\"1\",\"collapsed\":\"0\",\"level\":\"1\",\"fields\":{\"text\":\"Test content\",\"fieldValue\":\"Send\",\"colour\":\"transparent\",\"customClass\":\"\",\"customColour\":\"#000000\",\"anchorName\":\"\",\"width\":\"full\",\"pushLeft\":\"\",\"pushRight\":\"\",\"float\":\"left\"}},\"new0\":{\"type\":\"textField\",\"enabled\":\"1\",\"collapsed\":\"0\",\"level\":\"2\",\"fields\":{\"fieldLabel\":\"Name\",\"fieldName\":\"name\",\"anchorName\":\"\",\"fieldValue\":\"\",\"fieldType\":\"text\",\"required\":\"1\",\"errorMessage\":\"\",\"width\":\"full\",\"customClass\":\"\"}}},\"55\":\"Contact\",\"56\":\"\"}}', '2016-05-22 05:34:45', '2016-05-22 05:34:45', '6b64fb07-0540-4dda-8c2d-8ffb67b841f2'),
 ('47', '45', '3', '1', 'en_us', '6', '', '{\"typeId\":\"3\",\"authorId\":\"1\",\"title\":\"Contact\",\"slug\":\"contact\",\"postDate\":1463891520,\"expiryDate\":null,\"enabled\":1,\"parentId\":\"\",\"fields\":{\"3\":\"\",\"106\":{\"46\":{\"type\":\"row\",\"enabled\":\"1\",\"collapsed\":\"0\",\"level\":\"0\",\"fields\":{\"colour\":\"transparent\",\"customColour\":\"#000000\",\"image\":\"\",\"rowType\":\"standard\",\"customClass\":\"\",\"anchorName\":\"\"}}},\"55\":\"Contact\",\"56\":\"\"}}', '2016-05-22 05:36:38', '2016-05-22 05:36:38', 'ae5fd4c8-53d0-46d0-818e-0ec1a7c9c85e'),
 ('48', '45', '3', '1', 'en_us', '7', '', '{\"typeId\":\"3\",\"authorId\":\"1\",\"title\":\"Contact\",\"slug\":\"contact\",\"postDate\":1463891520,\"expiryDate\":null,\"enabled\":1,\"parentId\":\"\",\"fields\":{\"3\":\"\",\"106\":{\"46\":{\"type\":\"row\",\"enabled\":\"1\",\"collapsed\":\"0\",\"level\":\"0\",\"fields\":{\"colour\":\"transparent\",\"customColour\":\"#000000\",\"image\":\"\",\"rowType\":\"standard\",\"customClass\":\"\",\"anchorName\":\"\"}},\"new0\":{\"type\":\"form\",\"enabled\":\"1\",\"collapsed\":\"0\",\"level\":\"0\",\"fields\":{\"text\":\"Test\",\"fieldValue\":\"Send\",\"colour\":\"transparent\",\"customClass\":\"\",\"customColour\":\"#000000\",\"anchorName\":\"\",\"width\":\"full\",\"pushLeft\":\"\",\"pushRight\":\"\",\"float\":\"left\"}},\"new1\":{\"type\":\"textField\",\"enabled\":\"1\",\"collapsed\":\"0\",\"level\":\"1\",\"fields\":{\"fieldLabel\":\"Name\",\"fieldName\":\"name\",\"anchorName\":\"\",\"fieldValue\":\"\",\"fieldType\":\"text\",\"required\":\"\",\"errorMessage\":\"\",\"width\":\"full\",\"customClass\":\"\"}}},\"55\":\"Contact\",\"56\":\"\"}}', '2016-05-22 05:37:17', '2016-05-22 05:37:17', '69ea6876-e318-4c1f-b04c-b964d9401f72'),
 ('49', '45', '3', '1', 'en_us', '8', '', '{\"typeId\":\"3\",\"authorId\":\"1\",\"title\":\"Contact\",\"slug\":\"contact\",\"postDate\":1463891520,\"expiryDate\":null,\"enabled\":1,\"parentId\":\"\",\"fields\":{\"3\":\"\",\"106\":{\"46\":{\"type\":\"row\",\"enabled\":\"1\",\"collapsed\":\"0\",\"level\":\"0\",\"fields\":{\"colour\":\"transparent\",\"customColour\":\"#000000\",\"image\":\"\",\"rowType\":\"standard\",\"customClass\":\"\",\"anchorName\":\"\"}},\"54\":{\"type\":\"form\",\"enabled\":\"1\",\"collapsed\":\"0\",\"level\":\"0\",\"fields\":{\"text\":\"Test\",\"fieldValue\":\"Send\",\"colour\":\"transparent\",\"customClass\":\"\",\"customColour\":\"#000000\",\"anchorName\":\"\",\"width\":\"full\",\"pushLeft\":\"\",\"pushRight\":\"\",\"float\":\"left\"}}},\"55\":\"Contact\",\"56\":\"\"}}', '2016-05-22 05:52:11', '2016-05-22 05:52:11', '21fb0257-2d95-47d9-8977-4e3c92bcd03b'),
 ('50', '45', '3', '1', 'en_us', '9', '', '{\"typeId\":\"3\",\"authorId\":\"1\",\"title\":\"Contact\",\"slug\":\"contact\",\"postDate\":1463891520,\"expiryDate\":null,\"enabled\":1,\"parentId\":\"\",\"fields\":{\"3\":\"\",\"106\":{\"46\":{\"type\":\"row\",\"enabled\":\"1\",\"collapsed\":\"0\",\"level\":\"0\",\"fields\":{\"colour\":\"transparent\",\"customColour\":\"#000000\",\"image\":\"\",\"rowType\":\"standard\",\"customClass\":\"\",\"anchorName\":\"\"}},\"new0\":{\"type\":\"form\",\"enabled\":\"1\",\"collapsed\":\"0\",\"level\":\"1\",\"fields\":{\"text\":\"## Contact form\",\"fieldValue\":\"\",\"colour\":\"transparent\",\"customClass\":\"\",\"customColour\":\"#000000\",\"anchorName\":\"\",\"width\":\"full\",\"pushLeft\":\"\",\"pushRight\":\"\",\"float\":\"left\"}}},\"55\":\"Contact\",\"56\":\"\"}}', '2016-05-22 05:53:11', '2016-05-22 05:53:11', 'ba3081f9-046e-406f-aafd-b4821822b4c0'),
 ('51', '45', '3', '1', 'en_us', '10', '', '{\"typeId\":\"3\",\"authorId\":\"1\",\"title\":\"Contact\",\"slug\":\"contact\",\"postDate\":1463891520,\"expiryDate\":null,\"enabled\":1,\"parentId\":\"\",\"fields\":{\"3\":\"\",\"106\":{\"46\":{\"type\":\"row\",\"enabled\":\"1\",\"collapsed\":\"0\",\"level\":\"0\",\"fields\":{\"colour\":\"transparent\",\"customColour\":\"#000000\",\"image\":\"\",\"rowType\":\"standard\",\"customClass\":\"\",\"anchorName\":\"\"}},\"56\":{\"type\":\"form\",\"enabled\":\"1\",\"collapsed\":\"0\",\"level\":\"1\",\"fields\":{\"text\":\"## Contact form\",\"fieldValue\":\"\",\"colour\":\"transparent\",\"customClass\":\"\",\"customColour\":\"#000000\",\"anchorName\":\"\",\"width\":\"full\",\"pushLeft\":\"\",\"pushRight\":\"\",\"float\":\"left\"}},\"new0\":{\"type\":\"textField\",\"enabled\":\"1\",\"collapsed\":\"0\",\"level\":\"2\",\"fields\":{\"fieldLabel\":\"Name\",\"fieldName\":\"name\",\"anchorName\":\"name\",\"fieldValue\":\"\",\"fieldType\":\"text\",\"required\":\"1\",\"errorMessage\":\"\",\"width\":\"full\",\"customClass\":\"\"}}},\"55\":\"Contact\",\"56\":\"\"}}', '2016-05-22 05:54:05', '2016-05-22 05:54:05', '7d0ac718-ad2b-4750-a905-6d97a0b69e0b'),
 ('52', '45', '3', '1', 'en_us', '11', '', '{\"typeId\":\"3\",\"authorId\":\"1\",\"title\":\"Contact\",\"slug\":\"contact\",\"postDate\":1463891520,\"expiryDate\":null,\"enabled\":1,\"parentId\":\"\",\"fields\":{\"3\":\"\",\"106\":{\"46\":{\"type\":\"row\",\"enabled\":\"1\",\"collapsed\":\"0\",\"level\":\"0\",\"fields\":{\"colour\":\"transparent\",\"customColour\":\"#000000\",\"image\":\"\",\"rowType\":\"standard\",\"customClass\":\"\",\"anchorName\":\"\"}},\"56\":{\"type\":\"form\",\"enabled\":\"1\",\"collapsed\":\"0\",\"level\":\"1\",\"fields\":{\"text\":\"## Contact form\",\"fieldValue\":\"Send\",\"colour\":\"transparent\",\"customClass\":\"\",\"customColour\":\"#000000\",\"anchorName\":\"\",\"width\":\"c2\",\"pushLeft\":\"pl4\",\"pushRight\":\"\",\"float\":\"left\"}},\"57\":{\"type\":\"textField\",\"enabled\":\"1\",\"collapsed\":\"0\",\"level\":\"2\",\"fields\":{\"fieldLabel\":\"Name\",\"fieldName\":\"name\",\"anchorName\":\"name\",\"fieldValue\":\"\",\"fieldType\":\"text\",\"required\":\"1\",\"errorMessage\":\"\",\"width\":\"full\",\"customClass\":\"\"}}},\"55\":\"Contact\",\"56\":\"\"}}', '2016-05-22 05:56:17', '2016-05-22 05:56:17', 'ae53a409-5bc8-4859-b61a-6107590e629b'),
 ('53', '45', '3', '1', 'en_us', '12', '', '{\"typeId\":\"3\",\"authorId\":\"1\",\"title\":\"Contact\",\"slug\":\"contact\",\"postDate\":1463891520,\"expiryDate\":null,\"enabled\":1,\"parentId\":\"\",\"fields\":{\"3\":\"\",\"106\":{\"46\":{\"type\":\"row\",\"enabled\":\"1\",\"collapsed\":\"0\",\"level\":\"0\",\"fields\":{\"colour\":\"transparent\",\"customColour\":\"#000000\",\"image\":\"\",\"rowType\":\"standard\",\"customClass\":\"\",\"anchorName\":\"\"}},\"56\":{\"type\":\"form\",\"enabled\":\"1\",\"collapsed\":\"0\",\"level\":\"1\",\"fields\":{\"text\":\"## Contact form\",\"fieldValue\":\"Send\",\"colour\":\"reverse\",\"customClass\":\"\",\"customColour\":\"#000000\",\"anchorName\":\"\",\"width\":\"c2\",\"pushLeft\":\"pl4\",\"pushRight\":\"\",\"float\":\"left\"}},\"57\":{\"type\":\"textField\",\"enabled\":\"1\",\"collapsed\":\"0\",\"level\":\"2\",\"fields\":{\"fieldLabel\":\"Name\",\"fieldName\":\"name\",\"anchorName\":\"name\",\"fieldValue\":\"\",\"fieldType\":\"text\",\"required\":\"1\",\"errorMessage\":\"\",\"width\":\"full\",\"customClass\":\"\"}}},\"55\":\"Contact\",\"56\":\"\"}}', '2016-05-22 05:58:31', '2016-05-22 05:58:31', '5b7d8d08-d2be-43ea-a59e-46d9f42a0f7b'),
 ('54', '45', '3', '1', 'en_us', '13', '', '{\"typeId\":\"3\",\"authorId\":\"1\",\"title\":\"Contact\",\"slug\":\"contact\",\"postDate\":1463891520,\"expiryDate\":null,\"enabled\":1,\"parentId\":\"\",\"fields\":{\"3\":\"\",\"106\":{\"46\":{\"type\":\"row\",\"enabled\":\"1\",\"collapsed\":\"0\",\"level\":\"0\",\"fields\":{\"colour\":\"transparent\",\"customColour\":\"#000000\",\"image\":\"\",\"rowType\":\"standard\",\"customClass\":\"\",\"anchorName\":\"\"}},\"54\":{\"type\":\"form\",\"enabled\":\"1\",\"collapsed\":\"0\",\"level\":\"0\",\"fields\":{\"text\":\"Test\",\"fieldValue\":\"Send\",\"colour\":\"transparent\",\"customClass\":\"\",\"customColour\":\"#000000\",\"anchorName\":\"\",\"width\":\"full\",\"pushLeft\":\"\",\"pushRight\":\"\",\"float\":\"left\"}},\"55\":{\"type\":\"textField\",\"enabled\":\"1\",\"collapsed\":\"0\",\"level\":\"1\",\"fields\":{\"fieldLabel\":\"Name\",\"fieldName\":\"name\",\"anchorName\":\"\",\"fieldValue\":\"\",\"fieldType\":\"text\",\"required\":\"\",\"errorMessage\":\"\",\"width\":\"full\",\"customClass\":\"\"}},\"new0\":{\"type\":\"textField\",\"enabled\":\"1\",\"collapsed\":\"0\",\"level\":\"1\",\"fields\":{\"fieldLabel\":\"Email\",\"fieldName\":\"email\",\"anchorName\":\"email\",\"fieldValue\":\"\",\"fieldType\":\"email\",\"required\":\"\",\"errorMessage\":\"\",\"width\":\"c2\",\"customClass\":\"\"}},\"new1\":{\"type\":\"textField\",\"enabled\":\"1\",\"collapsed\":\"0\",\"level\":\"1\",\"fields\":{\"fieldLabel\":\"Password\",\"fieldName\":\"password\",\"anchorName\":\"\",\"fieldValue\":\"\",\"fieldType\":\"text\",\"required\":\"\",\"errorMessage\":\"\",\"width\":\"c2\",\"customClass\":\"\"}}},\"55\":\"Contact\",\"56\":\"\"}}', '2016-05-22 06:04:50', '2016-05-22 06:04:50', '8bf1b84f-5b15-43cd-bab9-b4ad65616197'),
 ('55', '45', '3', '1', 'en_us', '14', '', '{\"typeId\":\"3\",\"authorId\":\"1\",\"title\":\"Contact\",\"slug\":\"contact\",\"postDate\":1463891520,\"expiryDate\":null,\"enabled\":1,\"parentId\":\"\",\"fields\":{\"3\":\"\",\"106\":{\"46\":{\"type\":\"row\",\"enabled\":\"1\",\"collapsed\":\"0\",\"level\":\"0\",\"fields\":{\"colour\":\"transparent\",\"customColour\":\"#000000\",\"image\":\"\",\"rowType\":\"standard\",\"customClass\":\"\",\"anchorName\":\"\"}},\"58\":{\"type\":\"form\",\"enabled\":\"1\",\"collapsed\":\"0\",\"level\":\"0\",\"fields\":{\"text\":\"Test\",\"value\":\"\",\"colour\":\"subtle\",\"customClass\":\"\",\"customColour\":\"#000000\",\"anchorName\":\"\",\"width\":\"c2\",\"pushLeft\":\"pl4\",\"pushRight\":\"\",\"float\":\"left\"}},\"59\":{\"type\":\"textField\",\"enabled\":\"1\",\"collapsed\":\"0\",\"level\":\"1\",\"fields\":{\"fieldLabel\":\"Name\",\"fieldName\":\"name\",\"anchorName\":\"\",\"value\":\"\",\"fieldType\":\"text\",\"required\":\"\",\"errorMessage\":\"\",\"width\":\"full\",\"customClass\":\"\"}},\"60\":{\"type\":\"textField\",\"enabled\":\"1\",\"collapsed\":\"0\",\"level\":\"1\",\"fields\":{\"fieldLabel\":\"Email\",\"fieldName\":\"email\",\"anchorName\":\"email\",\"value\":\"\",\"fieldType\":\"email\",\"required\":\"\",\"errorMessage\":\"\",\"width\":\"c2\",\"customClass\":\"\"}},\"61\":{\"type\":\"textField\",\"enabled\":\"1\",\"collapsed\":\"0\",\"level\":\"1\",\"fields\":{\"fieldLabel\":\"Password\",\"fieldName\":\"password\",\"anchorName\":\"\",\"value\":\"\",\"fieldType\":\"text\",\"required\":\"\",\"errorMessage\":\"\",\"width\":\"c2\",\"customClass\":\"\"}}},\"55\":\"Contact\",\"56\":\"\"}}', '2016-05-22 06:05:25', '2016-05-22 06:05:25', 'fc86481e-880d-454d-a056-905fe4e98263'),
 ('56', '45', '3', '1', 'en_us', '15', '', '{\"typeId\":\"3\",\"authorId\":\"1\",\"title\":\"Contact\",\"slug\":\"contact\",\"postDate\":1463891520,\"expiryDate\":null,\"enabled\":1,\"parentId\":\"\",\"fields\":{\"3\":\"\",\"106\":{\"46\":{\"type\":\"row\",\"enabled\":\"1\",\"collapsed\":\"0\",\"level\":\"0\",\"fields\":{\"colour\":\"transparent\",\"customColour\":\"#000000\",\"image\":\"\",\"rowType\":\"standard\",\"customClass\":\"\",\"anchorName\":\"\"}},\"58\":{\"type\":\"form\",\"enabled\":\"1\",\"collapsed\":\"0\",\"level\":\"0\",\"fields\":{\"text\":\"Test\",\"value\":\"Send\",\"colour\":\"subtle\",\"customClass\":\"\",\"customColour\":\"#000000\",\"anchorName\":\"\",\"width\":\"c2\",\"pushLeft\":\"pl4\",\"pushRight\":\"\",\"float\":\"left\"}},\"59\":{\"type\":\"textField\",\"enabled\":\"1\",\"collapsed\":\"0\",\"level\":\"1\",\"fields\":{\"fieldLabel\":\"Name\",\"fieldName\":\"name\",\"anchorName\":\"\",\"value\":\"\",\"fieldType\":\"text\",\"required\":\"\",\"errorMessage\":\"\",\"width\":\"full\",\"customClass\":\"\"}},\"60\":{\"type\":\"textField\",\"enabled\":\"1\",\"collapsed\":\"0\",\"level\":\"1\",\"fields\":{\"fieldLabel\":\"Email\",\"fieldName\":\"email\",\"anchorName\":\"email\",\"value\":\"\",\"fieldType\":\"email\",\"required\":\"\",\"errorMessage\":\"\",\"width\":\"c2\",\"customClass\":\"\"}},\"61\":{\"type\":\"textField\",\"enabled\":\"1\",\"collapsed\":\"0\",\"level\":\"1\",\"fields\":{\"fieldLabel\":\"Password\",\"fieldName\":\"password\",\"anchorName\":\"\",\"value\":\"\",\"fieldType\":\"text\",\"required\":\"\",\"errorMessage\":\"\",\"width\":\"c2\",\"customClass\":\"\"}}},\"55\":\"Contact\",\"56\":\"\"}}', '2016-05-22 06:05:42', '2016-05-22 06:05:42', 'f54f8637-2ebf-421a-b7b6-16417ceec1dd'),
 ('57', '45', '3', '1', 'en_us', '16', '', '{\"typeId\":\"3\",\"authorId\":\"1\",\"title\":\"Contact\",\"slug\":\"contact\",\"postDate\":1463891520,\"expiryDate\":null,\"enabled\":1,\"parentId\":\"\",\"fields\":{\"3\":\"\",\"106\":{\"46\":{\"type\":\"row\",\"enabled\":\"1\",\"collapsed\":\"0\",\"level\":\"0\",\"fields\":{\"colour\":\"transparent\",\"customColour\":\"#000000\",\"image\":\"\",\"rowType\":\"standard\",\"customClass\":\"\",\"anchorName\":\"\"}},\"58\":{\"type\":\"form\",\"enabled\":\"1\",\"collapsed\":\"0\",\"level\":\"0\",\"fields\":{\"text\":\"Test\",\"value\":\"Send\",\"colour\":\"subtle\",\"customClass\":\"\",\"customColour\":\"#000000\",\"anchorName\":\"\",\"width\":\"c2\",\"pushLeft\":\"\",\"pushRight\":\"\",\"float\":\"left\"}},\"59\":{\"type\":\"textField\",\"enabled\":\"1\",\"collapsed\":\"0\",\"level\":\"1\",\"fields\":{\"fieldLabel\":\"Name\",\"fieldName\":\"name\",\"anchorName\":\"\",\"value\":\"\",\"fieldType\":\"text\",\"required\":\"\",\"errorMessage\":\"\",\"width\":\"full\",\"customClass\":\"\"}},\"60\":{\"type\":\"textField\",\"enabled\":\"1\",\"collapsed\":\"0\",\"level\":\"1\",\"fields\":{\"fieldLabel\":\"Email\",\"fieldName\":\"email\",\"anchorName\":\"email\",\"value\":\"\",\"fieldType\":\"email\",\"required\":\"\",\"errorMessage\":\"\",\"width\":\"c2\",\"customClass\":\"\"}},\"61\":{\"type\":\"textField\",\"enabled\":\"1\",\"collapsed\":\"0\",\"level\":\"1\",\"fields\":{\"fieldLabel\":\"Password\",\"fieldName\":\"password\",\"anchorName\":\"\",\"value\":\"\",\"fieldType\":\"text\",\"required\":\"\",\"errorMessage\":\"\",\"width\":\"c2\",\"customClass\":\"\"}}},\"55\":\"Contact\",\"56\":\"\"}}', '2016-05-22 06:14:21', '2016-05-22 06:14:21', 'ea3d71f9-da5f-4d05-b15d-2cd529ff757d'),
 ('58', '45', '3', '1', 'en_us', '17', '', '{\"typeId\":\"3\",\"authorId\":\"1\",\"title\":\"Contact\",\"slug\":\"contact\",\"postDate\":1463891520,\"expiryDate\":null,\"enabled\":1,\"parentId\":\"\",\"fields\":{\"3\":\"\",\"106\":{\"46\":{\"type\":\"row\",\"enabled\":\"1\",\"collapsed\":\"0\",\"level\":\"0\",\"fields\":{\"colour\":\"transparent\",\"customColour\":\"#000000\",\"image\":\"\",\"rowType\":\"standard\",\"customClass\":\"\",\"anchorName\":\"\"}},\"58\":{\"type\":\"form\",\"enabled\":\"1\",\"collapsed\":\"0\",\"level\":\"0\",\"fields\":{\"text\":\"Test\",\"value\":\"Send\",\"colour\":\"subtle\",\"customClass\":\"\",\"customColour\":\"#000000\",\"anchorName\":\"\",\"width\":\"c2\",\"pushLeft\":\"pushl4\",\"pushRight\":\"\",\"float\":\"left\"}},\"59\":{\"type\":\"textField\",\"enabled\":\"1\",\"collapsed\":\"0\",\"level\":\"1\",\"fields\":{\"fieldLabel\":\"Name\",\"fieldName\":\"name\",\"anchorName\":\"\",\"value\":\"\",\"fieldType\":\"text\",\"required\":\"\",\"errorMessage\":\"\",\"width\":\"full\",\"customClass\":\"\"}},\"60\":{\"type\":\"textField\",\"enabled\":\"1\",\"collapsed\":\"0\",\"level\":\"1\",\"fields\":{\"fieldLabel\":\"Email\",\"fieldName\":\"email\",\"anchorName\":\"email\",\"value\":\"\",\"fieldType\":\"email\",\"required\":\"\",\"errorMessage\":\"\",\"width\":\"c2\",\"customClass\":\"\"}},\"61\":{\"type\":\"textField\",\"enabled\":\"1\",\"collapsed\":\"0\",\"level\":\"1\",\"fields\":{\"fieldLabel\":\"Password\",\"fieldName\":\"password\",\"anchorName\":\"\",\"value\":\"\",\"fieldType\":\"text\",\"required\":\"\",\"errorMessage\":\"\",\"width\":\"c2\",\"customClass\":\"\"}}},\"55\":\"Contact\",\"56\":\"\"}}', '2016-05-22 06:14:29', '2016-05-22 06:14:29', '110cdeaf-27f0-4b14-854a-e8332a799b3d'),
 ('59', '45', '3', '1', 'en_us', '18', '', '{\"typeId\":\"3\",\"authorId\":\"1\",\"title\":\"Contact\",\"slug\":\"contact\",\"postDate\":1463891520,\"expiryDate\":null,\"enabled\":1,\"parentId\":\"\",\"fields\":{\"3\":\"\",\"106\":{\"46\":{\"type\":\"row\",\"enabled\":\"1\",\"collapsed\":\"0\",\"level\":\"0\",\"fields\":{\"colour\":\"transparent\",\"customColour\":\"#000000\",\"image\":\"\",\"rowType\":\"standard\",\"customClass\":\"\",\"anchorName\":\"\"}},\"58\":{\"type\":\"form\",\"enabled\":\"1\",\"collapsed\":\"0\",\"level\":\"0\",\"fields\":{\"anchorName\":\"\",\"text\":\"Test\",\"formAction\":\"\",\"redirect\":\"\",\"value\":\"Send\",\"buttonColour\":\"default\",\"colour\":\"subtle\",\"customColour\":\"#000000\",\"thankYouMessage\":\"\",\"width\":\"c2\",\"pushLeft\":\"pushl4\",\"pushRight\":\"\",\"float\":\"left\",\"customClass\":\"\"}},\"59\":{\"type\":\"textField\",\"enabled\":\"1\",\"collapsed\":\"0\",\"level\":\"1\",\"fields\":{\"fieldLabel\":\"Name\",\"fieldName\":\"name\",\"anchorName\":\"\",\"value\":\"\",\"fieldType\":\"text\",\"required\":\"\",\"errorMessage\":\"\",\"width\":\"full\",\"customClass\":\"\"}},\"60\":{\"type\":\"textField\",\"enabled\":\"1\",\"collapsed\":\"0\",\"level\":\"1\",\"fields\":{\"fieldLabel\":\"Email\",\"fieldName\":\"email\",\"anchorName\":\"email\",\"value\":\"\",\"fieldType\":\"email\",\"required\":\"\",\"errorMessage\":\"\",\"width\":\"c2\",\"customClass\":\"\"}},\"61\":{\"type\":\"textField\",\"enabled\":\"1\",\"collapsed\":\"0\",\"level\":\"1\",\"fields\":{\"fieldLabel\":\"Password\",\"fieldName\":\"password\",\"anchorName\":\"\",\"value\":\"\",\"fieldType\":\"text\",\"required\":\"\",\"errorMessage\":\"\",\"width\":\"c2\",\"customClass\":\"\"}},\"new1\":{\"type\":\"textField\",\"enabled\":\"1\",\"collapsed\":\"0\",\"level\":\"1\",\"fields\":{\"fieldLabel\":\"Body\",\"fieldName\":\"body\",\"anchorName\":\"\",\"value\":\"\",\"fieldType\":\"textarea\",\"required\":\"\",\"errorMessage\":\"\",\"width\":\"full\",\"customClass\":\"\"}},\"new0\":{\"type\":\"optionField\",\"enabled\":\"1\",\"collapsed\":\"0\",\"level\":\"1\",\"fields\":{\"fieldLabel\":\"\",\"anchorName\":\"\",\"fieldName\":\"\",\"fieldOptions\":[{\"col1\":\"\",\"col2\":\"\",\"col3\":\"\"}],\"optionFieldType\":\"checkbox\",\"required\":\"\",\"width\":\"full\",\"customClass\":\"\"}}},\"55\":\"Contact\",\"56\":\"\"}}', '2016-05-22 06:51:21', '2016-05-22 06:51:21', 'd5b84a06-c386-4d0d-bc9e-3ea6f189ab56'),
 ('60', '45', '3', '1', 'en_us', '19', '', '{\"typeId\":\"3\",\"authorId\":\"1\",\"title\":\"Contact\",\"slug\":\"contact\",\"postDate\":1463891520,\"expiryDate\":null,\"enabled\":1,\"parentId\":\"\",\"fields\":{\"3\":\"\",\"106\":{\"46\":{\"type\":\"row\",\"enabled\":\"1\",\"collapsed\":\"0\",\"level\":\"0\",\"fields\":{\"colour\":\"transparent\",\"customColour\":\"#000000\",\"image\":\"\",\"rowType\":\"standard\",\"customClass\":\"\",\"anchorName\":\"\"}},\"58\":{\"type\":\"form\",\"enabled\":\"1\",\"collapsed\":\"0\",\"level\":\"0\",\"fields\":{\"anchorName\":\"\",\"text\":\"Test\",\"formAction\":\"\",\"redirect\":\"\",\"value\":\"Send\",\"buttonColour\":\"default\",\"colour\":\"subtle\",\"customColour\":\"#000000\",\"thankYouMessage\":\"\",\"width\":\"c2\",\"pushLeft\":\"pushl4\",\"pushRight\":\"\",\"float\":\"left\",\"customClass\":\"\"}},\"59\":{\"type\":\"textField\",\"enabled\":\"1\",\"collapsed\":\"0\",\"level\":\"1\",\"fields\":{\"fieldLabel\":\"Name\",\"fieldName\":\"name\",\"anchorName\":\"\",\"value\":\"\",\"fieldType\":\"text\",\"required\":\"\",\"errorMessage\":\"\",\"width\":\"full\",\"customClass\":\"\"}},\"60\":{\"type\":\"textField\",\"enabled\":\"1\",\"collapsed\":\"0\",\"level\":\"1\",\"fields\":{\"fieldLabel\":\"Email\",\"fieldName\":\"email\",\"anchorName\":\"email\",\"value\":\"\",\"fieldType\":\"email\",\"required\":\"\",\"errorMessage\":\"\",\"width\":\"c2\",\"customClass\":\"\"}},\"61\":{\"type\":\"textField\",\"enabled\":\"1\",\"collapsed\":\"0\",\"level\":\"1\",\"fields\":{\"fieldLabel\":\"Password\",\"fieldName\":\"password\",\"anchorName\":\"\",\"value\":\"\",\"fieldType\":\"text\",\"required\":\"\",\"errorMessage\":\"\",\"width\":\"c2\",\"customClass\":\"\"}},\"62\":{\"type\":\"textField\",\"enabled\":\"1\",\"collapsed\":\"0\",\"level\":\"1\",\"fields\":{\"fieldLabel\":\"Body\",\"fieldName\":\"body\",\"anchorName\":\"\",\"value\":\"\",\"fieldType\":\"textarea\",\"required\":\"\",\"errorMessage\":\"\",\"width\":\"full\",\"customClass\":\"\"}},\"63\":{\"type\":\"optionField\",\"enabled\":\"1\",\"collapsed\":\"0\",\"level\":\"1\",\"fields\":{\"fieldLabel\":\"Options\",\"anchorName\":\"\",\"fieldName\":\"\",\"fieldOptions\":[{\"col1\":\"Default\",\"col2\":\"\",\"col3\":\"1\"},{\"col1\":\"Another option\",\"col2\":\"anotherOption\",\"col3\":\"\"},{\"col1\":\"A third\",\"col2\":\"third\",\"col3\":\"\"}],\"optionFieldType\":\"checkbox\",\"required\":\"\",\"width\":\"full\",\"customClass\":\"\"}}},\"55\":\"Contact\",\"56\":\"\"}}', '2016-05-22 06:52:18', '2016-05-22 06:52:18', '082dee6d-48e5-46e2-837c-94f91c6e30b3'),
 ('61', '45', '3', '1', 'en_us', '20', '', '{\"typeId\":\"3\",\"authorId\":\"1\",\"title\":\"Contact\",\"slug\":\"contact\",\"postDate\":1463891520,\"expiryDate\":null,\"enabled\":1,\"parentId\":\"\",\"fields\":{\"3\":\"\",\"106\":{\"46\":{\"type\":\"row\",\"enabled\":\"1\",\"collapsed\":\"0\",\"level\":\"0\",\"fields\":{\"colour\":\"transparent\",\"customColour\":\"#000000\",\"image\":\"\",\"rowType\":\"standard\",\"customClass\":\"\",\"anchorName\":\"\"}},\"58\":{\"type\":\"form\",\"enabled\":\"1\",\"collapsed\":\"0\",\"level\":\"0\",\"fields\":{\"anchorName\":\"\",\"text\":\"Test\",\"formAction\":\"\",\"redirect\":\"\",\"value\":\"Send\",\"buttonColour\":\"default\",\"colour\":\"subtle\",\"customColour\":\"#000000\",\"thankYouMessage\":\"\",\"width\":\"c2\",\"pushLeft\":\"pushl4\",\"pushRight\":\"\",\"float\":\"left\",\"customClass\":\"\"}},\"59\":{\"type\":\"textField\",\"enabled\":\"1\",\"collapsed\":\"0\",\"level\":\"1\",\"fields\":{\"fieldLabel\":\"Name\",\"fieldName\":\"name\",\"anchorName\":\"\",\"value\":\"\",\"fieldType\":\"text\",\"required\":\"\",\"errorMessage\":\"\",\"width\":\"full\",\"customClass\":\"\"}},\"60\":{\"type\":\"textField\",\"enabled\":\"1\",\"collapsed\":\"0\",\"level\":\"1\",\"fields\":{\"fieldLabel\":\"Email\",\"fieldName\":\"email\",\"anchorName\":\"email\",\"value\":\"\",\"fieldType\":\"email\",\"required\":\"\",\"errorMessage\":\"\",\"width\":\"c2\",\"customClass\":\"\"}},\"61\":{\"type\":\"textField\",\"enabled\":\"1\",\"collapsed\":\"0\",\"level\":\"1\",\"fields\":{\"fieldLabel\":\"Password\",\"fieldName\":\"password\",\"anchorName\":\"\",\"value\":\"\",\"fieldType\":\"text\",\"required\":\"\",\"errorMessage\":\"\",\"width\":\"c2\",\"customClass\":\"\"}},\"62\":{\"type\":\"textField\",\"enabled\":\"1\",\"collapsed\":\"0\",\"level\":\"1\",\"fields\":{\"fieldLabel\":\"Body\",\"fieldName\":\"body\",\"anchorName\":\"\",\"value\":\"\",\"fieldType\":\"textarea\",\"required\":\"\",\"errorMessage\":\"\",\"width\":\"full\",\"customClass\":\"\"}},\"63\":{\"type\":\"optionField\",\"enabled\":\"1\",\"collapsed\":\"0\",\"level\":\"1\",\"fields\":{\"fieldLabel\":\"Options\",\"anchorName\":\"\",\"fieldName\":\"\",\"fieldOptions\":[{\"col1\":\"Default\",\"col2\":\"\",\"col3\":\"1\"},{\"col1\":\"Another option\",\"col2\":\"anotherOption\",\"col3\":\"\"},{\"col1\":\"A third\",\"col2\":\"third\",\"col3\":\"\"}],\"optionFieldType\":\"radio\",\"required\":\"\",\"width\":\"full\",\"customClass\":\"\"}}},\"55\":\"Contact\",\"56\":\"\"}}', '2016-05-22 07:11:28', '2016-05-22 07:11:28', '3593fed4-30a8-4cc6-9136-f9757b029a70'),
 ('62', '45', '3', '1', 'en_us', '21', '', '{\"typeId\":\"3\",\"authorId\":\"1\",\"title\":\"Contact\",\"slug\":\"contact\",\"postDate\":1463891520,\"expiryDate\":null,\"enabled\":1,\"parentId\":\"\",\"fields\":{\"3\":\"\",\"106\":{\"46\":{\"type\":\"row\",\"enabled\":\"1\",\"collapsed\":\"0\",\"level\":\"0\",\"fields\":{\"colour\":\"transparent\",\"customColour\":\"#000000\",\"image\":\"\",\"rowType\":\"standard\",\"customClass\":\"\",\"anchorName\":\"\"}},\"58\":{\"type\":\"form\",\"enabled\":\"1\",\"collapsed\":\"0\",\"level\":\"0\",\"fields\":{\"anchorName\":\"\",\"text\":\"Test\",\"formAction\":\"\",\"redirect\":\"\",\"value\":\"Send\",\"buttonColour\":\"default\",\"colour\":\"subtle\",\"customColour\":\"#000000\",\"thankYouMessage\":\"\",\"width\":\"c2\",\"pushLeft\":\"pushl4\",\"pushRight\":\"\",\"float\":\"left\",\"customClass\":\"\"}},\"59\":{\"type\":\"textField\",\"enabled\":\"1\",\"collapsed\":\"0\",\"level\":\"1\",\"fields\":{\"fieldLabel\":\"Name\",\"fieldName\":\"name\",\"anchorName\":\"\",\"value\":\"\",\"fieldType\":\"text\",\"required\":\"\",\"errorMessage\":\"\",\"width\":\"full\",\"customClass\":\"\"}},\"60\":{\"type\":\"textField\",\"enabled\":\"1\",\"collapsed\":\"0\",\"level\":\"1\",\"fields\":{\"fieldLabel\":\"Email\",\"fieldName\":\"email\",\"anchorName\":\"email\",\"value\":\"\",\"fieldType\":\"email\",\"required\":\"\",\"errorMessage\":\"\",\"width\":\"c2\",\"customClass\":\"\"}},\"61\":{\"type\":\"textField\",\"enabled\":\"1\",\"collapsed\":\"0\",\"level\":\"1\",\"fields\":{\"fieldLabel\":\"Password\",\"fieldName\":\"password\",\"anchorName\":\"\",\"value\":\"\",\"fieldType\":\"text\",\"required\":\"\",\"errorMessage\":\"\",\"width\":\"c2\",\"customClass\":\"\"}},\"62\":{\"type\":\"textField\",\"enabled\":\"1\",\"collapsed\":\"0\",\"level\":\"1\",\"fields\":{\"fieldLabel\":\"Body\",\"fieldName\":\"body\",\"anchorName\":\"\",\"value\":\"\",\"fieldType\":\"textarea\",\"required\":\"\",\"errorMessage\":\"\",\"width\":\"full\",\"customClass\":\"\"}},\"63\":{\"type\":\"optionField\",\"enabled\":\"1\",\"collapsed\":\"0\",\"level\":\"1\",\"fields\":{\"fieldLabel\":\"Options\",\"anchorName\":\"\",\"fieldName\":\"\",\"fieldOptions\":[{\"col1\":\"Default\",\"col2\":\"\",\"col3\":\"1\"},{\"col1\":\"Another option\",\"col2\":\"anotherOption\",\"col3\":\"\"},{\"col1\":\"A third\",\"col2\":\"third\",\"col3\":\"\"}],\"optionFieldType\":\"radio\",\"required\":\"\",\"width\":\"full\",\"customClass\":\"\"}}},\"55\":\"Contact\",\"56\":\"\"}}', '2016-05-22 07:12:21', '2016-05-22 07:12:21', '473e432a-d8ad-483c-9583-902355c64eb5'),
 ('63', '45', '3', '1', 'en_us', '22', '', '{\"typeId\":\"3\",\"authorId\":\"1\",\"title\":\"Contact\",\"slug\":\"contact\",\"postDate\":1463891520,\"expiryDate\":null,\"enabled\":1,\"parentId\":\"\",\"fields\":{\"3\":\"\",\"106\":{\"46\":{\"type\":\"row\",\"enabled\":\"1\",\"collapsed\":\"0\",\"level\":\"0\",\"fields\":{\"colour\":\"transparent\",\"customColour\":\"#000000\",\"image\":\"\",\"rowType\":\"standard\",\"customClass\":\"\",\"anchorName\":\"\"}},\"58\":{\"type\":\"form\",\"enabled\":\"1\",\"collapsed\":\"0\",\"level\":\"0\",\"fields\":{\"anchorName\":\"\",\"text\":\"Test\",\"formAction\":\"\",\"redirect\":\"\",\"value\":\"Send\",\"buttonColour\":\"default\",\"colour\":\"subtle\",\"customColour\":\"#000000\",\"thankYouMessage\":\"\",\"width\":\"c2\",\"pushLeft\":\"pushl4\",\"pushRight\":\"\",\"float\":\"left\",\"customClass\":\"\"}},\"59\":{\"type\":\"textField\",\"enabled\":\"1\",\"collapsed\":\"0\",\"level\":\"1\",\"fields\":{\"fieldLabel\":\"Name\",\"fieldName\":\"name\",\"anchorName\":\"\",\"value\":\"\",\"fieldType\":\"text\",\"required\":\"\",\"errorMessage\":\"\",\"width\":\"full\",\"customClass\":\"\"}},\"60\":{\"type\":\"textField\",\"enabled\":\"1\",\"collapsed\":\"0\",\"level\":\"1\",\"fields\":{\"fieldLabel\":\"Email\",\"fieldName\":\"email\",\"anchorName\":\"email\",\"value\":\"\",\"fieldType\":\"email\",\"required\":\"\",\"errorMessage\":\"\",\"width\":\"c2\",\"customClass\":\"\"}},\"61\":{\"type\":\"textField\",\"enabled\":\"1\",\"collapsed\":\"0\",\"level\":\"1\",\"fields\":{\"fieldLabel\":\"Password\",\"fieldName\":\"password\",\"anchorName\":\"\",\"value\":\"\",\"fieldType\":\"text\",\"required\":\"\",\"errorMessage\":\"\",\"width\":\"c2\",\"customClass\":\"\"}},\"62\":{\"type\":\"textField\",\"enabled\":\"1\",\"collapsed\":\"0\",\"level\":\"1\",\"fields\":{\"fieldLabel\":\"Body\",\"fieldName\":\"body\",\"anchorName\":\"\",\"value\":\"\",\"fieldType\":\"textarea\",\"required\":\"\",\"errorMessage\":\"\",\"width\":\"full\",\"customClass\":\"\"}},\"63\":{\"type\":\"optionField\",\"enabled\":\"1\",\"collapsed\":\"0\",\"level\":\"1\",\"fields\":{\"fieldLabel\":\"Options\",\"anchorName\":\"\",\"fieldName\":\"field\",\"fieldOptions\":[{\"col1\":\"Default\",\"col2\":\"\",\"col3\":\"1\"},{\"col1\":\"Another option\",\"col2\":\"anotherOption\",\"col3\":\"\"},{\"col1\":\"A third\",\"col2\":\"third\",\"col3\":\"\"}],\"optionFieldType\":\"radio\",\"required\":\"\",\"width\":\"full\",\"customClass\":\"\"}}},\"55\":\"Contact\",\"56\":\"\"}}', '2016-05-22 07:12:56', '2016-05-22 07:12:56', 'dfb6f643-bb1b-4b70-a741-699fdecc5169'),
 ('64', '45', '3', '1', 'en_us', '23', '', '{\"typeId\":\"3\",\"authorId\":\"1\",\"title\":\"Contact\",\"slug\":\"contact\",\"postDate\":1463891520,\"expiryDate\":null,\"enabled\":1,\"parentId\":\"\",\"fields\":{\"3\":\"\",\"106\":{\"46\":{\"type\":\"row\",\"enabled\":\"1\",\"collapsed\":\"0\",\"level\":\"0\",\"fields\":{\"colour\":\"transparent\",\"customColour\":\"#000000\",\"image\":\"\",\"rowType\":\"standard\",\"customClass\":\"\",\"anchorName\":\"\"}},\"58\":{\"type\":\"form\",\"enabled\":\"1\",\"collapsed\":\"0\",\"level\":\"0\",\"fields\":{\"anchorName\":\"\",\"text\":\"Test\",\"formAction\":\"\",\"redirect\":\"\",\"value\":\"Send\",\"buttonColour\":\"default\",\"colour\":\"subtle\",\"customColour\":\"#000000\",\"thankYouMessage\":\"\",\"width\":\"c2\",\"pushLeft\":\"pushl4\",\"pushRight\":\"\",\"float\":\"left\",\"customClass\":\"\"}},\"59\":{\"type\":\"textField\",\"enabled\":\"1\",\"collapsed\":\"0\",\"level\":\"1\",\"fields\":{\"fieldLabel\":\"Name\",\"fieldName\":\"name\",\"anchorName\":\"\",\"value\":\"\",\"fieldType\":\"text\",\"required\":\"\",\"errorMessage\":\"\",\"width\":\"full\",\"customClass\":\"\"}},\"60\":{\"type\":\"textField\",\"enabled\":\"1\",\"collapsed\":\"0\",\"level\":\"1\",\"fields\":{\"fieldLabel\":\"Email\",\"fieldName\":\"email\",\"anchorName\":\"email\",\"value\":\"\",\"fieldType\":\"email\",\"required\":\"\",\"errorMessage\":\"\",\"width\":\"c2\",\"customClass\":\"\"}},\"61\":{\"type\":\"textField\",\"enabled\":\"1\",\"collapsed\":\"0\",\"level\":\"1\",\"fields\":{\"fieldLabel\":\"Password\",\"fieldName\":\"password\",\"anchorName\":\"\",\"value\":\"\",\"fieldType\":\"text\",\"required\":\"\",\"errorMessage\":\"\",\"width\":\"c2\",\"customClass\":\"\"}},\"62\":{\"type\":\"textField\",\"enabled\":\"1\",\"collapsed\":\"0\",\"level\":\"1\",\"fields\":{\"fieldLabel\":\"Body\",\"fieldName\":\"body\",\"anchorName\":\"\",\"value\":\"\",\"fieldType\":\"textarea\",\"required\":\"\",\"errorMessage\":\"\",\"width\":\"full\",\"customClass\":\"\"}},\"63\":{\"type\":\"optionField\",\"enabled\":\"1\",\"collapsed\":\"0\",\"level\":\"1\",\"fields\":{\"fieldLabel\":\"Options\",\"anchorName\":\"\",\"fieldName\":\"field\",\"fieldOptions\":[{\"col1\":\"Default\",\"col2\":\"\",\"col3\":\"1\"},{\"col1\":\"Another option\",\"col2\":\"anotherOption\",\"col3\":\"\"},{\"col1\":\"A third\",\"col2\":\"third\",\"col3\":\"\"}],\"optionFieldType\":\"radio\",\"optionFormat\":\"buttons\",\"required\":\"\",\"width\":\"full\",\"customClass\":\"\"}}},\"55\":\"Contact\",\"56\":\"\"}}', '2016-05-22 07:33:13', '2016-05-22 07:33:13', 'bcde79bc-210f-4626-b3cf-a1ac9da476bb'),
 ('65', '45', '3', '1', 'en_us', '24', '', '{\"typeId\":\"3\",\"authorId\":\"1\",\"title\":\"Contact\",\"slug\":\"contact\",\"postDate\":1463891520,\"expiryDate\":null,\"enabled\":1,\"parentId\":\"\",\"fields\":{\"3\":\"\",\"106\":{\"46\":{\"type\":\"row\",\"enabled\":\"1\",\"collapsed\":\"0\",\"level\":\"0\",\"fields\":{\"colour\":\"transparent\",\"customColour\":\"#000000\",\"image\":\"\",\"rowType\":\"standard\",\"customClass\":\"\",\"anchorName\":\"\"}},\"58\":{\"type\":\"form\",\"enabled\":\"1\",\"collapsed\":\"0\",\"level\":\"0\",\"fields\":{\"anchorName\":\"\",\"text\":\"Test\",\"formAction\":\"\",\"redirect\":\"\",\"value\":\"Send\",\"buttonColour\":\"default\",\"colour\":\"subtle\",\"customColour\":\"#000000\",\"thankYouMessage\":\"\",\"width\":\"c2\",\"pushLeft\":\"pushl4\",\"pushRight\":\"\",\"float\":\"left\",\"customClass\":\"\"}},\"59\":{\"type\":\"textField\",\"enabled\":\"1\",\"collapsed\":\"0\",\"level\":\"1\",\"fields\":{\"fieldLabel\":\"Name\",\"fieldName\":\"name\",\"anchorName\":\"\",\"value\":\"\",\"fieldType\":\"text\",\"required\":\"\",\"errorMessage\":\"\",\"width\":\"full\",\"customClass\":\"\"}},\"60\":{\"type\":\"textField\",\"enabled\":\"1\",\"collapsed\":\"0\",\"level\":\"1\",\"fields\":{\"fieldLabel\":\"Email\",\"fieldName\":\"email\",\"anchorName\":\"email\",\"value\":\"\",\"fieldType\":\"email\",\"required\":\"\",\"errorMessage\":\"\",\"width\":\"c2\",\"customClass\":\"\"}},\"61\":{\"type\":\"textField\",\"enabled\":\"1\",\"collapsed\":\"0\",\"level\":\"1\",\"fields\":{\"fieldLabel\":\"Password\",\"fieldName\":\"password\",\"anchorName\":\"\",\"value\":\"\",\"fieldType\":\"text\",\"required\":\"\",\"errorMessage\":\"\",\"width\":\"c2\",\"customClass\":\"\"}},\"62\":{\"type\":\"textField\",\"enabled\":\"1\",\"collapsed\":\"0\",\"level\":\"1\",\"fields\":{\"fieldLabel\":\"Body\",\"fieldName\":\"body\",\"anchorName\":\"\",\"value\":\"\",\"fieldType\":\"textarea\",\"required\":\"\",\"errorMessage\":\"\",\"width\":\"full\",\"customClass\":\"\"}},\"63\":{\"type\":\"optionField\",\"enabled\":\"1\",\"collapsed\":\"0\",\"level\":\"1\",\"fields\":{\"fieldLabel\":\"Options\",\"anchorName\":\"\",\"fieldName\":\"field\",\"fieldOptions\":[{\"col1\":\"Default\",\"col2\":\"\",\"col3\":\"1\"},{\"col1\":\"Another option\",\"col2\":\"anotherOption\",\"col3\":\"\"},{\"col1\":\"A third\",\"col2\":\"third\",\"col3\":\"\"}],\"optionFieldType\":\"radio\",\"optionFormat\":\"pills\",\"required\":\"\",\"width\":\"full\",\"customClass\":\"\"}}},\"55\":\"Contact\",\"56\":\"\"}}', '2016-05-22 07:41:34', '2016-05-22 07:41:34', 'e283101b-a7d0-4c33-965e-900d3a3a5217'),
 ('66', '45', '3', '1', 'en_us', '25', '', '{\"typeId\":\"3\",\"authorId\":\"1\",\"title\":\"Contact\",\"slug\":\"contact\",\"postDate\":1463891520,\"expiryDate\":null,\"enabled\":1,\"parentId\":\"\",\"fields\":{\"3\":\"\",\"106\":{\"46\":{\"type\":\"row\",\"enabled\":\"1\",\"collapsed\":\"0\",\"level\":\"0\",\"fields\":{\"colour\":\"transparent\",\"customColour\":\"#000000\",\"image\":\"\",\"rowType\":\"standard\",\"customClass\":\"\",\"anchorName\":\"\"}},\"58\":{\"type\":\"form\",\"enabled\":\"1\",\"collapsed\":\"0\",\"level\":\"0\",\"fields\":{\"anchorName\":\"\",\"text\":\"Test\",\"formAction\":\"\",\"redirect\":\"\",\"value\":\"Send\",\"buttonColour\":\"default\",\"colour\":\"subtle\",\"customColour\":\"#000000\",\"thankYouMessage\":\"\",\"width\":\"c2\",\"pushLeft\":\"pushl4\",\"pushRight\":\"\",\"float\":\"left\",\"customClass\":\"\"}},\"59\":{\"type\":\"textField\",\"enabled\":\"1\",\"collapsed\":\"0\",\"level\":\"1\",\"fields\":{\"fieldLabel\":\"Name\",\"fieldName\":\"name\",\"anchorName\":\"\",\"value\":\"\",\"fieldType\":\"text\",\"required\":\"\",\"errorMessage\":\"\",\"width\":\"full\",\"customClass\":\"\"}},\"60\":{\"type\":\"textField\",\"enabled\":\"1\",\"collapsed\":\"0\",\"level\":\"1\",\"fields\":{\"fieldLabel\":\"Email\",\"fieldName\":\"email\",\"anchorName\":\"email\",\"value\":\"\",\"fieldType\":\"email\",\"required\":\"\",\"errorMessage\":\"\",\"width\":\"c2\",\"customClass\":\"\"}},\"61\":{\"type\":\"textField\",\"enabled\":\"1\",\"collapsed\":\"0\",\"level\":\"1\",\"fields\":{\"fieldLabel\":\"Password\",\"fieldName\":\"password\",\"anchorName\":\"\",\"value\":\"\",\"fieldType\":\"text\",\"required\":\"\",\"errorMessage\":\"\",\"width\":\"c2\",\"customClass\":\"\"}},\"62\":{\"type\":\"textField\",\"enabled\":\"1\",\"collapsed\":\"0\",\"level\":\"1\",\"fields\":{\"fieldLabel\":\"Body\",\"fieldName\":\"body\",\"anchorName\":\"\",\"value\":\"\",\"fieldType\":\"textarea\",\"required\":\"\",\"errorMessage\":\"\",\"width\":\"full\",\"customClass\":\"\"}},\"63\":{\"type\":\"optionField\",\"enabled\":\"1\",\"collapsed\":\"0\",\"level\":\"1\",\"fields\":{\"fieldLabel\":\"Options\",\"anchorName\":\"\",\"fieldName\":\"field\",\"fieldOptions\":[{\"col1\":\"Default\",\"col2\":\"\",\"col3\":\"1\"},{\"col1\":\"Another option\",\"col2\":\"anotherOption\",\"col3\":\"\"},{\"col1\":\"A third\",\"col2\":\"third\",\"col3\":\"\"}],\"optionFieldType\":\"checkbox\",\"optionFormat\":\"pills\",\"required\":\"\",\"width\":\"full\",\"customClass\":\"\"}}},\"55\":\"Contact\",\"56\":\"\"}}', '2016-05-22 07:42:33', '2016-05-22 07:42:33', 'b02347c5-376b-423b-86a5-8af304458ddd');



DROP TABLE IF EXISTS `craft_fieldgroups`;


--
-- Schema for table `craft_fieldgroups`
--
CREATE TABLE `craft_fieldgroups` (
  `id` int(11) NOT NULL AUTO_INCREMENT,
  `name` varchar(255) COLLATE utf8_unicode_ci NOT NULL,
  `dateCreated` datetime NOT NULL,
  `dateUpdated` datetime NOT NULL,
  `uid` char(36) COLLATE utf8_unicode_ci NOT NULL DEFAULT '0',
  PRIMARY KEY (`id`),
  UNIQUE KEY `craft_fieldgroups_name_unq_idx` (`name`)
) ENGINE=InnoDB AUTO_INCREMENT=6 DEFAULT CHARSET=utf8 COLLATE=utf8_unicode_ci;

--
-- Data for table `craft_fieldgroups`
--

INSERT INTO `craft_fieldgroups` (`id`, `name`, `dateCreated`, `dateUpdated`, `uid`) VALUES
 ('1', 'Default', '2015-05-15 20:59:41', '2015-05-15 20:59:41', 'd80f0458-e93c-40cc-b23b-46e411477291'),
 ('2', 'Assets', '2015-05-15 21:57:23', '2015-05-15 21:57:23', '9a50ad5e-800c-4c27-9112-639a070e5000'),
 ('3', 'Settings', '2016-05-11 20:46:16', '2016-05-11 20:46:16', 'bea70a4a-4324-4146-bea2-a52c7f716a2f'),
 ('4', 'Components', '2016-05-17 19:52:50', '2016-05-17 19:52:50', '34071ab9-856c-421e-afb2-9c96ebcf00af'),
 ('5', 'Forms', '2016-05-22 02:40:15', '2016-05-22 02:40:15', '8bdc58a2-869b-4618-bb10-6ec461735fc2');



DROP TABLE IF EXISTS `craft_fieldlayoutfields`;


--
-- Schema for table `craft_fieldlayoutfields`
--
CREATE TABLE `craft_fieldlayoutfields` (
  `id` int(11) NOT NULL AUTO_INCREMENT,
  `layoutId` int(11) NOT NULL,
  `tabId` int(11) NOT NULL,
  `fieldId` int(11) NOT NULL,
  `required` tinyint(1) unsigned NOT NULL DEFAULT '0',
  `sortOrder` smallint(6) unsigned DEFAULT NULL,
  `dateCreated` datetime NOT NULL,
  `dateUpdated` datetime NOT NULL,
  `uid` char(36) COLLATE utf8_unicode_ci NOT NULL DEFAULT '0',
  PRIMARY KEY (`id`),
  UNIQUE KEY `craft_fieldlayoutfields_layoutId_fieldId_unq_idx` (`layoutId`,`fieldId`),
  KEY `craft_fieldlayoutfields_sortOrder_idx` (`sortOrder`),
  KEY `craft_fieldlayoutfields_tabId_fk` (`tabId`),
  KEY `craft_fieldlayoutfields_fieldId_fk` (`fieldId`)
) ENGINE=InnoDB AUTO_INCREMENT=2527 DEFAULT CHARSET=utf8 COLLATE=utf8_unicode_ci;

--
-- Data for table `craft_fieldlayoutfields`
--

INSERT INTO `craft_fieldlayoutfields` (`id`, `layoutId`, `tabId`, `fieldId`, `required`, `sortOrder`, `dateCreated`, `dateUpdated`, `uid`) VALUES
 ('778', '133', '127', '109', '0', '1', '2016-05-20 06:11:54', '2016-05-20 06:11:54', '21b1d946-510c-42bf-b6f7-8d0ec1aea0c6'),
 ('779', '133', '127', '98', '0', '2', '2016-05-20 06:11:54', '2016-05-20 06:11:54', '7df99115-0266-4a08-83dc-6efbe2231c75'),
 ('780', '133', '127', '57', '0', '3', '2016-05-20 06:11:54', '2016-05-20 06:11:54', '59c19d1a-8086-41e8-8af1-9fbc2c631ad3'),
 ('781', '133', '127', '51', '0', '4', '2016-05-20 06:11:54', '2016-05-20 06:11:54', 'f14d33a4-ebb2-4cfd-94b6-e5578f98f9e3'),
 ('801', '138', '132', '43', '0', '1', '2016-05-20 06:27:25', '2016-05-20 06:27:25', 'fc18f242-b468-4579-ac60-ab394b184af5'),
 ('802', '138', '132', '44', '0', '2', '2016-05-20 06:27:25', '2016-05-20 06:27:25', '1b984bdb-7887-4d2d-94ef-25d67ee5289e'),
 ('803', '138', '132', '45', '0', '3', '2016-05-20 06:27:25', '2016-05-20 06:27:25', '7802ddfa-2591-4806-a9de-ba4ffd785cfa'),
 ('804', '138', '132', '46', '0', '4', '2016-05-20 06:27:25', '2016-05-20 06:27:25', '203bc27f-2f59-400b-a0c7-f6aa9f9ae4b6'),
 ('805', '138', '132', '47', '0', '5', '2016-05-20 06:27:25', '2016-05-20 06:27:25', 'a90ff9b5-0d33-419d-badf-46cbecdb2ba9'),
 ('806', '138', '132', '48', '0', '6', '2016-05-20 06:27:25', '2016-05-20 06:27:25', 'b28c7e90-620f-43b2-965b-2ccf6b78495c'),
 ('807', '138', '132', '49', '0', '7', '2016-05-20 06:27:25', '2016-05-20 06:27:25', 'aee8f9f8-0920-4499-91a2-86e783e3fe9a'),
 ('808', '138', '132', '50', '0', '8', '2016-05-20 06:27:25', '2016-05-20 06:27:25', '5e766a7b-2c65-4935-a774-a6a9662ccdba'),
 ('809', '138', '132', '51', '0', '9', '2016-05-20 06:27:25', '2016-05-20 06:27:25', '4445d742-16d5-44b4-bcb6-07f1d7f00403'),
 ('810', '138', '132', '52', '0', '10', '2016-05-20 06:27:25', '2016-05-20 06:27:25', '21dbc998-ae0f-4d4f-b76b-94c3435b885b'),
 ('811', '138', '132', '53', '0', '11', '2016-05-20 06:27:25', '2016-05-20 06:27:25', 'f4c88bae-e680-4d92-9357-53568bbc8173'),
 ('812', '138', '132', '54', '0', '12', '2016-05-20 06:27:25', '2016-05-20 06:27:25', '4389cc5d-3515-4161-9a93-47e8dad6635a'),
 ('955', '157', '151', '5', '0', '1', '2016-05-20 07:17:21', '2016-05-20 07:17:21', '5b37cd8c-2e28-46d7-8928-42c964b735ef'),
 ('956', '157', '151', '9', '0', '2', '2016-05-20 07:17:21', '2016-05-20 07:17:21', 'a78baab3-832e-41ea-a3ba-29bf1b5a4440'),
 ('957', '157', '151', '6', '0', '3', '2016-05-20 07:17:21', '2016-05-20 07:17:21', '07f238c0-05b9-4841-b7de-b2c0a638e609'),
 ('958', '157', '151', '7', '0', '4', '2016-05-20 07:17:21', '2016-05-20 07:17:21', '3d522a07-ac38-4c8a-a881-ef70cd5bbe24'),
 ('959', '157', '151', '8', '0', '5', '2016-05-20 07:17:21', '2016-05-20 07:17:21', 'f6122f5a-3e04-48a3-baeb-84ced8798d17'),
 ('960', '157', '151', '4', '0', '6', '2016-05-20 07:17:21', '2016-05-20 07:17:21', '2c2faf6e-0ffe-458e-b514-3489c08b22ba'),
 ('961', '158', '152', '10', '0', '1', '2016-05-20 07:17:22', '2016-05-20 07:17:22', 'eb0d5c56-e649-40d2-8df8-a4fb74c69df7'),
 ('962', '158', '152', '11', '0', '2', '2016-05-20 07:17:22', '2016-05-20 07:17:22', '7329a3a9-0dce-40d2-b7c1-6c8ab80aa5eb'),
 ('963', '158', '152', '13', '0', '3', '2016-05-20 07:17:22', '2016-05-20 07:17:22', '78e06a18-8738-4fb2-9106-63496f2fc5b0'),
 ('964', '158', '152', '12', '0', '4', '2016-05-20 07:17:22', '2016-05-20 07:17:22', '682585ee-1e82-480c-a05d-6fe3ada03127'),
 ('965', '158', '152', '15', '0', '5', '2016-05-20 07:17:22', '2016-05-20 07:17:22', 'f5ea5110-cef0-472d-b043-ef490e2bffa0'),
 ('966', '158', '152', '16', '0', '6', '2016-05-20 07:17:22', '2016-05-20 07:17:22', '83323556-3ab5-4404-8f8e-2620b29ec119'),
 ('967', '158', '152', '14', '0', '7', '2016-05-20 07:17:22', '2016-05-20 07:17:22', 'b0c6920b-da9e-495c-ac80-9943c82ce343'),
 ('968', '158', '152', '17', '0', '8', '2016-05-20 07:17:22', '2016-05-20 07:17:22', '2a17c528-32b3-408b-baae-39ec8cb33baa'),
 ('969', '158', '152', '18', '0', '9', '2016-05-20 07:17:22', '2016-05-20 07:17:22', 'ecd05dda-c973-4f41-9e31-61bf2cf6a21f'),
 ('970', '159', '153', '20', '0', '1', '2016-05-20 07:17:22', '2016-05-20 07:17:22', '6e1cfcfb-d6a1-4964-a3c4-2460a830e9c7'),
 ('971', '159', '153', '21', '0', '2', '2016-05-20 07:17:22', '2016-05-20 07:17:22', 'be129181-67f4-4178-9b98-6c4b0b40663a'),
 ('972', '160', '154', '19', '0', '1', '2016-05-20 07:17:22', '2016-05-20 07:17:22', 'd4ce5160-a0a5-40bb-ac44-1b1f2bd6ff7a'),
 ('973', '160', '154', '58', '0', '2', '2016-05-20 07:17:22', '2016-05-20 07:17:22', '4c6b1c94-5484-4dee-8f00-72721f674190'),
 ('978', '162', '157', '55', '0', '1', '2016-05-20 15:30:28', '2016-05-20 15:30:28', '2b949f98-7d4f-4efe-be89-995c3bb33259'),
 ('979', '162', '157', '56', '0', '2', '2016-05-20 15:30:28', '2016-05-20 15:30:28', '751099e8-d57a-4bb6-8176-fda2aa27fc3a'),
 ('980', '162', '157', '106', '0', '3', '2016-05-20 15:30:28', '2016-05-20 15:30:28', '609e9517-1962-43d0-b239-56ad1f99cda3'),
 ('981', '162', '158', '3', '0', '1', '2016-05-20 15:30:28', '2016-05-20 15:30:28', '8dad36fc-df4b-45a1-9d76-36b4c68e332f'),
 ('1520', '238', '235', '97', '0', '1', '2016-05-22 04:48:47', '2016-05-22 04:48:47', '3e041768-0235-4602-a244-416e559a75f3'),
 ('1521', '238', '235', '120', '0', '2', '2016-05-22 04:48:47', '2016-05-22 04:48:47', 'bba70258-c568-4f60-814f-b5950405acdf'),
 ('1522', '238', '235', '116', '0', '3', '2016-05-22 04:48:47', '2016-05-22 04:48:47', 'a2857583-f185-4bd7-b372-739b61f26dfa'),
 ('1523', '238', '235', '117', '0', '4', '2016-05-22 04:48:47', '2016-05-22 04:48:47', 'bf59c000-968b-4bb5-a889-222bd4e50288'),
 ('1524', '238', '235', '118', '0', '5', '2016-05-22 04:48:47', '2016-05-22 04:48:47', '8f4025cd-9ac6-455c-9d7b-48ee501d4e83'),
 ('1525', '238', '235', '122', '0', '6', '2016-05-22 04:48:47', '2016-05-22 04:48:47', '51765aa1-84b6-4558-960c-fb2e871bf691'),
 ('1526', '238', '235', '88', '0', '7', '2016-05-22 04:48:47', '2016-05-22 04:48:47', '169cba76-e0c7-4967-ae73-b9d7daaa5b3e'),
 ('1527', '238', '235', '89', '0', '8', '2016-05-22 04:48:47', '2016-05-22 04:48:47', 'a0db91fe-f906-4270-9e8c-35789eb05ece'),
 ('1528', '238', '235', '90', '0', '9', '2016-05-22 04:48:47', '2016-05-22 04:48:47', 'af5cd101-ef3b-4e35-9873-807e3a8911a0'),
 ('1529', '238', '235', '102', '0', '10', '2016-05-22 04:48:47', '2016-05-22 04:48:47', '3eadab7b-3695-4ad8-bfef-991da9b60f08'),
 ('1530', '238', '235', '91', '0', '11', '2016-05-22 04:48:47', '2016-05-22 04:48:47', 'dbeffd30-2967-443b-858e-18d52ebe314a'),
 ('1531', '239', '236', '95', '0', '1', '2016-05-22 04:48:47', '2016-05-22 04:48:47', 'ab4c107d-5466-4cbc-b604-554b53094838'),
 ('1532', '239', '236', '92', '0', '2', '2016-05-22 04:48:47', '2016-05-22 04:48:47', '7a6df498-e2a2-4286-8956-5111d6ee0259'),
 ('1533', '239', '236', '91', '0', '3', '2016-05-22 04:48:47', '2016-05-22 04:48:47', '0149e140-1d44-4c5d-b85d-89d61522d97f'),
 ('1534', '239', '236', '97', '0', '4', '2016-05-22 04:48:47', '2016-05-22 04:48:47', '0978d670-d06e-49e6-88ef-0115f75e480c'),
 ('1535', '240', '237', '97', '0', '1', '2016-05-22 04:48:47', '2016-05-22 04:48:47', '8e5d8767-453d-4c74-afb0-f15a967d7703'),
 ('1536', '240', '237', '124', '0', '2', '2016-05-22 04:48:47', '2016-05-22 04:48:47', '0aa8453f-ad4e-42b6-8969-b612a3b98525'),
 ('1537', '240', '237', '112', '0', '3', '2016-05-22 04:48:47', '2016-05-22 04:48:47', '4fe3d854-79c7-47db-8510-2f8a7fcb0f55'),
 ('1538', '240', '237', '118', '0', '4', '2016-05-22 04:48:47', '2016-05-22 04:48:47', '5a1b2dc6-2630-409b-ad80-e55b251322da'),
 ('1539', '240', '237', '111', '0', '5', '2016-05-22 04:48:47', '2016-05-22 04:48:47', '1af90613-2a6d-4595-a396-22282095a908'),
 ('1540', '240', '237', '113', '0', '6', '2016-05-22 04:48:47', '2016-05-22 04:48:47', 'd9de05d9-b493-4aef-b806-35ceb8eb4479'),
 ('1541', '240', '237', '115', '0', '7', '2016-05-22 04:48:47', '2016-05-22 04:48:47', '38c3b2f7-0f5a-4e23-bf99-10bfa1e34b2d'),
 ('1542', '240', '237', '121', '0', '8', '2016-05-22 04:48:47', '2016-05-22 04:48:47', '2d91bf27-fc86-4c26-8da4-71537b3c9296'),
 ('1543', '240', '237', '88', '0', '9', '2016-05-22 04:48:47', '2016-05-22 04:48:47', 'ea1386f1-3899-4a53-8602-4a63c181da6d'),
 ('1544', '240', '237', '91', '0', '10', '2016-05-22 04:48:47', '2016-05-22 04:48:47', '832ef461-c76f-40d2-b8de-7087d2eb2c4c'),
 ('1545', '241', '238', '97', '0', '1', '2016-05-22 04:48:47', '2016-05-22 04:48:47', '14570923-a6a5-4af4-9252-90c5cdf08e20'),
 ('1546', '241', '238', '124', '0', '2', '2016-05-22 04:48:47', '2016-05-22 04:48:47', 'b6a9ef1b-7737-466d-bb00-e4c104b1c86f'),
 ('1547', '241', '238', '112', '0', '3', '2016-05-22 04:48:47', '2016-05-22 04:48:47', 'f723ca96-37af-44ec-afb8-f39122c33ad3'),
 ('1548', '241', '238', '114', '0', '4', '2016-05-22 04:48:47', '2016-05-22 04:48:47', '9f5ec5ef-e4d3-4790-9bed-546f2872848e'),
 ('1549', '241', '238', '119', '0', '5', '2016-05-22 04:48:47', '2016-05-22 04:48:47', '8064baa5-ead3-4a7f-aea3-2b733579c298'),
 ('1550', '241', '238', '115', '0', '6', '2016-05-22 04:48:47', '2016-05-22 04:48:47', '098beabd-635b-413c-a205-82b5b066b003'),
 ('1551', '241', '238', '88', '0', '7', '2016-05-22 04:48:47', '2016-05-22 04:48:47', 'f2179533-ca66-4c2f-8d87-51ce85018c4a'),
 ('1552', '241', '238', '91', '0', '8', '2016-05-22 04:48:47', '2016-05-22 04:48:47', '7106e66e-2796-41cc-97d2-fd6904fbaf4d'),
 ('1553', '242', '239', '97', '0', '1', '2016-05-22 04:48:47', '2016-05-22 04:48:47', 'eb6106d7-ca13-4867-975b-ac2c23e760e6'),
 ('1554', '242', '239', '124', '0', '2', '2016-05-22 04:48:47', '2016-05-22 04:48:47', 'fa7e8ac0-d6e1-4945-9926-b5009f36af7a'),
 ('1555', '242', '239', '112', '0', '3', '2016-05-22 04:48:47', '2016-05-22 04:48:47', 'e94b8459-0d33-4813-bf86-2929c032bd96'),
 ('1556', '242', '239', '114', '0', '4', '2016-05-22 04:48:47', '2016-05-22 04:48:47', '82992aff-a146-4bb8-93b5-43e7d9a32689'),
 ('1557', '242', '239', '119', '0', '5', '2016-05-22 04:48:47', '2016-05-22 04:48:47', '8ecf94bc-9bcc-4b74-9b2c-e6c39e2f6735'),
 ('1558', '242', '239', '115', '0', '6', '2016-05-22 04:48:47', '2016-05-22 04:48:47', 'd08d7431-07c9-4b01-b3d1-493e8e9b7662'),
 ('1559', '242', '239', '88', '0', '7', '2016-05-22 04:48:47', '2016-05-22 04:48:47', '6a51a301-c255-407c-9865-f16d0e970cbe'),
 ('1560', '242', '239', '91', '0', '8', '2016-05-22 04:48:47', '2016-05-22 04:48:47', '4a1c59a3-0e96-4892-aa2b-75859693d96a'),
 ('1561', '243', '240', '97', '0', '1', '2016-05-22 04:48:47', '2016-05-22 04:48:47', '34c8b7cd-8e49-4617-bc8b-717d3c6784bf'),
 ('1562', '243', '240', '124', '0', '2', '2016-05-22 04:48:47', '2016-05-22 04:48:47', 'e8cc6fd1-d238-4069-9158-4a74f59d74e8'),
 ('1563', '243', '240', '112', '0', '3', '2016-05-22 04:48:47', '2016-05-22 04:48:47', '6f13e2b9-fe7b-4912-9304-a4341e25913d'),
 ('1564', '243', '240', '114', '0', '4', '2016-05-22 04:48:47', '2016-05-22 04:48:47', 'f53b5afa-d760-4ecf-9f3e-dc191602a9fd'),
 ('1565', '243', '240', '88', '0', '5', '2016-05-22 04:48:47', '2016-05-22 04:48:47', '4084f3b2-ba59-45c8-99af-02f80074640b'),
 ('1838', '276', '273', '55', '0', '1', '2016-05-22 05:22:00', '2016-05-22 05:22:00', '07251713-1cc1-4b47-bb87-f3d62df615ac'),
 ('1839', '276', '273', '56', '0', '2', '2016-05-22 05:22:00', '2016-05-22 05:22:00', '9fb627f6-6c7e-4803-8bc9-7d18f5e29932'),
 ('1840', '276', '273', '106', '0', '3', '2016-05-22 05:22:00', '2016-05-22 05:22:00', 'f2d731b9-90f1-4ae4-bdc7-e011c97bff38'),
 ('1841', '276', '274', '3', '0', '1', '2016-05-22 05:22:00', '2016-05-22 05:22:00', 'ac8e8d25-6db2-4e9e-81e0-4fb192417526'),
 ('2423', '346', '344', '95', '0', '1', '2016-05-22 07:26:31', '2016-05-22 07:26:31', '2e16e513-cfc0-4f1c-9e36-c200a99f3387'),
 ('2424', '346', '344', '92', '0', '2', '2016-05-22 07:26:31', '2016-05-22 07:26:31', '47761846-b055-4d4f-99ee-3d835bbc4ae4'),
 ('2425', '346', '344', '98', '0', '3', '2016-05-22 07:26:31', '2016-05-22 07:26:31', 'bf5ee966-6d08-44da-856e-1b05f12afbb3'),
 ('2426', '346', '344', '99', '0', '4', '2016-05-22 07:26:31', '2016-05-22 07:26:31', 'e475b44b-9e3c-4394-98ed-c024e80353c2'),
 ('2427', '346', '344', '91', '0', '5', '2016-05-22 07:26:31', '2016-05-22 07:26:31', 'c660a947-5cd9-49d6-83c8-4fa49bdc9a59'),
 ('2428', '346', '344', '97', '0', '6', '2016-05-22 07:26:31', '2016-05-22 07:26:31', 'd5d96217-ecf2-4dcd-9abb-6e08719d9750'),
 ('2429', '347', '345', '104', '0', '1', '2016-05-22 07:26:31', '2016-05-22 07:26:31', '61468588-a691-4286-b193-c31969ef4b7f'),
 ('2430', '347', '345', '88', '0', '2', '2016-05-22 07:26:31', '2016-05-22 07:26:31', '71165608-a926-4f8e-bc3d-4abd070c2282'),
 ('2431', '347', '345', '89', '0', '3', '2016-05-22 07:26:31', '2016-05-22 07:26:31', 'c27d7d32-eab7-4760-bb70-990ee7173e4c'),
 ('2432', '347', '345', '90', '0', '4', '2016-05-22 07:26:31', '2016-05-22 07:26:31', '3d09530c-c691-4942-8f7b-a5e4f3592feb'),
 ('2433', '347', '345', '91', '0', '5', '2016-05-22 07:26:31', '2016-05-22 07:26:31', 'da8c48cb-2ec2-4763-9690-a5066930315d');
INSERT INTO `craft_fieldlayoutfields` (`id`, `layoutId`, `tabId`, `fieldId`, `required`, `sortOrder`, `dateCreated`, `dateUpdated`, `uid`) VALUES
 ('2434', '348', '346', '94', '0', '1', '2016-05-22 07:26:31', '2016-05-22 07:26:31', '82ed2d8a-6d1c-4dbd-a805-9b41091d937d'),
 ('2435', '348', '346', '93', '0', '2', '2016-05-22 07:26:31', '2016-05-22 07:26:31', 'c01380c6-1d85-41c3-81ef-c982e6c8ed5d'),
 ('2436', '348', '346', '88', '0', '3', '2016-05-22 07:26:31', '2016-05-22 07:26:31', 'e1ce262e-a7e0-441e-bf28-3b31765f5970'),
 ('2437', '348', '346', '89', '0', '4', '2016-05-22 07:26:31', '2016-05-22 07:26:31', '2585d483-f7ec-4189-94eb-abadb4391ad9'),
 ('2438', '348', '346', '90', '0', '5', '2016-05-22 07:26:31', '2016-05-22 07:26:31', 'e49959a2-ce39-4c92-9b78-768059532909'),
 ('2439', '348', '346', '102', '0', '6', '2016-05-22 07:26:31', '2016-05-22 07:26:31', '5a871dbf-ce0c-4a5e-b7c9-15c62ce919b5'),
 ('2440', '348', '346', '91', '0', '7', '2016-05-22 07:26:31', '2016-05-22 07:26:31', 'a03d3945-5ef0-41c6-92fa-a9f568b937d2'),
 ('2441', '349', '347', '98', '0', '1', '2016-05-22 07:26:31', '2016-05-22 07:26:31', '9f8ca5a7-2cc8-4b70-be00-e5319d931aac'),
 ('2442', '349', '347', '94', '0', '2', '2016-05-22 07:26:31', '2016-05-22 07:26:31', '6a0d3692-da21-49ff-b77e-c16f5c955501'),
 ('2443', '349', '347', '93', '0', '3', '2016-05-22 07:26:31', '2016-05-22 07:26:31', 'd006986d-3a69-4b78-8a25-64495f85b3e1'),
 ('2444', '349', '347', '95', '0', '4', '2016-05-22 07:26:31', '2016-05-22 07:26:31', '235e8409-182e-46f4-8b9e-929583fba47b'),
 ('2445', '349', '347', '92', '0', '5', '2016-05-22 07:26:31', '2016-05-22 07:26:31', '3a1f961c-84d1-45f5-b743-2b89856648e8'),
 ('2446', '349', '347', '88', '0', '6', '2016-05-22 07:26:31', '2016-05-22 07:26:31', '151c5024-fd63-4226-8e91-0203a1775816'),
 ('2447', '349', '347', '89', '0', '7', '2016-05-22 07:26:31', '2016-05-22 07:26:31', 'bd3c0d8b-2d36-4011-b78b-77d1a762db69'),
 ('2448', '349', '347', '90', '0', '8', '2016-05-22 07:26:31', '2016-05-22 07:26:31', '16aaff6b-087c-4959-8f27-842485e06c97'),
 ('2449', '349', '347', '102', '0', '9', '2016-05-22 07:26:31', '2016-05-22 07:26:31', '18fd6f39-c270-47c6-af13-afe6777f2cf3'),
 ('2450', '349', '347', '91', '0', '10', '2016-05-22 07:26:31', '2016-05-22 07:26:31', '5c0ad2c9-e4c5-4cf4-891b-a8506769ca04'),
 ('2451', '350', '348', '94', '0', '1', '2016-05-22 07:26:31', '2016-05-22 07:26:31', '5d1bcca6-02e9-49c6-a1cf-37e4fc7d741d'),
 ('2452', '350', '348', '101', '0', '2', '2016-05-22 07:26:31', '2016-05-22 07:26:31', '00137c03-d65d-4667-93c9-be59bf90e012'),
 ('2453', '350', '348', '88', '0', '3', '2016-05-22 07:26:31', '2016-05-22 07:26:31', 'f2fe2494-a460-4d13-b501-9c3210ee0f97'),
 ('2454', '350', '348', '89', '0', '4', '2016-05-22 07:26:31', '2016-05-22 07:26:31', 'a90d6587-3e24-44ea-b697-594479605424'),
 ('2455', '350', '348', '90', '0', '5', '2016-05-22 07:26:31', '2016-05-22 07:26:31', '157f3cf5-fc3f-47f2-90f8-396882100200'),
 ('2456', '350', '348', '102', '0', '6', '2016-05-22 07:26:31', '2016-05-22 07:26:31', '3c520a10-2b95-4502-9b8d-2bd3480e3911'),
 ('2457', '350', '348', '91', '0', '7', '2016-05-22 07:26:31', '2016-05-22 07:26:31', '5c5ba0e5-0379-4182-9c4b-894eef950ce7'),
 ('2458', '351', '349', '107', '0', '1', '2016-05-22 07:26:31', '2016-05-22 07:26:31', '5ad79bf9-b732-4a71-9d22-dfb11bf60c71'),
 ('2459', '351', '349', '108', '0', '2', '2016-05-22 07:26:31', '2016-05-22 07:26:31', '50b56091-34f7-4f1b-a053-4df5454c7fed'),
 ('2460', '351', '349', '88', '0', '3', '2016-05-22 07:26:31', '2016-05-22 07:26:31', '765c9bee-3f23-4844-a4cc-d74b3c1cbb25'),
 ('2461', '351', '349', '89', '0', '4', '2016-05-22 07:26:31', '2016-05-22 07:26:31', 'f5d06f5e-b396-41e2-a17c-18a42e265055'),
 ('2462', '351', '349', '90', '0', '5', '2016-05-22 07:26:31', '2016-05-22 07:26:31', '5692708e-16e1-4301-86c1-61054e57cbad'),
 ('2463', '351', '349', '102', '0', '6', '2016-05-22 07:26:31', '2016-05-22 07:26:31', '832de329-88b2-4aca-9363-13bbaf166286'),
 ('2464', '351', '349', '91', '0', '7', '2016-05-22 07:26:31', '2016-05-22 07:26:31', '1400e00e-93e7-4c15-a39c-9dc18aba6935'),
 ('2465', '352', '350', '94', '0', '1', '2016-05-22 07:26:31', '2016-05-22 07:26:31', 'a672015b-20e4-468d-86bf-b45a68b72534'),
 ('2466', '352', '350', '103', '0', '2', '2016-05-22 07:26:31', '2016-05-22 07:26:31', 'a2027c9f-8096-4812-8f8c-cab24a562d22'),
 ('2467', '352', '350', '88', '0', '3', '2016-05-22 07:26:31', '2016-05-22 07:26:31', '0cf34cc9-6143-43d1-88ee-92a9ba7cc60f'),
 ('2468', '352', '350', '89', '0', '4', '2016-05-22 07:26:31', '2016-05-22 07:26:31', '1a665281-9d24-436a-beac-30f72a2d8a0e'),
 ('2469', '352', '350', '90', '0', '5', '2016-05-22 07:26:31', '2016-05-22 07:26:31', 'e17305d0-c894-4b26-a87d-855646a16aba'),
 ('2470', '352', '350', '102', '0', '6', '2016-05-22 07:26:31', '2016-05-22 07:26:31', 'bfc4022f-d64e-4a1d-8be6-6ca50d683bbf'),
 ('2471', '352', '350', '91', '0', '7', '2016-05-22 07:26:31', '2016-05-22 07:26:31', 'dcc40155-d09d-4823-8ac1-6a82b00631ee'),
 ('2472', '353', '351', '98', '0', '1', '2016-05-22 07:26:31', '2016-05-22 07:26:31', '9422ffec-2211-455c-97d9-0e4fe717f4b6'),
 ('2473', '353', '351', '48', '0', '2', '2016-05-22 07:26:31', '2016-05-22 07:26:31', '30338c39-291e-4855-a2ad-563123c00191'),
 ('2474', '353', '351', '88', '0', '3', '2016-05-22 07:26:31', '2016-05-22 07:26:31', '9c7d3455-9384-42f6-ba66-8dff3aa67635'),
 ('2475', '353', '351', '89', '0', '4', '2016-05-22 07:26:31', '2016-05-22 07:26:31', 'ecfe69b4-24c7-4880-aa47-2fc50bd3f0e0'),
 ('2476', '353', '351', '90', '0', '5', '2016-05-22 07:26:31', '2016-05-22 07:26:31', '136b8b49-c0da-42b3-b5eb-758074c95040'),
 ('2477', '353', '351', '102', '0', '6', '2016-05-22 07:26:31', '2016-05-22 07:26:31', '6e0a4f0a-fe7c-4400-a1d9-1e7c70b70a3f'),
 ('2478', '353', '351', '110', '0', '7', '2016-05-22 07:26:31', '2016-05-22 07:26:31', 'a5aa0480-f9ca-49dd-a165-6114ec7086ca'),
 ('2479', '353', '351', '111', '0', '8', '2016-05-22 07:26:31', '2016-05-22 07:26:31', 'a7e8e441-7f3b-4125-b6b9-109c2bed5ac3'),
 ('2480', '353', '351', '91', '0', '9', '2016-05-22 07:26:31', '2016-05-22 07:26:31', 'a4d079c9-9a69-4b21-86d4-8f8568424c15'),
 ('2481', '354', '352', '105', '0', '1', '2016-05-22 07:26:31', '2016-05-22 07:26:31', '41f33977-d479-48ef-a25f-ba9a46e27e44'),
 ('2482', '354', '352', '50', '0', '2', '2016-05-22 07:26:31', '2016-05-22 07:26:31', 'b9b86cea-d290-4f4b-a094-6272a3651e68'),
 ('2483', '354', '352', '100', '0', '3', '2016-05-22 07:26:31', '2016-05-22 07:26:31', 'a45826bd-9318-4186-89e0-7e7add1cedd6'),
 ('2484', '354', '352', '51', '0', '4', '2016-05-22 07:26:31', '2016-05-22 07:26:31', '8aabfb6e-0869-4fe9-9194-8ecbfbf85607'),
 ('2485', '354', '352', '52', '0', '5', '2016-05-22 07:26:31', '2016-05-22 07:26:31', 'bf1b9c79-2ecf-4c30-84aa-83b3bcdfa213'),
 ('2486', '354', '352', '53', '0', '6', '2016-05-22 07:26:31', '2016-05-22 07:26:31', '048dd1ac-8c78-4e68-8558-0911f6c9d0d4'),
 ('2487', '354', '352', '54', '0', '7', '2016-05-22 07:26:31', '2016-05-22 07:26:31', '14326c07-2e79-4d14-9452-fb0af8661797'),
 ('2488', '354', '352', '88', '0', '8', '2016-05-22 07:26:31', '2016-05-22 07:26:31', 'eefd0644-9095-4993-b9c8-157d54169e52'),
 ('2489', '354', '352', '89', '0', '9', '2016-05-22 07:26:31', '2016-05-22 07:26:31', '5f253efa-3f8c-4caa-8472-14820cfeacb8'),
 ('2490', '354', '352', '90', '0', '10', '2016-05-22 07:26:31', '2016-05-22 07:26:31', 'c3d2f5ea-0ae4-4c0b-9c2c-727e05fb408f'),
 ('2491', '354', '352', '102', '0', '11', '2016-05-22 07:26:31', '2016-05-22 07:26:31', '5b7ea4b6-442b-4b54-a5a4-51aadb4ec1fc'),
 ('2492', '354', '352', '110', '0', '12', '2016-05-22 07:26:31', '2016-05-22 07:26:31', '6519eeb2-763e-47ed-a97f-25f889f058bc'),
 ('2493', '354', '352', '111', '0', '13', '2016-05-22 07:26:31', '2016-05-22 07:26:31', 'b1fb53ac-934c-40d0-b205-fc020e1651e0'),
 ('2494', '354', '352', '91', '0', '14', '2016-05-22 07:26:31', '2016-05-22 07:26:31', '7985dd5d-4888-42d1-b64c-1f6e7bd57a97'),
 ('2495', '355', '353', '124', '0', '1', '2016-05-22 07:26:31', '2016-05-22 07:26:31', 'dd66478d-a4a6-43d1-bdfd-5cd53c8fab64'),
 ('2496', '355', '353', '112', '0', '2', '2016-05-22 07:26:31', '2016-05-22 07:26:31', 'd96b0c43-d650-486f-a2b5-f71c2cfab757'),
 ('2497', '355', '353', '97', '0', '3', '2016-05-22 07:26:31', '2016-05-22 07:26:31', '703a4090-4424-40f1-a15c-97a0d8d67500'),
 ('2498', '355', '353', '118', '0', '4', '2016-05-22 07:26:31', '2016-05-22 07:26:31', '79a2ab70-c911-4543-8f1c-40d6c79018ce'),
 ('2499', '355', '353', '113', '0', '5', '2016-05-22 07:26:31', '2016-05-22 07:26:31', '37708dc1-6da8-491a-a00a-48f4b84aac60'),
 ('2500', '355', '353', '115', '0', '6', '2016-05-22 07:26:31', '2016-05-22 07:26:31', '57a6f7ee-e232-4f93-955a-ca4a8cd88949'),
 ('2501', '355', '353', '121', '0', '7', '2016-05-22 07:26:31', '2016-05-22 07:26:31', '796d5a45-f4f8-42e4-8ada-4c8191f41044'),
 ('2502', '355', '353', '88', '0', '8', '2016-05-22 07:26:31', '2016-05-22 07:26:31', 'cbe8ee75-d89f-4469-a38b-f3fe46bd4eb9'),
 ('2503', '355', '353', '91', '0', '9', '2016-05-22 07:26:31', '2016-05-22 07:26:31', 'f22f004f-9e18-4b67-9dbc-7ec44fced0cf'),
 ('2504', '356', '354', '97', '0', '1', '2016-05-22 07:26:31', '2016-05-22 07:26:31', '97ca6f09-aa9c-4b90-80eb-753ab8487fa6'),
 ('2505', '356', '354', '94', '0', '2', '2016-05-22 07:26:31', '2016-05-22 07:26:31', '17b1d008-c144-4bf8-88b0-288d4e13d1bc'),
 ('2506', '356', '354', '116', '0', '3', '2016-05-22 07:26:31', '2016-05-22 07:26:31', '0c051c39-bddf-4a01-b11f-83db1e00261e'),
 ('2507', '356', '354', '117', '0', '4', '2016-05-22 07:26:31', '2016-05-22 07:26:31', '4033364f-a774-40c9-ae55-22e16f2673ca'),
 ('2508', '356', '354', '118', '0', '5', '2016-05-22 07:26:31', '2016-05-22 07:26:31', 'd1529b25-56b1-4bc2-a6c0-46f970901824'),
 ('2509', '356', '354', '125', '0', '6', '2016-05-22 07:26:31', '2016-05-22 07:26:31', 'c71c05bb-dadc-4b34-b0c0-b1bc8f82b283'),
 ('2510', '356', '354', '95', '0', '7', '2016-05-22 07:26:31', '2016-05-22 07:26:31', '917ae532-1135-4e87-b6a8-86ad6b49b1ac'),
 ('2511', '356', '354', '92', '0', '8', '2016-05-22 07:26:31', '2016-05-22 07:26:31', 'f5b019de-838a-478d-8642-319c296a3596'),
 ('2512', '356', '354', '122', '0', '9', '2016-05-22 07:26:31', '2016-05-22 07:26:31', 'b4dd627d-84f9-4f40-9355-10303398b11e'),
 ('2513', '356', '354', '88', '0', '10', '2016-05-22 07:26:31', '2016-05-22 07:26:31', 'a2f065af-e393-489b-ad05-c776437a9747'),
 ('2514', '356', '354', '89', '0', '11', '2016-05-22 07:26:31', '2016-05-22 07:26:31', '633e4905-8d13-4ce8-a8a6-286d1e79a5b6'),
 ('2515', '356', '354', '90', '0', '12', '2016-05-22 07:26:31', '2016-05-22 07:26:31', '9e309fbb-8389-4601-bf6c-99f4211e0011'),
 ('2516', '356', '354', '102', '0', '13', '2016-05-22 07:26:31', '2016-05-22 07:26:31', '2a1ba977-c6c4-4cb0-a581-a5b3addf8384'),
 ('2517', '356', '354', '91', '0', '14', '2016-05-22 07:26:31', '2016-05-22 07:26:31', '433bc25e-2e83-41e9-85e4-250e6618a542'),
 ('2518', '357', '355', '124', '0', '1', '2016-05-22 07:26:31', '2016-05-22 07:26:31', '4b9df992-39b9-4061-83a6-9c03465518a7'),
 ('2519', '357', '355', '97', '0', '2', '2016-05-22 07:26:31', '2016-05-22 07:26:31', '839aba50-93a7-4d0f-bc29-327917fe22ed'),
 ('2520', '357', '355', '112', '0', '3', '2016-05-22 07:26:31', '2016-05-22 07:26:31', '6acd40be-3944-4106-bbff-42437399a159'),
 ('2521', '357', '355', '114', '0', '4', '2016-05-22 07:26:31', '2016-05-22 07:26:31', '024f972f-ce51-4f5e-b728-4d4ade8c3b0b'),
 ('2522', '357', '355', '119', '0', '5', '2016-05-22 07:26:31', '2016-05-22 07:26:31', '2263a7bc-475f-4c2d-998c-6fb2445df92f'),
 ('2523', '357', '355', '126', '0', '6', '2016-05-22 07:26:31', '2016-05-22 07:26:31', '0e7456c8-4d5d-485c-a28f-25844ed4ab8d'),
 ('2524', '357', '355', '115', '0', '7', '2016-05-22 07:26:31', '2016-05-22 07:26:31', '23b4d35c-3103-4e0b-9c99-fa97cdd1fc18'),
 ('2525', '357', '355', '88', '0', '8', '2016-05-22 07:26:31', '2016-05-22 07:26:31', '3aa442b6-3e38-4da5-a614-183ca8fb52ce'),
 ('2526', '357', '355', '91', '0', '9', '2016-05-22 07:26:31', '2016-05-22 07:26:31', '33511e7a-a33a-432a-ad71-bc462d5198d7');



DROP TABLE IF EXISTS `craft_fieldlayouts`;


--
-- Schema for table `craft_fieldlayouts`
--
CREATE TABLE `craft_fieldlayouts` (
  `id` int(11) NOT NULL AUTO_INCREMENT,
  `type` varchar(150) COLLATE utf8_unicode_ci NOT NULL,
  `dateCreated` datetime NOT NULL,
  `dateUpdated` datetime NOT NULL,
  `uid` char(36) COLLATE utf8_unicode_ci NOT NULL DEFAULT '0',
  PRIMARY KEY (`id`),
  KEY `craft_fieldlayouts_type_idx` (`type`)
) ENGINE=InnoDB AUTO_INCREMENT=358 DEFAULT CHARSET=utf8 COLLATE=utf8_unicode_ci;

--
-- Data for table `craft_fieldlayouts`
--

INSERT INTO `craft_fieldlayouts` (`id`, `type`, `dateCreated`, `dateUpdated`, `uid`) VALUES
 ('1', 'Tag', '2015-05-15 20:59:41', '2015-05-15 20:59:41', '1138e6bd-bde5-489b-83b9-752d3bd863d8'),
 ('133', 'GlobalSet', '2016-05-20 06:11:54', '2016-05-20 06:11:54', '7c207ca0-b120-4416-88ea-6054a86b96c9'),
 ('138', 'Asset', '2016-05-20 06:27:25', '2016-05-20 06:27:25', '62fe26fc-3db3-41b0-85ca-fd0b365122b9'),
 ('157', 'MatrixBlock', '2016-05-20 07:17:21', '2016-05-20 07:17:21', 'df398d35-bc58-4ee5-b312-66484294d26e'),
 ('158', 'MatrixBlock', '2016-05-20 07:17:22', '2016-05-20 07:17:22', '64115121-ffa9-4faf-a489-a364f0498535'),
 ('159', 'MatrixBlock', '2016-05-20 07:17:22', '2016-05-20 07:17:22', 'eb1ed1de-cc3d-40d9-b6e8-acfd53df79bf'),
 ('160', 'MatrixBlock', '2016-05-20 07:17:22', '2016-05-20 07:17:22', '715f03d5-12ad-4b16-a1cd-712eeb9fd92d'),
 ('162', 'Entry', '2016-05-20 15:30:28', '2016-05-20 15:30:28', 'c754cae1-fa2d-4393-b093-4ba66673a02c'),
 ('238', 'Neo_Block', '2016-05-22 04:48:47', '2016-05-22 04:48:47', '4479af81-5d39-41eb-b233-4a9a7bb5570f'),
 ('239', 'Neo_Block', '2016-05-22 04:48:47', '2016-05-22 04:48:47', '4184150d-2cbe-497c-8ae0-ff7231a96481'),
 ('240', 'Neo_Block', '2016-05-22 04:48:47', '2016-05-22 04:48:47', '71186c8d-bc72-470d-a2c8-592473735a4c'),
 ('241', 'Neo_Block', '2016-05-22 04:48:47', '2016-05-22 04:48:47', '6c29c93b-2ab3-4ea2-a914-5f5a3f87f170'),
 ('242', 'Neo_Block', '2016-05-22 04:48:47', '2016-05-22 04:48:47', '2450f961-384b-48c3-9aed-b5f18323384a'),
 ('243', 'Neo_Block', '2016-05-22 04:48:47', '2016-05-22 04:48:47', 'b50869b7-3260-494b-9485-c0989979789c'),
 ('276', 'Entry', '2016-05-22 05:22:00', '2016-05-22 05:22:00', 'b7eca669-0550-435c-a2a3-fb20ff7a31a8'),
 ('346', 'Neo_Block', '2016-05-22 07:26:31', '2016-05-22 07:26:31', '4b505e23-b6d5-4acd-af74-1489536cc971'),
 ('347', 'Neo_Block', '2016-05-22 07:26:31', '2016-05-22 07:26:31', '736727a9-06a5-4eb4-91f8-195bb658652f'),
 ('348', 'Neo_Block', '2016-05-22 07:26:31', '2016-05-22 07:26:31', '6d63a595-b677-4bf0-98f2-2bf13f431051'),
 ('349', 'Neo_Block', '2016-05-22 07:26:31', '2016-05-22 07:26:31', '48763481-48d5-4589-bc23-28029be45c08'),
 ('350', 'Neo_Block', '2016-05-22 07:26:31', '2016-05-22 07:26:31', '48d719d6-9e4b-4809-a397-214a23fa9cae'),
 ('351', 'Neo_Block', '2016-05-22 07:26:31', '2016-05-22 07:26:31', '47ff93f0-bc48-4b40-b1c9-f7b06f9236ae'),
 ('352', 'Neo_Block', '2016-05-22 07:26:31', '2016-05-22 07:26:31', '353e27c6-be39-4f66-96f9-8e0a96bd735e'),
 ('353', 'Neo_Block', '2016-05-22 07:26:31', '2016-05-22 07:26:31', '3417b70e-8866-4b37-9e71-2800f9bf470c'),
 ('354', 'Neo_Block', '2016-05-22 07:26:31', '2016-05-22 07:26:31', '42f6f610-c972-41b8-8321-1ffe48a1c83b'),
 ('355', 'Neo_Block', '2016-05-22 07:26:31', '2016-05-22 07:26:31', 'e55819ff-264f-4a0e-b28a-881cfcfafdf2'),
 ('356', 'Neo_Block', '2016-05-22 07:26:31', '2016-05-22 07:26:31', 'cd9f624f-10ae-4db4-a7bc-7290bb8c0af9'),
 ('357', 'Neo_Block', '2016-05-22 07:26:31', '2016-05-22 07:26:31', 'aef31a18-8418-49de-a851-426f8724e91d');



DROP TABLE IF EXISTS `craft_fieldlayouttabs`;


--
-- Schema for table `craft_fieldlayouttabs`
--
CREATE TABLE `craft_fieldlayouttabs` (
  `id` int(11) NOT NULL AUTO_INCREMENT,
  `layoutId` int(11) NOT NULL,
  `name` varchar(255) COLLATE utf8_unicode_ci NOT NULL,
  `sortOrder` smallint(6) unsigned DEFAULT NULL,
  `dateCreated` datetime NOT NULL,
  `dateUpdated` datetime NOT NULL,
  `uid` char(36) COLLATE utf8_unicode_ci NOT NULL DEFAULT '0',
  PRIMARY KEY (`id`),
  KEY `craft_fieldlayouttabs_sortOrder_idx` (`sortOrder`),
  KEY `craft_fieldlayouttabs_layoutId_fk` (`layoutId`)
) ENGINE=InnoDB AUTO_INCREMENT=356 DEFAULT CHARSET=utf8 COLLATE=utf8_unicode_ci;

--
-- Data for table `craft_fieldlayouttabs`
--

INSERT INTO `craft_fieldlayouttabs` (`id`, `layoutId`, `name`, `sortOrder`, `dateCreated`, `dateUpdated`, `uid`) VALUES
 ('127', '133', 'Content', '1', '2016-05-20 06:11:54', '2016-05-20 06:11:54', 'e6a67bfd-25c6-4489-a9f9-f33e48379fd1'),
 ('132', '138', 'Content', '1', '2016-05-20 06:27:25', '2016-05-20 06:27:25', 'a383ddb9-863b-4fd7-b602-126b3521d666'),
 ('151', '157', 'Content', '1', '2016-05-20 07:17:21', '2016-05-20 07:17:21', '7dcfa526-a131-41fa-84de-a7cdcbe904df'),
 ('152', '158', 'Content', '1', '2016-05-20 07:17:22', '2016-05-20 07:17:22', 'd303ae9c-6853-40bf-811c-58586d3a60a1'),
 ('153', '159', 'Content', '1', '2016-05-20 07:17:22', '2016-05-20 07:17:22', '43bc9a9c-8da4-433b-8c5e-0a38740e7b5b'),
 ('154', '160', 'Content', '1', '2016-05-20 07:17:22', '2016-05-20 07:17:22', '26d67a33-6c15-4bc8-88c0-f1cc6b65384d'),
 ('157', '162', 'Content', '1', '2016-05-20 15:30:28', '2016-05-20 15:30:28', '4e840ff8-040c-4cad-a4aa-3d42226134a6'),
 ('158', '162', 'Art direction', '2', '2016-05-20 15:30:28', '2016-05-20 15:30:28', '2e1f2ee9-84e2-493c-a436-f10e22930128'),
 ('235', '238', 'Form', '1', '2016-05-22 04:48:47', '2016-05-22 04:48:47', 'd6c3ea3b-6557-45e9-85c2-be41f4051da8'),
 ('236', '239', 'Settings', '1', '2016-05-22 04:48:47', '2016-05-22 04:48:47', '65890ea2-e05e-4173-8abc-8aa9df23761c'),
 ('237', '240', 'Forms', '1', '2016-05-22 04:48:47', '2016-05-22 04:48:47', '7b9a30de-a8b7-4a03-87c3-e9dcfe61b295'),
 ('238', '241', 'Forms', '1', '2016-05-22 04:48:47', '2016-05-22 04:48:47', 'a8366eb7-9ca7-4447-a167-a80a243e6fb2'),
 ('239', '242', 'Forms', '1', '2016-05-22 04:48:47', '2016-05-22 04:48:47', '87b1777f-0d4d-4b77-89e3-766e55b0fb15'),
 ('240', '243', 'Settings', '1', '2016-05-22 04:48:47', '2016-05-22 04:48:47', '430eb26b-7b4c-4afa-ac74-e142c2044491'),
 ('273', '276', 'Content', '1', '2016-05-22 05:22:00', '2016-05-22 05:22:00', '39f8cba4-72da-495d-b365-3f460e5b3394'),
 ('274', '276', 'Art direction', '2', '2016-05-22 05:22:00', '2016-05-22 05:22:00', 'a47da3ef-c284-452f-83a8-bc5cbb752dd7'),
 ('344', '346', 'Components', '1', '2016-05-22 07:26:31', '2016-05-22 07:26:31', 'edebcad6-1dfb-4be5-a201-5c1e4302e8dd'),
 ('345', '347', 'Components', '1', '2016-05-22 07:26:31', '2016-05-22 07:26:31', '7092331b-e9fc-49f5-9776-95de42c3105e'),
 ('346', '348', 'Components', '1', '2016-05-22 07:26:31', '2016-05-22 07:26:31', '3d630f35-ecc9-4eb0-8f9a-eb962eaaaf4b'),
 ('347', '349', 'Components', '1', '2016-05-22 07:26:31', '2016-05-22 07:26:31', '05d1f998-29ce-467e-831f-726a7945a53f'),
 ('348', '350', 'Components', '1', '2016-05-22 07:26:31', '2016-05-22 07:26:31', '4fc01ee9-f6d0-4b86-9518-4f455dcf1b41'),
 ('349', '351', 'Components', '1', '2016-05-22 07:26:31', '2016-05-22 07:26:31', 'd0d08234-9402-4d6a-a338-75b37d88a44c'),
 ('350', '352', 'Components', '1', '2016-05-22 07:26:31', '2016-05-22 07:26:31', 'aa20d2da-8a0c-4a02-8aa5-46fe91fd19ea'),
 ('351', '353', 'Components', '1', '2016-05-22 07:26:31', '2016-05-22 07:26:31', '1a7e481d-67b4-4037-85a5-47c406f28856'),
 ('352', '354', 'Components', '1', '2016-05-22 07:26:31', '2016-05-22 07:26:31', '38622771-779b-4142-aeb0-15ba3beb8a68'),
 ('353', '355', 'Settings', '1', '2016-05-22 07:26:31', '2016-05-22 07:26:31', '48cd2233-5dc8-443c-ace1-8cd304c01681'),
 ('354', '356', 'Forms', '1', '2016-05-22 07:26:31', '2016-05-22 07:26:31', 'a1fad345-6870-4aee-856c-e3021e90eecd'),
 ('355', '357', 'Forms', '1', '2016-05-22 07:26:31', '2016-05-22 07:26:31', '21bbd9c1-9c8c-4cf2-b5da-fe3ddaa85dd3');



DROP TABLE IF EXISTS `craft_fields`;


--
-- Schema for table `craft_fields`
--
CREATE TABLE `craft_fields` (
  `id` int(11) NOT NULL AUTO_INCREMENT,
  `groupId` int(11) DEFAULT NULL,
  `name` varchar(255) COLLATE utf8_unicode_ci NOT NULL,
  `handle` varchar(58) COLLATE utf8_unicode_ci NOT NULL,
  `context` varchar(255) COLLATE utf8_unicode_ci NOT NULL DEFAULT 'global',
  `instructions` text COLLATE utf8_unicode_ci,
  `translatable` tinyint(1) unsigned NOT NULL DEFAULT '0',
  `type` varchar(150) COLLATE utf8_unicode_ci NOT NULL,
  `settings` text COLLATE utf8_unicode_ci,
  `dateCreated` datetime NOT NULL,
  `dateUpdated` datetime NOT NULL,
  `uid` char(36) COLLATE utf8_unicode_ci NOT NULL DEFAULT '0',
  PRIMARY KEY (`id`),
  UNIQUE KEY `craft_fields_handle_context_unq_idx` (`handle`,`context`),
  KEY `craft_fields_context_idx` (`context`),
  KEY `craft_fields_groupId_fk` (`groupId`)
) ENGINE=InnoDB AUTO_INCREMENT=127 DEFAULT CHARSET=utf8 COLLATE=utf8_unicode_ci;

--
-- Data for table `craft_fields`
--

INSERT INTO `craft_fields` (`id`, `groupId`, `name`, `handle`, `context`, `instructions`, `translatable`, `type`, `settings`, `dateCreated`, `dateUpdated`, `uid`) VALUES
 ('2', '1', 'Tags', 'tags', 'global', NULL, '0', 'Tags', '{\"source\":\"taggroup:1\"}', '2015-05-15 20:59:41', '2015-05-15 20:59:41', 'b9c84462-1820-40ae-a384-685b31e69f07'),
 ('3', '1', 'Art Direction', 'artDirection', 'global', 'Use these fields to help art direct the entry. You can fine tune in the Custom CSS field.', '0', 'Matrix', '{\"maxBlocks\":null}', '2015-05-15 21:37:13', '2016-05-20 07:17:21', '448b2bd1-8177-4faf-9156-7d5ae88f6a2e'),
 ('4', NULL, 'Hide primary heading', 'hidePrimaryHeading', 'matrixBlockType:1', '', '0', 'Lightswitch', '{\"default\":\"\"}', '2015-05-15 21:37:13', '2016-05-20 07:17:21', '67e11221-4027-4478-90aa-8bdc9a230551'),
 ('5', NULL, 'Primary heading font', 'primaryHeadingFont', 'matrixBlockType:1', '', '0', 'Dropdown', '{\"options\":[{\"label\":\"Sans serif\",\"value\":\"sans-serif\",\"default\":\"\"},{\"label\":\"Serif\",\"value\":\"Georgia, serif\",\"default\":\"\"}]}', '2015-05-15 21:37:13', '2016-05-20 07:17:21', 'aa9672e1-356f-4bf9-9a26-0a62a01116cd'),
 ('6', NULL, 'Primary heading weight', 'primaryHeadingWeight', 'matrixBlockType:1', '', '0', 'Dropdown', '{\"options\":[{\"label\":\"Thin\",\"value\":\"100\",\"default\":\"\"},{\"label\":\"Extra light\",\"value\":\"200\",\"default\":\"\"},{\"label\":\"Light\",\"value\":\"300\",\"default\":\"\"},{\"label\":\"Regular\",\"value\":\"400\",\"default\":\"\"},{\"label\":\"Medium\",\"value\":\"500\",\"default\":\"\"},{\"label\":\"Semi-bold\",\"value\":\"600\",\"default\":\"\"},{\"label\":\"Bold\",\"value\":\"700\",\"default\":\"\"},{\"label\":\"Extra-bold\",\"value\":\"800\",\"default\":\"\"},{\"label\":\"Black\",\"value\":\"900\",\"default\":\"\"}]}', '2015-05-15 21:37:13', '2016-05-20 07:17:21', '171c810d-5ef0-44e1-826a-86df58c80c7c'),
 ('7', NULL, 'Primary heading Italics', 'primaryHeadingItalics', 'matrixBlockType:1', '', '0', 'Lightswitch', '{\"default\":\"\"}', '2015-05-15 21:37:13', '2016-05-20 07:17:21', 'a816d6ea-48e2-4356-8620-1fccda292860'),
 ('8', NULL, 'Primary heading uppercase', 'primaryHeadingUppercase', 'matrixBlockType:1', '', '0', 'Lightswitch', '{\"default\":\"\"}', '2015-05-15 21:37:13', '2016-05-20 07:17:21', 'f2f5c237-9f53-40f7-a43f-8dc4005d891b'),
 ('9', NULL, 'Primary heading size', 'primaryHeadingSize', 'matrixBlockType:1', '', '0', 'Dropdown', '{\"options\":[{\"label\":\"16\",\"value\":\"1rem\",\"default\":\"\"},{\"label\":\"20\",\"value\":\"1.25rem\",\"default\":\"\"},{\"label\":\"24\",\"value\":\"1.5rem\",\"default\":\"\"},{\"label\":\"32\",\"value\":\"2rem\",\"default\":\"\"},{\"label\":\"48\",\"value\":\"3rem\",\"default\":\"\"},{\"label\":\"64\",\"value\":\"4rem\",\"default\":\"\"},{\"label\":\"80\",\"value\":\"5rem\",\"default\":\"\"},{\"label\":\"96\",\"value\":\"6rem\",\"default\":\"\"},{\"label\":\"128\",\"value\":\"8rem\",\"default\":\"\"},{\"label\":\"160\",\"value\":\"10rem\",\"default\":\"\"},{\"label\":\"192\",\"value\":\"12rem\",\"default\":\"\"},{\"label\":\"240\",\"value\":\"15rem\",\"default\":\"\"},{\"label\":\"288\",\"value\":\"18rem\",\"default\":\"\"}]}', '2015-05-15 21:37:13', '2016-05-20 07:17:21', 'cb3ed1b9-d9f6-4282-9121-d00ff4fc89d0'),
 ('10', NULL, 'Page Background colour', 'backgroundColour', 'matrixBlockType:2', '', '0', 'Color', NULL, '2015-05-15 21:37:13', '2016-05-20 07:17:22', '8767b4af-9376-421f-902b-023274e94522'),
 ('11', NULL, 'Header Background Colour', 'headerBackgroundColour', 'matrixBlockType:2', '', '0', 'Color', NULL, '2015-05-15 21:37:13', '2016-05-20 07:17:22', '4855dde3-dd07-42c8-8189-b5bec12e049e'),
 ('12', NULL, 'Header Text colour', 'headerTextColour', 'matrixBlockType:2', '', '0', 'Color', NULL, '2015-05-15 21:37:13', '2016-05-20 07:17:22', '394943ed-7760-4ae0-8ec4-c98dfd9cfef0'),
 ('13', NULL, 'Title colour', 'titleColour', 'matrixBlockType:2', '', '0', 'Color', NULL, '2015-05-15 21:37:13', '2016-05-20 07:17:22', 'fa34cb71-5f69-4d29-8580-627531e86847'),
 ('14', NULL, 'Link colour', 'linkColour', 'matrixBlockType:2', '', '0', 'Color', NULL, '2015-05-15 21:37:13', '2016-05-20 07:17:22', 'c6168fa3-8a77-4782-b06d-86c0aeb02c00'),
 ('15', NULL, 'Body background colour', 'bodyBackgroundColour', 'matrixBlockType:2', '', '0', 'Color', NULL, '2015-05-15 21:37:13', '2016-05-20 07:17:22', '7cbf6f42-7ecd-4e4c-8ff9-61518eb44db7'),
 ('16', NULL, 'Body text colour', 'bodyTextColour', 'matrixBlockType:2', '', '0', 'Color', NULL, '2015-05-15 21:37:13', '2016-05-20 07:17:22', '990836a3-0896-4543-b100-93b5d5d8dd27'),
 ('17', NULL, 'Link active colour', 'linkActiveColour', 'matrixBlockType:2', '', '0', 'Color', NULL, '2015-05-15 21:37:13', '2016-05-20 07:17:22', '63a2fea1-4fda-4a41-8d7e-8ade6a1c39e2'),
 ('18', NULL, 'Teaser background colour', 'teaserBackgroundColour', 'matrixBlockType:2', 'Only shows up on the teaser', '0', 'Color', NULL, '2015-05-15 21:37:13', '2016-05-20 07:17:22', 'bce2e736-11d9-4fab-94a9-5474e248eb77'),
 ('19', NULL, 'CSS', 'css', 'matrixBlockType:3', '', '0', 'PlainText', '{\"placeholder\":\"\",\"maxLength\":\"\",\"multiline\":\"1\",\"initialRows\":\"10\"}', '2015-05-15 21:38:17', '2016-05-20 07:17:22', '5d106c2f-89d3-4716-9fca-00f9e502532e'),
 ('20', NULL, 'Background Image', 'backgroundImage', 'matrixBlockType:4', '', '0', 'Assets', '{\"useSingleFolder\":\"\",\"sources\":\"*\",\"defaultUploadLocationSource\":\"1\",\"defaultUploadLocationSubpath\":\"\",\"singleUploadLocationSource\":\"1\",\"singleUploadLocationSubpath\":\"\",\"restrictFiles\":\"\",\"limit\":\"\",\"viewMode\":\"large\",\"selectionLabel\":\"\"}', '2015-05-15 21:41:02', '2016-05-20 07:17:22', '1fa8546c-4c6b-4b12-b993-1d4445fd8630'),
 ('21', NULL, 'Section', 'imageSection', 'matrixBlockType:4', '', '0', 'Dropdown', '{\"options\":[{\"label\":\"Page\",\"value\":\"page\",\"default\":\"1\"},{\"label\":\"Header\",\"value\":\"header\",\"default\":\"\"},{\"label\":\"Body\",\"value\":\"body\",\"default\":\"\"}]}', '2015-05-15 21:41:02', '2016-05-20 07:17:22', '3e82ef3f-76fb-4d7c-ace9-f05dad72be3a'),
 ('43', '2', 'Image size', 'imageSize', 'global', '', '0', 'PlainText', '{\"placeholder\":\"\",\"maxLength\":\"\",\"multiline\":\"\",\"initialRows\":\"4\"}', '2015-05-15 21:58:02', '2015-05-15 21:58:02', 'ac2f01ff-e3e4-40fc-95c3-e4befd10e247'),
 ('44', '2', 'Image position', 'imagePosition', 'global', '', '0', 'PositionSelect', '{\"options\":[\"left\",\"center\",\"right\",\"full\",\"drop-left\",\"drop-right\"]}', '2015-05-15 21:58:30', '2015-05-15 21:58:30', 'df41be01-9680-4a71-ae16-8b8a03a1006f'),
 ('45', '2', 'Image Fine Position', 'imageFinePosition', 'global', '', '0', 'PlainText', '{\"placeholder\":\"\",\"maxLength\":\"\",\"multiline\":\"\",\"initialRows\":\"4\"}', '2015-05-15 21:59:00', '2015-05-15 21:59:00', '7c89b241-a6d9-4272-9684-3a598807d931'),
 ('46', '2', 'Image repeat', 'imageRepeat', 'global', '', '0', 'RadioButtons', '{\"options\":[{\"label\":\"Repeat both\",\"value\":\"\",\"default\":\"1\"},{\"label\":\"No repeat\",\"value\":\"no-repeat\",\"default\":\"\"},{\"label\":\"Horizontal repeat\",\"value\":\"repeat-x\",\"default\":\"\"},{\"label\":\"Vertical repeat\",\"value\":\"repeat-y\",\"default\":\"\"}]}', '2015-05-15 21:59:55', '2015-05-15 21:59:55', 'f1c55e2b-bc84-49e7-9e0e-258d1fb6c141'),
 ('47', '2', 'Fixed position?', 'fixedPosition', 'global', '', '0', 'Lightswitch', '{\"default\":\"\"}', '2015-05-15 22:00:12', '2015-05-15 22:00:12', 'fa9a08dc-af07-4111-b79c-0bf663e11b5d'),
 ('48', '2', 'Primary Url', 'websiteUrl', 'global', '', '0', 'PlainText', '{\"placeholder\":\"\",\"maxLength\":\"\",\"multiline\":\"\",\"initialRows\":\"4\"}', '2015-05-15 22:00:38', '2015-05-15 22:00:38', '675a1332-28bc-4699-9f5b-7252a91266e3'),
 ('49', '2', 'Alt Text', 'altText', 'global', '', '0', 'PlainText', '{\"placeholder\":\"\",\"maxLength\":\"\",\"multiline\":\"\",\"initialRows\":\"4\"}', '2015-05-15 22:00:54', '2015-05-15 22:00:54', '546503a7-6365-46b7-aa24-417434e2871d'),
 ('50', '2', 'Caption', 'caption', 'global', '', '0', 'PlainText', '{\"placeholder\":\"\",\"maxLength\":\"\",\"multiline\":\"\",\"initialRows\":\"4\"}', '2015-05-15 22:01:11', '2015-05-15 22:01:11', 'a4ba4a88-b12e-4b79-95f4-99d734f321a7'),
 ('51', '2', 'Credit', 'credit', 'global', '', '0', 'PlainText', '{\"placeholder\":\"\",\"maxLength\":\"\",\"multiline\":\"\",\"initialRows\":\"4\"}', '2015-05-15 22:01:30', '2016-05-20 05:48:24', '00547f8a-91b8-4516-aada-abe3e34b6013'),
 ('52', '2', 'Credit Url', 'imageCreditUrl', 'global', '', '0', 'PlainText', '{\"placeholder\":\"\",\"maxLength\":\"\",\"multiline\":\"\",\"initialRows\":\"4\"}', '2015-05-15 22:01:43', '2016-05-17 23:36:23', '1f603c82-acc1-4913-82a3-7fe7124b8280'),
 ('53', '2', 'Credit organization', 'imageCreditOrganization', 'global', '', '0', 'PlainText', '{\"placeholder\":\"\",\"maxLength\":\"\",\"multiline\":\"\",\"initialRows\":\"4\"}', '2015-05-15 22:02:03', '2016-05-17 23:36:15', '3213abc3-6dff-4c22-8426-42d665ae5d5d'),
 ('54', '2', 'Credit Org URL', 'imageCreditOrgUrl', 'global', '', '0', 'PlainText', '{\"placeholder\":\"\",\"maxLength\":\"\",\"multiline\":\"\",\"initialRows\":\"4\"}', '2015-05-15 22:02:21', '2016-05-17 23:36:06', 'bfd22c19-3e7c-48fd-9c48-b2bf53a5270d'),
 ('55', '1', 'Heading', 'heading', 'global', '', '0', 'PlainText', '{\"placeholder\":\"\",\"maxLength\":\"\",\"multiline\":\"\",\"initialRows\":\"4\"}', '2015-05-15 22:16:53', '2015-05-15 22:16:53', 'be2c7036-62fc-48e6-bbe2-962d159e08af'),
 ('56', '1', 'Subhead', 'subhead', 'global', '', '0', 'PlainText', '{\"placeholder\":\"\",\"maxLength\":\"\",\"multiline\":\"\",\"initialRows\":\"4\"}', '2015-05-15 22:17:01', '2015-05-15 22:17:01', 'df9de964-3f90-47f1-a39f-7ff81224f63c'),
 ('57', '3', 'Google Tag Manager ID', 'gtm', 'global', 'Id to enable Google Tag manager', '0', 'PlainText', '{\"placeholder\":\"GTM-XXXXXX\",\"maxLength\":\"\",\"multiline\":\"\",\"initialRows\":\"4\"}', '2016-05-11 20:47:30', '2016-05-11 20:47:30', '0a62bcc3-8247-4d85-b245-607a03d7a178'),
 ('58', NULL, 'Breakpoint', 'breakpoint', 'matrixBlockType:3', 'Just the number (em units)', '0', 'PlainText', '{\"placeholder\":\"\",\"maxLength\":\"\",\"multiline\":\"\",\"initialRows\":\"4\"}', '2016-05-16 07:06:10', '2016-05-20 07:17:22', 'a5fa5e4f-377f-4e39-ba9d-dad7a1a40363'),
 ('88', '4', 'Width', 'width', 'global', 'How many columns does this component span?', '0', 'Dropdown', '{\"options\":[{\"label\":\"Full\",\"value\":\"full\",\"default\":\"1\"},{\"label\":\"1\\/2: \\u25fc\\ufe0e\\u25fc\\ufe0e\\u25fc\\ufe0e\\u25fb\\ufe0e\\u25fb\\ufe0e\\u25fb\\ufe0e\",\"value\":\"c2\",\"default\":\"\"},{\"label\":\"1\\/3: \\u25fc\\ufe0e\\u25fc\\ufe0e\\u25fb\\ufe0e\\u25fb\\ufe0e\\u25fb\\ufe0e\\u25fb\\ufe0e\",\"value\":\"c3\",\"default\":\"\"},{\"label\":\"2\\/3: \\u25fc\\ufe0e\\u25fc\\ufe0e\\u25fc\\ufe0e\\u25fc\\ufe0e\\u25fb\\ufe0e\\u25fb\\ufe0e\",\"value\":\"c3x2\",\"default\":\"\"},{\"label\":\"1\\/4: \\u25fc\\ufe0e\\u25fb\\ufe0e\\u25fb\\ufe0e\\u25fb\\ufe0e\",\"value\":\"c4\",\"default\":\"\"},{\"label\":\"3\\/4: \\u25fc\\ufe0e\\u25fc\\ufe0e\\u25fc\\ufe0e\\u25fb\",\"value\":\"c4x3\",\"default\":\"\"},{\"label\":\"1\\/5: \\u25fc\\ufe0e\\u25fb\\ufe0e\\u25fb\\ufe0e\\u25fb\\ufe0e\\u25fb\\ufe0e\",\"value\":\"c5\",\"default\":\"\"},{\"label\":\"2\\/5: \\u25fc\\ufe0e\\u25fc\\ufe0e\\u25fb\\ufe0e\\u25fb\\ufe0e\\u25fb\\ufe0e\",\"value\":\"c5x2\",\"default\":\"\"},{\"label\":\"3\\/5: \\u25fc\\ufe0e\\u25fc\\ufe0e\\u25fc\\ufe0e\\u25fb\\ufe0e\\u25fb\\ufe0e\",\"value\":\"c5x3\",\"default\":\"\"},{\"label\":\"4\\/5: \\u25fc\\ufe0e\\u25fc\\ufe0e\\u25fc\\ufe0e\\u25fc\\ufe0e\\u25fb\\ufe0e\",\"value\":\"c5x4\",\"default\":\"\"},{\"label\":\"1\\/6: \\u25fc\\u25fb\\ufe0e\\u25fb\\ufe0e\\u25fb\\ufe0e\\u25fb\\ufe0e\\u25fb\\ufe0e\",\"value\":\"c6\",\"default\":\"\"},{\"label\":\"5\\/6: \\u25fc\\ufe0e\\u25fc\\ufe0e\\u25fc\\ufe0e\\u25fc\\ufe0e\\u25fc\\ufe0e\\u25fb\\ufe0e\",\"value\":\"c6x5\",\"default\":\"\"}]}', '2016-05-17 19:55:58', '2016-05-20 05:04:29', 'e7a5edbf-a314-401d-91b7-9c477830577b'),
 ('89', '4', 'Push left', 'pushLeft', 'global', 'How many columns does this component get pushed to the left?', '0', 'Dropdown', '{\"options\":[{\"label\":\"None\",\"value\":\"\",\"default\":\"1\"},{\"label\":\"1\\/2: \\u25fc\\ufe0e\\u25fc\\ufe0e\\u25fc\\ufe0e\\u25fb\\ufe0e\\u25fb\\ufe0e\\u25fb\\ufe0e\",\"value\":\"pushl2\",\"default\":\"\"},{\"label\":\"1\\/3: \\u25fc\\ufe0e\\u25fc\\ufe0e\\u25fb\\ufe0e\\u25fb\\ufe0e\\u25fb\\ufe0e\\u25fb\\ufe0e\",\"value\":\"pushl3\",\"default\":\"\"},{\"label\":\"2\\/3: \\u25fc\\ufe0e\\u25fc\\ufe0e\\u25fc\\ufe0e\\u25fc\\ufe0e\\u25fb\\ufe0e\\u25fb\\ufe0e\",\"value\":\"pushl3x2\",\"default\":\"\"},{\"label\":\"1\\/4: \\u25fc\\ufe0e\\u25fb\\ufe0e\\u25fb\\ufe0e\\u25fb\\ufe0e\",\"value\":\"pushl4\",\"default\":\"\"},{\"label\":\"3\\/4: \\u25fc\\ufe0e\\u25fc\\ufe0e\\u25fc\\ufe0e\\u25fb\",\"value\":\"pushl4x3\",\"default\":\"\"},{\"label\":\"1\\/5: \\u25fc\\ufe0e\\u25fb\\ufe0e\\u25fb\\ufe0e\\u25fb\\ufe0e\\u25fb\\ufe0e\",\"value\":\"pushl5\",\"default\":\"\"},{\"label\":\"2\\/5: \\u25fc\\ufe0e\\u25fc\\ufe0e\\u25fb\\ufe0e\\u25fb\\ufe0e\\u25fb\\ufe0e\",\"value\":\"pushl5x2\",\"default\":\"\"},{\"label\":\"3\\/5: \\u25fc\\ufe0e\\u25fc\\ufe0e\\u25fc\\ufe0e\\u25fb\\ufe0e\\u25fb\\ufe0e\",\"value\":\"pushl5x3\",\"default\":\"\"},{\"label\":\"4\\/5: \\u25fc\\ufe0e\\u25fc\\ufe0e\\u25fc\\ufe0e\\u25fc\\ufe0e\\u25fb\\ufe0e\",\"value\":\"pushl5x4\",\"default\":\"\"},{\"label\":\"1\\/6: \\u25fc\\ufe0e\\u25fb\\ufe0e\\u25fb\\ufe0e\\u25fb\\ufe0e\\u25fb\\ufe0e\\u25fb\\ufe0e\",\"value\":\"pushl6\",\"default\":\"\"},{\"label\":\"5\\/6: \\u25fc\\ufe0e\\u25fc\\ufe0e\\u25fc\\ufe0e\\u25fc\\ufe0e\\u25fc\\ufe0e\\u25fb\\ufe0e\",\"value\":\"pushl6x5\",\"default\":\"\"}]}', '2016-05-17 19:59:14', '2016-05-22 06:13:37', 'b107fab4-b8e7-46a5-af17-7a83f6d67156'),
 ('90', '4', 'Push right', 'pushRight', 'global', 'How many columns will this component push to the right?', '0', 'Dropdown', '{\"options\":[{\"label\":\"None\",\"value\":\"\",\"default\":\"1\"},{\"label\":\"1\\/2: \\u25fb\\ufe0e\\u25fb\\ufe0e\\u25fb\\ufe0e\\u25fc\\ufe0e\\u25fc\\ufe0e\\u25fc\",\"value\":\"pushr2\",\"default\":\"\"},{\"label\":\"1\\/3: \\u25fb\\ufe0e\\u25fb\\ufe0e\\u25fb\\ufe0e\\u25fb\\ufe0e\\u25fc\\ufe0e\\u25fc\\ufe0e\",\"value\":\"pushr3\",\"default\":\"\"},{\"label\":\"2\\/3: \\u25fb\\ufe0e\\u25fb\\ufe0e\\u25fc\\ufe0e\\u25fc\\ufe0e\\u25fc\\ufe0e\\u25fc\\ufe0e\",\"value\":\"pushr3x2\",\"default\":\"\"},{\"label\":\"1\\/4: \\u25fb\\ufe0e\\u25fb\\ufe0e\\u25fb\\ufe0e\\u25fc\\ufe0e\",\"value\":\"pushr4\",\"default\":\"\"},{\"label\":\"3\\/4: \\u25fb\\ufe0e\\u25fc\\ufe0e\\u25fc\\ufe0e\\u25fc\\ufe0e\",\"value\":\"pushr4x3\",\"default\":\"\"},{\"label\":\"1\\/5: \\u25fb\\ufe0e\\u25fb\\ufe0e\\u25fb\\ufe0e\\u25fb\\ufe0e\\u25fc\\ufe0e\",\"value\":\"pushr5\",\"default\":\"\"},{\"label\":\"2\\/5: \\u25fb\\ufe0e\\u25fb\\ufe0e\\u25fb\\ufe0e\\u25fc\\ufe0e\\u25fc\\ufe0e\",\"value\":\"pushr5x2\",\"default\":\"\"},{\"label\":\"3\\/5: \\u25fb\\ufe0e\\u25fb\\ufe0e\\u25fc\\ufe0e\\u25fc\\ufe0e\\u25fc\\ufe0e\",\"value\":\"pushr5x3\",\"default\":\"\"},{\"label\":\"4\\/5: \\u25fb\\ufe0e\\u25fc\\ufe0e\\u25fc\\ufe0e\\u25fc\\ufe0e\\u25fc\\ufe0e\",\"value\":\"pushr5x4\",\"default\":\"\"},{\"label\":\"1\\/6: \\u25fb\\ufe0e\\u25fb\\ufe0e\\u25fb\\ufe0e\\u25fb\\ufe0e\\u25fb\\ufe0e\\u25fc\\ufe0e\",\"value\":\"pushr6\",\"default\":\"\"},{\"label\":\"5\\/6: \\u25fb\\ufe0e\\u25fc\\ufe0e\\u25fc\\ufe0e\\u25fc\\ufe0e\\u25fc\\ufe0e\\u25fc\\ufe0e\",\"value\":\"pushr6x5\",\"default\":\"\"}]}', '2016-05-17 20:01:51', '2016-05-22 06:14:11', '612be961-4134-42d1-973f-4c26539c6976'),
 ('91', '4', 'Custom class', 'customClass', 'global', '', '0', 'PlainText', '{\"placeholder\":\"\",\"maxLength\":\"\",\"multiline\":\"\",\"initialRows\":\"4\"}', '2016-05-17 23:27:23', '2016-05-17 23:27:23', '47369955-63f0-4d72-8296-31440117c62d'),
 ('92', '4', 'Custom colour', 'customColour', 'global', '', '0', 'Color', NULL, '2016-05-17 23:28:09', '2016-05-17 23:28:09', '2bbc790b-9196-47a9-9fa0-a67f55282016'),
 ('93', '4', 'Markdown', 'markdown', 'global', '', '0', 'Lightswitch', '{\"default\":\"1\"}', '2016-05-17 23:28:46', '2016-05-17 23:28:46', '578169f2-acb2-46b7-9021-d874a58d4b14'),
 ('94', '4', 'Text', 'text', 'global', '', '0', 'PlainText', '{\"placeholder\":\"\",\"maxLength\":\"\",\"multiline\":\"1\",\"initialRows\":\"15\"}', '2016-05-17 23:30:19', '2016-05-17 23:30:19', '9e0a3d66-3c98-4be1-8c32-1f3b1fc2a9ed'),
 ('95', '4', 'Colour', 'colour', 'global', '', '0', 'Dropdown', '{\"options\":[{\"label\":\"Transparent\",\"value\":\"transparent\",\"default\":\"1\"},{\"label\":\"Subtle\",\"value\":\"subtle\",\"default\":\"\"},{\"label\":\"Reverse\",\"value\":\"reverse\",\"default\":\"\"},{\"label\":\"Blue\",\"value\":\"blue\",\"default\":\"\"},{\"label\":\"Red\",\"value\":\"red\",\"default\":\"\"}]}', '2016-05-17 23:35:03', '2016-05-17 23:35:03', '3431efb3-cf91-42e4-a6a7-f6a634c9d970'),
 ('97', '4', 'Anchor name', 'anchorName', 'global', 'HTML ID used for linking within the page and controlling with javascript.', '0', 'PlainText', '{\"placeholder\":\"\",\"maxLength\":\"\",\"multiline\":\"\",\"initialRows\":\"4\"}', '2016-05-17 23:49:55', '2016-05-17 23:49:55', '0ed73e17-d6be-422f-9cf8-3ce116fe4ba8'),
 ('98', '4', 'Image', 'image', 'global', '', '0', 'Assets', '{\"useSingleFolder\":\"\",\"sources\":\"*\",\"defaultUploadLocationSource\":\"1\",\"defaultUploadLocationSubpath\":\"\",\"singleUploadLocationSource\":\"1\",\"singleUploadLocationSubpath\":\"\",\"restrictFiles\":\"1\",\"allowedKinds\":[\"image\"],\"limit\":\"\",\"viewMode\":\"large\",\"selectionLabel\":\"\"}', '2016-05-17 23:50:54', '2016-05-17 23:50:54', '33ebab71-7be4-42e6-b64d-5704141564b4'),
 ('99', '4', 'Row type', 'rowType', 'global', '', '0', 'Dropdown', '{\"options\":[{\"label\":\"Standard\",\"value\":\"standard\",\"default\":\"1\"},{\"label\":\"Snug\",\"value\":\"row--snug\",\"default\":\"\"},{\"label\":\"Tight\",\"value\":\"row--tight\",\"default\":\"\"},{\"label\":\"Loose\",\"value\":\"row--loose\",\"default\":\"\"},{\"label\":\"Tight top\",\"value\":\"row--bottom\",\"default\":\"\"},{\"label\":\"Tight bottom\",\"value\":\"row--top\",\"default\":\"\"}]}', '2016-05-17 23:53:35', '2016-05-17 23:53:35', '27494295-58c3-4f69-b6ce-08c55cf946e9'),
 ('100', '2', 'Caption position', 'captionPosition', 'global', '', '0', 'Dropdown', '{\"options\":[{\"label\":\"Left bottom\",\"value\":\"leftBottom\",\"default\":\"1\"},{\"label\":\"Right bottom\",\"value\":\"right-align right\",\"default\":\"\"},{\"label\":\"Left side\",\"value\":\"left right-align\",\"default\":\"\"},{\"label\":\"Right side\",\"value\":\"right\",\"default\":\"\"}]}', '2016-05-18 00:00:50', '2016-05-18 00:00:50', '43bcf741-6f30-4715-9d47-2b7dec6f76e2'),
 ('101', '4', 'Quote type', 'quoteType', 'global', '', '0', 'Dropdown', '{\"options\":[{\"label\":\"External quote\",\"value\":\"externalQuote\",\"default\":\"\"},{\"label\":\"Pull quote\",\"value\":\"pullQuote\",\"default\":\"\"},{\"label\":\"Testimonial\",\"value\":\"testimonial\",\"default\":\"\"}]}', '2016-05-18 00:02:10', '2016-05-18 00:02:10', 'bb92cc1a-0702-4950-827d-bf182f549a2c'),
 ('102', '4', 'Float', 'float', 'global', '', '0', 'PositionSelect', '{\"options\":[\"left\",\"center\",\"right\",\"full\"]}', '2016-05-18 00:03:03', '2016-05-20 05:07:12', 'f8f142d1-d59a-4e58-b778-3cbc22aacfab'),
 ('103', '4', 'Language', 'language', 'global', '', '0', 'Dropdown', '{\"options\":[{\"label\":\"HTML\",\"value\":\"markup\",\"default\":\"\"},{\"label\":\"CSS\",\"value\":\"scss\",\"default\":\"\"},{\"label\":\"Javascript\",\"value\":\"javascript\",\"default\":\"\"},{\"label\":\"Twig\",\"value\":\"twig\",\"default\":\"\"}]}', '2016-05-18 00:05:28', '2016-05-18 00:05:28', '0d465bbb-dae5-4683-b4a3-686dceb46f65'),
 ('104', '4', 'Divider type', 'dividerType', 'global', '', '0', 'Dropdown', '{\"options\":[{\"label\":\"Standard rule\",\"value\":\"standardRule\",\"default\":\"1\"},{\"label\":\"Accent line\",\"value\":\"rule--accent\",\"default\":\"\"},{\"label\":\"Hairline\",\"value\":\"rule--hairline\",\"default\":\"\"},{\"label\":\"White line\",\"value\":\"rule--white\",\"default\":\"\"},{\"label\":\"Light line\",\"value\":\"rule--light\",\"default\":\"\"},{\"label\":\"Dark line\",\"value\":\"rule--dark\",\"default\":\"\"},{\"label\":\"Black line\",\"value\":\"rule--black\",\"default\":\"\"}]}', '2016-05-18 00:07:25', '2016-05-18 00:07:25', '6c4f0ffe-2201-4405-9064-5477b664ff1f'),
 ('105', '4', 'Embed code', 'embedCode', 'global', '', '0', 'PlainText', '{\"placeholder\":\"\",\"maxLength\":\"\",\"multiline\":\"1\",\"initialRows\":\"4\"}', '2016-05-18 00:07:44', '2016-05-18 00:07:44', 'f19eda61-d646-49aa-9bfe-e5b9a911cb3a'),
 ('106', '1', 'Content', 'pageContent', 'global', '', '0', 'Neo', '{\"maxBlocks\":null}', '2016-05-18 00:08:36', '2016-05-22 07:26:31', '809778d5-bd60-4dd3-9ed6-77fb1bd8580f'),
 ('107', '4', 'Table', 'table', 'global', '', '0', 'TableMaker', '{\"columnsLabel\":\"Columns\",\"columnsInstructions\":\"Table headings\",\"columnsAddRowLabel\":\"\",\"rowsLabel\":\"Rows\",\"rowsInstructions\":\"Cell content\",\"rowsAddRowLabel\":\"\"}', '2016-05-20 05:14:47', '2016-05-20 05:14:47', 'f48fe33f-4a96-41a8-bf91-4f4568f6f40e'),
 ('108', '4', 'Table type', 'tableType', 'global', '', '0', 'Dropdown', '{\"options\":[{\"label\":\"Invisible\",\"value\":\"invisible\",\"default\":\"1\"},{\"label\":\"Lined\",\"value\":\"lined\",\"default\":\"\"},{\"label\":\"Bordered\",\"value\":\"bordered\",\"default\":\"\"},{\"label\":\"Striped\",\"value\":\"striped\",\"default\":\"\"}]}', '2016-05-20 05:16:28', '2016-05-20 05:16:28', '3b4fe854-9d1f-4c0a-adc9-f4ac47a72c7c'),
 ('109', '3', 'Blank out text', 'blankOutText', 'global', '', '0', 'Lightswitch', '{\"default\":\"\"}', '2016-05-20 06:11:27', '2016-05-20 06:11:27', '708d79e2-e268-48e5-b880-de8cc3384384'),
 ('110', '4', 'Placeholder size', 'placeholderSize', 'global', 'e.g. 2400x1600', '0', 'PlainText', '{\"placeholder\":\"\",\"maxLength\":\"\",\"multiline\":\"\",\"initialRows\":\"4\"}', '2016-05-20 06:49:18', '2016-05-20 06:49:47', 'ba0a3fc3-c7be-4d75-91ae-e56ab23249cd'),
 ('111', '4', 'Placeholder text', 'placeholderText', 'global', 'Text displayed on placeholder', '0', 'PlainText', '{\"placeholder\":\"\",\"maxLength\":\"\",\"multiline\":\"\",\"initialRows\":\"4\"}', '2016-05-20 06:50:02', '2016-05-20 06:51:23', 'bfd9b5c8-c939-4be9-883e-e7c0d72fab6f'),
 ('112', '5', 'Field name', 'fieldName', 'global', '', '0', 'PlainText', '{\"placeholder\":\"\",\"maxLength\":\"\",\"multiline\":\"\",\"initialRows\":\"4\"}', '2016-05-22 03:09:28', '2016-05-22 03:09:28', 'a9379cce-275a-4142-9817-53880b2b1cf2'),
 ('113', '5', 'Text field type', 'fieldType', 'global', '', '0', 'Dropdown', '{\"options\":[{\"label\":\"Text\",\"value\":\"text\",\"default\":\"1\"},{\"label\":\"Textarea\",\"value\":\"textarea\",\"default\":\"\"},{\"label\":\"Email\",\"value\":\"email\",\"default\":\"\"},{\"label\":\"URL\",\"value\":\"url\",\"default\":\"\"},{\"label\":\"Tel\",\"value\":\"tel\",\"default\":\"\"}]}', '2016-05-22 03:17:23', '2016-05-22 04:11:18', '1ec2a79e-d900-415c-88ca-e3a5a79be11a'),
 ('114', '5', 'Field options', 'fieldOptions', 'global', '', '0', 'Table', '{\"columns\":{\"col1\":{\"heading\":\"Name\",\"handle\":\"name\",\"width\":\"\",\"type\":\"singleline\"},\"col2\":{\"heading\":\"Value\",\"handle\":\"value\",\"width\":\"\",\"type\":\"singleline\"},\"col3\":{\"heading\":\"Default\",\"handle\":\"default\",\"width\":\"10\",\"type\":\"checkbox\"}},\"defaults\":{\"row1\":{\"col1\":\"\",\"col2\":\"\",\"col3\":\"\"}}}', '2016-05-22 03:21:46', '2016-05-22 03:21:46', 'a7bd6af2-971b-45fa-8f7f-eda6f0937c54'),
 ('115', '5', 'Required', 'required', 'global', '', '0', 'Lightswitch', '{\"default\":\"\"}', '2016-05-22 03:22:06', '2016-05-22 03:22:06', '189b3903-269d-411a-8f96-b5dd5a220e08'),
 ('116', '5', 'Form action', 'formAction', 'global', '', '0', 'PlainText', '{\"placeholder\":\"\",\"maxLength\":\"\",\"multiline\":\"\",\"initialRows\":\"4\"}', '2016-05-22 03:23:01', '2016-05-22 03:23:01', '48679163-9e30-4feb-be97-8bb02b0a6710'),
 ('117', '5', 'Redirect', 'redirect', 'global', '', '0', 'PlainText', '{\"placeholder\":\"\",\"maxLength\":\"\",\"multiline\":\"\",\"initialRows\":\"4\"}', '2016-05-22 03:23:25', '2016-05-22 03:23:25', '20d9c5cc-1c52-4cb6-8771-0c87f9a43b8f'),
 ('118', '5', 'Field value', 'value', 'global', '', '0', 'PlainText', '{\"placeholder\":\"\",\"maxLength\":\"\",\"multiline\":\"\",\"initialRows\":\"4\"}', '2016-05-22 03:27:27', '2016-05-22 05:59:36', '9009e076-af20-4d8a-abab-bf0a25aac8c1'),
 ('119', '5', 'Option field type', 'optionFieldType', 'global', '', '0', 'Dropdown', '{\"options\":[{\"label\":\"Checkbox\",\"value\":\"checkbox\",\"default\":\"\"},{\"label\":\"Radio\",\"value\":\"radio\",\"default\":\"\"}]}', '2016-05-22 03:30:26', '2016-05-22 07:05:28', '8f1b02b5-d063-4c96-929a-d3e526063479'),
 ('120', '5', 'Form name', 'formName', 'global', '', '0', 'PlainText', '{\"placeholder\":\"\",\"maxLength\":\"\",\"multiline\":\"\",\"initialRows\":\"4\"}', '2016-05-22 03:30:58', '2016-05-22 03:30:58', 'b34426ad-8755-4756-ba30-595564a0768c'),
 ('121', '5', 'Error message', 'errorMessage', 'global', '', '0', 'PlainText', '{\"placeholder\":\"\",\"maxLength\":\"\",\"multiline\":\"\",\"initialRows\":\"4\"}', '2016-05-22 03:32:03', '2016-05-22 03:32:03', '03dcf591-403d-4dd9-9e11-2768c2ea88ca'),
 ('122', '5', 'Thank you message', 'thankYouMessage', 'global', '', '0', 'PlainText', '{\"placeholder\":\"\",\"maxLength\":\"\",\"multiline\":\"1\",\"initialRows\":\"4\"}', '2016-05-22 03:32:16', '2016-05-22 03:32:25', 'f111b0f6-b901-408a-8c88-2dca8254768b'),
 ('123', '5', 'Form', 'form', 'global', '', '0', 'Neo', '{\"maxBlocks\":null}', '2016-05-22 03:35:23', '2016-05-22 04:48:47', '70a84085-abc6-4204-bd60-bc6b10fd65d7'),
 ('124', '5', 'Field label', 'fieldLabel', 'global', '', '0', 'PlainText', '{\"placeholder\":\"\",\"maxLength\":\"\",\"multiline\":\"\",\"initialRows\":\"4\"}', '2016-05-22 04:02:24', '2016-05-22 04:03:43', '0eb38997-d32e-4b2d-80c3-716821f283dd'),
 ('125', '5', 'Button colour', 'buttonColour', 'global', '', '0', 'Dropdown', '{\"options\":[{\"label\":\"Default\",\"value\":\"default\",\"default\":\"1\"},{\"label\":\"Grey\",\"value\":\"grey\",\"default\":\"\"},{\"label\":\"Red\",\"value\":\"red\",\"default\":\"\"},{\"label\":\"Blue\",\"value\":\"blue\",\"default\":\"\"}]}', '2016-05-22 06:40:49', '2016-05-22 06:40:49', '5ea17738-abd1-4add-ac22-1054fcbad0c3'),
 ('126', '5', 'Option format', 'optionFormat', 'global', '', '0', 'Dropdown', '{\"options\":[{\"label\":\"Normal\",\"value\":\"normal\",\"default\":\"1\"},{\"label\":\"Buttons\",\"value\":\"buttons\",\"default\":\"\"},{\"label\":\"Pills\",\"value\":\"pills\",\"default\":\"\"}]}', '2016-05-22 07:25:55', '2016-05-22 07:41:15', '7ef66986-e9cf-47aa-bfc2-4150dd9d0d95');



DROP TABLE IF EXISTS `craft_globalsets`;


--
-- Schema for table `craft_globalsets`
--
CREATE TABLE `craft_globalsets` (
  `id` int(11) NOT NULL,
  `name` varchar(255) COLLATE utf8_unicode_ci NOT NULL,
  `handle` varchar(255) COLLATE utf8_unicode_ci NOT NULL,
  `fieldLayoutId` int(10) DEFAULT NULL,
  `dateCreated` datetime NOT NULL,
  `dateUpdated` datetime NOT NULL,
  `uid` char(36) COLLATE utf8_unicode_ci NOT NULL DEFAULT '0',
  PRIMARY KEY (`id`),
  UNIQUE KEY `craft_globalsets_name_unq_idx` (`name`),
  UNIQUE KEY `craft_globalsets_handle_unq_idx` (`handle`),
  KEY `craft_globalsets_fieldLayoutId_fk` (`fieldLayoutId`)
) ENGINE=InnoDB DEFAULT CHARSET=utf8 COLLATE=utf8_unicode_ci;

--
-- Data for table `craft_globalsets`
--

INSERT INTO `craft_globalsets` (`id`, `name`, `handle`, `fieldLayoutId`, `dateCreated`, `dateUpdated`, `uid`) VALUES
 ('8', 'Settings', 'settings', '133', '2016-05-11 20:23:33', '2016-05-20 06:11:54', 'bd2b910b-96ac-45e6-9f7d-533a17e30ab3');



DROP TABLE IF EXISTS `craft_info`;


--
-- Schema for table `craft_info`
--
CREATE TABLE `craft_info` (
  `id` int(11) NOT NULL AUTO_INCREMENT,
  `version` varchar(15) COLLATE utf8_unicode_ci NOT NULL,
  `build` int(11) unsigned NOT NULL,
  `schemaVersion` varchar(15) COLLATE utf8_unicode_ci NOT NULL,
  `releaseDate` datetime NOT NULL,
  `edition` tinyint(1) unsigned NOT NULL DEFAULT '0',
  `siteName` varchar(100) COLLATE utf8_unicode_ci NOT NULL,
  `siteUrl` varchar(255) COLLATE utf8_unicode_ci NOT NULL,
  `timezone` varchar(30) COLLATE utf8_unicode_ci DEFAULT NULL,
  `on` tinyint(1) unsigned NOT NULL DEFAULT '0',
  `maintenance` tinyint(1) unsigned NOT NULL DEFAULT '0',
  `track` varchar(40) COLLATE utf8_unicode_ci NOT NULL,
  `dateCreated` datetime NOT NULL,
  `dateUpdated` datetime NOT NULL,
  `uid` char(36) COLLATE utf8_unicode_ci NOT NULL DEFAULT '0',
  PRIMARY KEY (`id`)
) ENGINE=InnoDB AUTO_INCREMENT=2 DEFAULT CHARSET=utf8 COLLATE=utf8_unicode_ci;

--
-- Data for table `craft_info`
--

INSERT INTO `craft_info` (`id`, `version`, `build`, `schemaVersion`, `releaseDate`, `edition`, `siteName`, `siteUrl`, `timezone`, `on`, `maintenance`, `track`, `dateCreated`, `dateUpdated`, `uid`) VALUES
 ('1', '2.6', '2788', '2.6.5', '2016-05-20 00:37:05', '0', 'LT10 Editorial System', 'http://editorial.dev', 'UTC', '1', '0', 'stable', '2015-05-15 20:59:36', '2016-05-20 15:25:06', 'bff15d4f-5ef3-495d-bd3c-9f3c10da3e99');



DROP TABLE IF EXISTS `craft_locales`;


--
-- Schema for table `craft_locales`
--
CREATE TABLE `craft_locales` (
  `locale` char(12) COLLATE utf8_unicode_ci NOT NULL,
  `sortOrder` smallint(6) unsigned DEFAULT NULL,
  `dateCreated` datetime NOT NULL,
  `dateUpdated` datetime NOT NULL,
  `uid` char(36) COLLATE utf8_unicode_ci NOT NULL DEFAULT '0',
  PRIMARY KEY (`locale`),
  KEY `craft_locales_sortOrder_idx` (`sortOrder`)
) ENGINE=InnoDB DEFAULT CHARSET=utf8 COLLATE=utf8_unicode_ci;

--
-- Data for table `craft_locales`
--

INSERT INTO `craft_locales` (`locale`, `sortOrder`, `dateCreated`, `dateUpdated`, `uid`) VALUES
 ('en_us', '1', '2015-05-15 20:59:36', '2015-05-15 20:59:36', '82fbaf27-f124-4525-ae89-1f0e4aaf615b');



DROP TABLE IF EXISTS `craft_matrixblocks`;


--
-- Schema for table `craft_matrixblocks`
--
CREATE TABLE `craft_matrixblocks` (
  `id` int(11) NOT NULL,
  `ownerId` int(11) NOT NULL,
  `fieldId` int(11) NOT NULL,
  `typeId` int(11) DEFAULT NULL,
  `sortOrder` smallint(6) unsigned DEFAULT NULL,
  `ownerLocale` char(12) COLLATE utf8_unicode_ci DEFAULT NULL,
  `dateCreated` datetime NOT NULL,
  `dateUpdated` datetime NOT NULL,
  `uid` char(36) COLLATE utf8_unicode_ci NOT NULL DEFAULT '0',
  PRIMARY KEY (`id`),
  KEY `craft_matrixblocks_ownerId_idx` (`ownerId`),
  KEY `craft_matrixblocks_fieldId_idx` (`fieldId`),
  KEY `craft_matrixblocks_typeId_idx` (`typeId`),
  KEY `craft_matrixblocks_sortOrder_idx` (`sortOrder`),
  KEY `craft_matrixblocks_ownerLocale_fk` (`ownerLocale`)
) ENGINE=InnoDB DEFAULT CHARSET=utf8 COLLATE=utf8_unicode_ci;

--
-- Data for table `craft_matrixblocks`
--

INSERT INTO `craft_matrixblocks` (`id`, `ownerId`, `fieldId`, `typeId`, `sortOrder`, `ownerLocale`, `dateCreated`, `dateUpdated`, `uid`) VALUES
 ('43', '40', '3', '1', '1', NULL, '2016-05-22 02:29:07', '2016-05-22 05:01:12', '94829e4d-daba-43a0-b278-74cc6a7413b6');



DROP TABLE IF EXISTS `craft_matrixblocktypes`;


--
-- Schema for table `craft_matrixblocktypes`
--
CREATE TABLE `craft_matrixblocktypes` (
  `id` int(11) NOT NULL AUTO_INCREMENT,
  `fieldId` int(11) NOT NULL,
  `fieldLayoutId` int(11) DEFAULT NULL,
  `name` varchar(255) COLLATE utf8_unicode_ci NOT NULL,
  `handle` varchar(255) COLLATE utf8_unicode_ci NOT NULL,
  `sortOrder` smallint(6) unsigned DEFAULT NULL,
  `dateCreated` datetime NOT NULL,
  `dateUpdated` datetime NOT NULL,
  `uid` char(36) COLLATE utf8_unicode_ci NOT NULL DEFAULT '0',
  PRIMARY KEY (`id`),
  UNIQUE KEY `craft_matrixblocktypes_name_fieldId_unq_idx` (`name`,`fieldId`),
  UNIQUE KEY `craft_matrixblocktypes_handle_fieldId_unq_idx` (`handle`,`fieldId`),
  KEY `craft_matrixblocktypes_fieldId_fk` (`fieldId`),
  KEY `craft_matrixblocktypes_fieldLayoutId_fk` (`fieldLayoutId`)
) ENGINE=InnoDB AUTO_INCREMENT=5 DEFAULT CHARSET=utf8 COLLATE=utf8_unicode_ci;

--
-- Data for table `craft_matrixblocktypes`
--

INSERT INTO `craft_matrixblocktypes` (`id`, `fieldId`, `fieldLayoutId`, `name`, `handle`, `sortOrder`, `dateCreated`, `dateUpdated`, `uid`) VALUES
 ('1', '3', '157', 'Typography', 'typography', '1', '2015-05-15 21:37:13', '2016-05-20 07:17:21', '95dc2584-8c2a-4ae3-89a4-b84d06337b42'),
 ('2', '3', '158', 'Colours', 'colours', '2', '2015-05-15 21:37:13', '2016-05-20 07:17:22', '4f0d84bb-b60b-4477-be08-257b57aa68fd'),
 ('3', '3', '160', 'Custom CSS', 'customCSS', '4', '2015-05-15 21:38:17', '2016-05-20 07:17:22', '52f94000-3ae9-4d85-82b6-839474c7da6a'),
 ('4', '3', '159', 'Background images', 'backgroundImages', '3', '2015-05-15 21:41:02', '2016-05-20 07:17:22', '69fa364e-4c26-4498-94df-8582ffac8d9b');



DROP TABLE IF EXISTS `craft_matrixcontent_artdirection`;


--
-- Schema for table `craft_matrixcontent_artdirection`
--
CREATE TABLE `craft_matrixcontent_artdirection` (
  `id` int(11) NOT NULL AUTO_INCREMENT,
  `elementId` int(11) NOT NULL,
  `locale` char(12) COLLATE utf8_unicode_ci NOT NULL,
  `field_typography_hidePrimaryHeading` tinyint(1) unsigned NOT NULL DEFAULT '0',
  `field_typography_primaryHeadingFont` varchar(255) COLLATE utf8_unicode_ci DEFAULT NULL,
  `field_typography_primaryHeadingWeight` varchar(255) COLLATE utf8_unicode_ci DEFAULT NULL,
  `field_typography_primaryHeadingItalics` tinyint(1) unsigned NOT NULL DEFAULT '0',
  `field_typography_primaryHeadingUppercase` tinyint(1) unsigned NOT NULL DEFAULT '0',
  `field_typography_primaryHeadingSize` varchar(255) COLLATE utf8_unicode_ci DEFAULT NULL,
  `field_colours_backgroundColour` char(7) COLLATE utf8_unicode_ci DEFAULT NULL,
  `field_colours_headerBackgroundColour` char(7) COLLATE utf8_unicode_ci DEFAULT NULL,
  `field_colours_headerTextColour` char(7) COLLATE utf8_unicode_ci DEFAULT NULL,
  `field_colours_titleColour` char(7) COLLATE utf8_unicode_ci DEFAULT NULL,
  `field_colours_linkColour` char(7) COLLATE utf8_unicode_ci DEFAULT NULL,
  `field_colours_bodyBackgroundColour` char(7) COLLATE utf8_unicode_ci DEFAULT NULL,
  `field_colours_bodyTextColour` char(7) COLLATE utf8_unicode_ci DEFAULT NULL,
  `field_colours_linkActiveColour` char(7) COLLATE utf8_unicode_ci DEFAULT NULL,
  `field_colours_teaserBackgroundColour` char(7) COLLATE utf8_unicode_ci DEFAULT NULL,
  `field_customCSS_css` text COLLATE utf8_unicode_ci,
  `field_backgroundImages_imageSection` varchar(255) COLLATE utf8_unicode_ci DEFAULT 'page',
  `field_customCSS_breakpoint` text COLLATE utf8_unicode_ci,
  `dateCreated` datetime NOT NULL,
  `dateUpdated` datetime NOT NULL,
  `uid` char(36) COLLATE utf8_unicode_ci NOT NULL DEFAULT '0',
  PRIMARY KEY (`id`),
  UNIQUE KEY `craft_matrixcontent_artdirection_elementId_locale_unq_idx` (`elementId`,`locale`),
  KEY `craft_matrixcontent_artdirection_locale_fk` (`locale`)
) ENGINE=InnoDB AUTO_INCREMENT=5 DEFAULT CHARSET=utf8 COLLATE=utf8_unicode_ci;

--
-- Data for table `craft_matrixcontent_artdirection`
--

INSERT INTO `craft_matrixcontent_artdirection` (`id`, `elementId`, `locale`, `field_typography_hidePrimaryHeading`, `field_typography_primaryHeadingFont`, `field_typography_primaryHeadingWeight`, `field_typography_primaryHeadingItalics`, `field_typography_primaryHeadingUppercase`, `field_typography_primaryHeadingSize`, `field_colours_backgroundColour`, `field_colours_headerBackgroundColour`, `field_colours_headerTextColour`, `field_colours_titleColour`, `field_colours_linkColour`, `field_colours_bodyBackgroundColour`, `field_colours_bodyTextColour`, `field_colours_linkActiveColour`, `field_colours_teaserBackgroundColour`, `field_customCSS_css`, `field_backgroundImages_imageSection`, `field_customCSS_breakpoint`, `dateCreated`, `dateUpdated`, `uid`) VALUES
 ('4', '43', 'en_us', '0', 'Georgia, serif', '100', '0', '0', '6rem', NULL, NULL, NULL, NULL, NULL, NULL, NULL, NULL, NULL, NULL, NULL, NULL, '2016-05-22 02:29:07', '2016-05-22 05:01:12', 'cdfeb37a-186b-45f9-885f-a2785911353f');



DROP TABLE IF EXISTS `craft_migrations`;


--
-- Schema for table `craft_migrations`
--
CREATE TABLE `craft_migrations` (
  `id` int(11) NOT NULL AUTO_INCREMENT,
  `pluginId` int(11) DEFAULT NULL,
  `version` varchar(255) COLLATE utf8_unicode_ci NOT NULL,
  `applyTime` datetime NOT NULL,
  `dateCreated` datetime NOT NULL,
  `dateUpdated` datetime NOT NULL,
  `uid` char(36) COLLATE utf8_unicode_ci NOT NULL DEFAULT '0',
  PRIMARY KEY (`id`),
  UNIQUE KEY `craft_migrations_version_unq_idx` (`version`),
  KEY `craft_migrations_pluginId_fk` (`pluginId`)
) ENGINE=InnoDB AUTO_INCREMENT=53 DEFAULT CHARSET=utf8 COLLATE=utf8_unicode_ci;

--
-- Data for table `craft_migrations`
--

INSERT INTO `craft_migrations` (`id`, `pluginId`, `version`, `applyTime`, `dateCreated`, `dateUpdated`, `uid`) VALUES
 ('1', NULL, 'm000000_000000_base', '2015-05-15 20:59:36', '2015-05-15 20:59:36', '2015-05-15 20:59:36', '4c7755b0-e9bd-4e73-be56-4ca93adfb0b7'),
 ('2', NULL, 'm140730_000001_add_filename_and_format_to_transformindex', '2015-05-15 20:59:36', '2015-05-15 20:59:36', '2015-05-15 20:59:36', 'f05206a4-ef21-4097-97eb-a1e9dbae416a'),
 ('3', NULL, 'm140815_000001_add_format_to_transforms', '2015-05-15 20:59:36', '2015-05-15 20:59:36', '2015-05-15 20:59:36', '76da968f-6b41-444a-87f5-894754ffaf5a'),
 ('4', NULL, 'm140822_000001_allow_more_than_128_items_per_field', '2015-05-15 20:59:36', '2015-05-15 20:59:36', '2015-05-15 20:59:36', 'cd5c1a72-79ef-4997-bc3c-b145a93511ad'),
 ('5', NULL, 'm140829_000001_single_title_formats', '2015-05-15 20:59:36', '2015-05-15 20:59:36', '2015-05-15 20:59:36', 'e1646c1b-2e47-48f1-a08c-2569e3be74a9'),
 ('6', NULL, 'm140831_000001_extended_cache_keys', '2015-05-15 20:59:36', '2015-05-15 20:59:36', '2015-05-15 20:59:36', 'b40350f3-8449-4530-a82d-b2412ef060c3'),
 ('7', NULL, 'm140922_000001_delete_orphaned_matrix_blocks', '2015-05-15 20:59:36', '2015-05-15 20:59:36', '2015-05-15 20:59:36', '9b913513-55b9-43e8-90b9-7aa34be65651'),
 ('8', NULL, 'm141008_000001_elements_index_tune', '2015-05-15 20:59:36', '2015-05-15 20:59:36', '2015-05-15 20:59:36', '833f6a6c-aaca-44c3-a50c-2de5c223c97f'),
 ('9', NULL, 'm141009_000001_assets_source_handle', '2015-05-15 20:59:36', '2015-05-15 20:59:36', '2015-05-15 20:59:36', 'eaef987f-27a8-4d0a-af35-828f19ebc14a'),
 ('10', NULL, 'm141024_000001_field_layout_tabs', '2015-05-15 20:59:36', '2015-05-15 20:59:36', '2015-05-15 20:59:36', 'b36f7241-d0e1-4dc1-b9b0-211f1a186ff9'),
 ('11', NULL, 'm141030_000001_drop_structure_move_permission', '2015-05-15 20:59:36', '2015-05-15 20:59:36', '2015-05-15 20:59:36', 'b88d2ae6-ac23-452e-9182-2356f97bfe31'),
 ('12', NULL, 'm141103_000001_tag_titles', '2015-05-15 20:59:36', '2015-05-15 20:59:36', '2015-05-15 20:59:36', '3a579203-ff7e-49ed-b629-7a824a71acc2'),
 ('13', NULL, 'm141109_000001_user_status_shuffle', '2015-05-15 20:59:36', '2015-05-15 20:59:36', '2015-05-15 20:59:36', '7f0d3bb9-0a73-4109-b989-95231bbed8aa'),
 ('14', NULL, 'm141126_000001_user_week_start_day', '2015-05-15 20:59:36', '2015-05-15 20:59:36', '2015-05-15 20:59:36', '33d1d958-cd02-443b-afd1-cf86a4506ccd'),
 ('15', NULL, 'm150210_000001_adjust_user_photo_size', '2015-05-15 20:59:36', '2015-05-15 20:59:36', '2015-05-15 20:59:36', '6ff43ef7-f52e-42de-a507-913c9a220cd5'),
 ('16', NULL, 'm141030_000000_plugin_schema_versions', '2015-12-11 04:30:42', '2015-12-11 04:30:42', '2015-12-11 04:30:42', '0d802d8d-fb23-4c34-a7a4-cdf16bda5e2a'),
 ('17', NULL, 'm150724_000001_adjust_quality_settings', '2015-12-11 04:30:42', '2015-12-11 04:30:42', '2015-12-11 04:30:42', 'aabe4d49-eb1f-4c4b-91b9-33947c4cdd15'),
 ('18', NULL, 'm150827_000000_element_index_settings', '2015-12-11 04:30:42', '2015-12-11 04:30:42', '2015-12-11 04:30:42', '3ce66ebe-d05e-43fc-844d-ca82421b29aa'),
 ('19', NULL, 'm150918_000001_add_colspan_to_widgets', '2015-12-11 04:30:42', '2015-12-11 04:30:42', '2015-12-11 04:30:42', 'f78b7fa2-2618-4235-b2b8-a077e18a99f9'),
 ('20', NULL, 'm151007_000000_clear_asset_caches', '2015-12-11 04:30:42', '2015-12-11 04:30:42', '2015-12-11 04:30:42', '71a678da-5751-4be2-95ab-247289260cd6'),
 ('21', NULL, 'm151109_000000_text_url_formats', '2015-12-11 04:30:43', '2015-12-11 04:30:43', '2015-12-11 04:30:43', '22f13d4a-59fd-49d2-b1fd-1b867c41362d'),
 ('22', NULL, 'm151110_000000_move_logo', '2015-12-11 04:30:43', '2015-12-11 04:30:43', '2015-12-11 04:30:43', 'e65b0632-22f0-4ccd-a923-9786e09a1203'),
 ('23', NULL, 'm151117_000000_adjust_image_widthheight', '2015-12-11 04:30:43', '2015-12-11 04:30:43', '2015-12-11 04:30:43', '2a4b0037-29bd-4b9d-97b7-5763d09f15f5'),
 ('24', NULL, 'm151127_000000_clear_license_key_status', '2015-12-11 04:30:43', '2015-12-11 04:30:43', '2015-12-11 04:30:43', '06e7a1da-5ecb-494f-8832-98de0dcf1e33'),
 ('25', NULL, 'm151127_000000_plugin_license_keys', '2015-12-11 04:30:43', '2015-12-11 04:30:43', '2015-12-11 04:30:43', 'b8cebc61-771e-40db-aead-2174c852c266'),
 ('26', NULL, 'm151130_000000_update_pt_widget_feeds', '2015-12-11 04:30:43', '2015-12-11 04:30:43', '2015-12-11 04:30:43', '3995ff54-18ed-411f-aca4-300031096e49'),
 ('27', NULL, 'm160114_000000_asset_sources_public_url_default_true', '2016-05-11 02:30:07', '2016-05-11 02:30:07', '2016-05-11 02:30:07', 'ea4fa8b1-b1a0-465b-9c9e-6be7ad3fe6b8'),
 ('28', NULL, 'm160223_000000_sortorder_to_smallint', '2016-05-11 02:30:07', '2016-05-11 02:30:07', '2016-05-11 02:30:07', 'cd213416-31b6-4f70-a2b9-0f7cfc525883'),
 ('29', NULL, 'm160229_000000_set_default_entry_statuses', '2016-05-11 02:30:07', '2016-05-11 02:30:07', '2016-05-11 02:30:07', '7d21b4c6-8bd9-4d3d-9224-5f957a3971b2'),
 ('30', NULL, 'm160304_000000_client_permissions', '2016-05-11 02:30:07', '2016-05-11 02:30:07', '2016-05-11 02:30:07', 'b0cd4109-e50a-4529-a0fd-7629cf895b5a'),
 ('31', NULL, 'm160322_000000_asset_filesize', '2016-05-11 02:30:07', '2016-05-11 02:30:07', '2016-05-11 02:30:07', '7e835ddb-5792-4a43-8588-56505fbf7bae'),
 ('32', NULL, 'm160503_000000_orphaned_fieldlayouts', '2016-05-11 02:30:07', '2016-05-11 02:30:07', '2016-05-11 02:30:07', 'cb7d341f-03f5-4cfa-b3e7-28fdafa50ccf'),
 ('33', '1', 'm151225_000000_seomatic_addHumansField', '2016-05-11 20:24:44', '2016-05-11 20:24:44', '2016-05-11 20:24:44', '493c0aca-8468-470f-a567-779d72a5a308'),
 ('34', '1', 'm151226_000000_seomatic_addTwitterFacebookFields', '2016-05-11 20:24:44', '2016-05-11 20:24:44', '2016-05-11 20:24:44', '2820c8c2-8b42-42ff-af23-9a702fe41178'),
 ('35', '1', 'm160101_000000_seomatic_addRobotsFields', '2016-05-11 20:24:44', '2016-05-11 20:24:44', '2016-05-11 20:24:44', '286436be-465e-411a-853d-185860443385'),
 ('36', '1', 'm160111_000000_seomatic_addTitleFields', '2016-05-11 20:24:44', '2016-05-11 20:24:44', '2016-05-11 20:24:44', '30163c78-065e-47b5-894f-a6b82b8057ba'),
 ('37', '1', 'm160122_000000_seomatic_addTypeFields', '2016-05-11 20:24:44', '2016-05-11 20:24:44', '2016-05-11 20:24:44', '5d49879a-10b3-4f19-9f25-795fa40cf5b5'),
 ('38', '1', 'm160123_000000_seomatic_addOpeningHours', '2016-05-11 20:24:44', '2016-05-11 20:24:44', '2016-05-11 20:24:44', '6ca1edda-b053-4bb5-ab71-19c4d964dbf8'),
 ('39', '1', 'm160202_000000_seomatic_addSocialHandles', '2016-05-11 20:24:44', '2016-05-11 20:24:44', '2016-05-11 20:24:44', '0d33c2db-2246-41a3-ba4a-04d85fc65200'),
 ('40', '1', 'm160204_000000_seomatic_addGoogleAnalytics', '2016-05-11 20:24:44', '2016-05-11 20:24:44', '2016-05-11 20:24:44', 'b72e47c3-1250-4937-aacc-75e4755bca60'),
 ('41', '1', 'm160205_000000_seomatic_addResturantMenu', '2016-05-11 20:24:44', '2016-05-11 20:24:44', '2016-05-11 20:24:44', '25fe3238-138c-48e2-995a-884a572235af'),
 ('42', '1', 'm160206_000000_seomatic_addGoogleAnalyticsPlugins', '2016-05-11 20:24:44', '2016-05-11 20:24:44', '2016-05-11 20:24:44', '4612c5b7-b8a6-41a5-b423-71350346c8f6'),
 ('43', '1', 'm160206_000000_seomatic_addGoogleAnalyticsSendPageView', '2016-05-11 20:24:44', '2016-05-11 20:24:44', '2016-05-11 20:24:44', '279ef527-f20b-48bc-8b4c-434a74ffee05'),
 ('44', '1', 'm160209_000000_seomatic_alterDescriptionsColumns', '2016-05-11 20:24:44', '2016-05-11 20:24:44', '2016-05-11 20:24:44', 'f4471d28-b679-41c6-8ee6-47cce887633c'),
 ('45', '1', 'm160209_000001_seomatic_addRobotsTxt', '2016-05-11 20:24:44', '2016-05-11 20:24:44', '2016-05-11 20:24:44', 'f37f7b73-02c5-4343-85ad-51b1656100fe'),
 ('46', '1', 'm160227_000000_seomatic_addFacebookAppId', '2016-05-11 20:24:44', '2016-05-11 20:24:44', '2016-05-11 20:24:44', 'd6256647-694b-4a02-af50-9cc76958a1bd'),
 ('47', '1', 'm160416_000000_seomatic_addContactPoints', '2016-05-11 20:24:44', '2016-05-11 20:24:44', '2016-05-11 20:24:44', 'ffa2ac9d-268b-4b7d-966c-d5838ec23d59'),
 ('48', '1', 'm160509_000000_seomatic_addSiteLinksBing', '2016-05-11 20:24:44', '2016-05-11 20:24:44', '2016-05-11 20:24:44', 'a501c14e-ae84-43be-9446-4abc55994cbe'),
 ('49', '4', 'm140713_000000_minimee_ChangeTagToReturnSettingsFieldNames', '2016-05-11 21:00:22', '2016-05-11 21:00:22', '2016-05-11 21:00:22', 'cc91bf5e-d50c-449f-9912-652402723fe4'),
 ('50', '8', 'm160428_202308_Neo_UpdateBlockLevels', '2016-05-17 23:25:01', '2016-05-17 23:25:01', '2016-05-17 23:25:01', '78c6c0a0-2c29-45ca-932f-62fa63a79cee'),
 ('51', '8', 'm160515_005002_Neo_UpdateBlockStructure', '2016-05-17 23:25:01', '2016-05-17 23:25:01', '2016-05-17 23:25:01', '7e5b6e4f-acce-41b1-ac83-07f9eacc13c5'),
 ('52', NULL, 'm160510_000000_tasksettings', '2016-05-20 15:25:06', '2016-05-20 15:25:06', '2016-05-20 15:25:06', '11102ea0-fd8c-4bbd-a2aa-efe78da019fa');



DROP TABLE IF EXISTS `craft_neoblocks`;


--
-- Schema for table `craft_neoblocks`
--
CREATE TABLE `craft_neoblocks` (
  `id` int(11) NOT NULL,
  `ownerId` int(11) NOT NULL,
  `fieldId` int(11) NOT NULL,
  `typeId` int(11) DEFAULT NULL,
  `collapsed` tinyint(1) unsigned NOT NULL DEFAULT '0',
  `ownerLocale` char(12) COLLATE utf8_unicode_ci DEFAULT NULL,
  `dateCreated` datetime NOT NULL,
  `dateUpdated` datetime NOT NULL,
  `uid` char(36) COLLATE utf8_unicode_ci NOT NULL DEFAULT '0',
  PRIMARY KEY (`id`),
  KEY `craft_neoblocks_ownerId_idx` (`ownerId`),
  KEY `craft_neoblocks_fieldId_idx` (`fieldId`),
  KEY `craft_neoblocks_typeId_idx` (`typeId`),
  KEY `craft_neoblocks_collapsed_idx` (`collapsed`),
  KEY `craft_neoblocks_ownerLocale_fk` (`ownerLocale`)
) ENGINE=InnoDB DEFAULT CHARSET=utf8 COLLATE=utf8_unicode_ci;

--
-- Data for table `craft_neoblocks`
--

INSERT INTO `craft_neoblocks` (`id`, `ownerId`, `fieldId`, `typeId`, `collapsed`, `ownerLocale`, `dateCreated`, `dateUpdated`, `uid`) VALUES
 ('26', '2', '106', '1', '0', NULL, '2016-05-20 06:08:15', '2016-05-22 02:03:46', '776b205a-55bd-4723-8d6e-972206742c19'),
 ('27', '2', '106', '2', '0', NULL, '2016-05-20 06:08:15', '2016-05-22 02:03:46', 'f84a7fb0-eaeb-4efa-be11-ba434dda8864'),
 ('28', '2', '106', '2', '0', NULL, '2016-05-20 06:08:15', '2016-05-22 02:03:46', '8361cdb9-8f22-4f60-bb9d-09894c7de0fe'),
 ('29', '2', '106', '1', '0', NULL, '2016-05-20 06:08:15', '2016-05-22 02:03:46', '4b981ded-5f44-4fc1-8917-b5277ed8cdcf'),
 ('30', '2', '106', '2', '0', NULL, '2016-05-20 06:08:15', '2016-05-22 02:03:46', 'cc8a088c-7c37-4054-8d74-6e6a688dcfc6'),
 ('31', '2', '106', '2', '0', NULL, '2016-05-20 06:08:15', '2016-05-22 02:03:46', 'a92ecd7f-c1d3-40c9-b25a-9b488b8c812e'),
 ('41', '40', '106', '1', '0', NULL, '2016-05-22 02:29:07', '2016-05-22 05:01:12', '56c0543b-a7a8-4e5d-a621-7447208879b0'),
 ('42', '40', '106', '4', '0', NULL, '2016-05-22 02:29:07', '2016-05-22 05:01:12', 'b48638cf-fad6-4a5f-b790-f25d2b8371b2'),
 ('46', '45', '106', '1', '0', NULL, '2016-05-22 04:32:55', '2016-05-22 07:42:33', '81afa5bb-7695-4ffa-8407-773f1ce7ff2d'),
 ('47', '45', '123', '10', '0', NULL, '2016-05-22 04:32:55', '2016-05-22 04:32:55', '4ba9d69f-7cfc-4451-a625-a697acf6a1a8'),
 ('50', '40', '106', '17', '0', NULL, '2016-05-22 05:01:12', '2016-05-22 05:01:12', '20b2678c-6902-4a6e-a430-231b5d6be8d0'),
 ('51', '40', '106', '17', '0', NULL, '2016-05-22 05:01:12', '2016-05-22 05:01:12', '351b325f-bcf2-4ce4-8460-cbe259cee413'),
 ('58', '45', '106', '18', '0', NULL, '2016-05-22 06:04:50', '2016-05-22 07:42:33', 'df1bd16d-08b1-4f37-b80f-e8f467c752f9'),
 ('59', '45', '106', '17', '0', NULL, '2016-05-22 06:04:50', '2016-05-22 07:42:33', '90b2cb4e-c593-4111-90be-f69b55c5c814'),
 ('60', '45', '106', '17', '0', NULL, '2016-05-22 06:04:50', '2016-05-22 07:42:33', 'd5faa90f-273f-4f12-947f-5f4abad3224c'),
 ('61', '45', '106', '17', '0', NULL, '2016-05-22 06:04:50', '2016-05-22 07:42:33', '4c6266bd-ff8b-465b-95bc-e19c682343e9'),
 ('62', '45', '106', '17', '0', NULL, '2016-05-22 06:51:21', '2016-05-22 07:42:33', '53c1f998-d3b8-4dfa-a21d-2aa89547d849'),
 ('63', '45', '106', '19', '0', NULL, '2016-05-22 06:51:21', '2016-05-22 07:42:33', '9a9fc941-009d-4cc3-9397-4fa6ddb39e95');



DROP TABLE IF EXISTS `craft_neoblockstructures`;


--
-- Schema for table `craft_neoblockstructures`
--
CREATE TABLE `craft_neoblockstructures` (
  `id` int(11) NOT NULL AUTO_INCREMENT,
  `structureId` int(11) NOT NULL,
  `ownerId` int(11) NOT NULL,
  `fieldId` int(11) NOT NULL,
  `dateCreated` datetime NOT NULL,
  `dateUpdated` datetime NOT NULL,
  `uid` char(36) COLLATE utf8_unicode_ci NOT NULL DEFAULT '0',
  PRIMARY KEY (`id`),
  KEY `craft_neoblockstructures_structureId_idx` (`structureId`),
  KEY `craft_neoblockstructures_ownerId_idx` (`ownerId`),
  KEY `craft_neoblockstructures_fieldId_idx` (`fieldId`)
) ENGINE=InnoDB AUTO_INCREMENT=69 DEFAULT CHARSET=utf8 COLLATE=utf8_unicode_ci;

--
-- Data for table `craft_neoblockstructures`
--

INSERT INTO `craft_neoblockstructures` (`id`, `structureId`, `ownerId`, `fieldId`, `dateCreated`, `dateUpdated`, `uid`) VALUES
 ('29', '30', '2', '106', '2016-05-22 02:03:46', '2016-05-22 02:03:46', '1a9187b8-1343-4a98-8fef-f1736ec97451'),
 ('34', '35', '45', '123', '2016-05-22 04:32:55', '2016-05-22 04:32:55', '849b5edd-3331-430a-82ff-4549ec15bd28'),
 ('43', '44', '40', '106', '2016-05-22 05:01:12', '2016-05-22 05:01:12', 'a70f6b7a-62e7-4168-b034-bb31484972dd'),
 ('44', '45', '40', '123', '2016-05-22 05:01:12', '2016-05-22 05:01:12', '2c2b7780-c899-4b86-8cc1-9f0a440415df'),
 ('68', '69', '45', '106', '2016-05-22 07:42:33', '2016-05-22 07:42:33', '0571903c-0264-4707-a266-8b1735cf047f');



DROP TABLE IF EXISTS `craft_neoblocktypes`;


--
-- Schema for table `craft_neoblocktypes`
--
CREATE TABLE `craft_neoblocktypes` (
  `id` int(11) NOT NULL AUTO_INCREMENT,
  `fieldId` int(11) NOT NULL,
  `fieldLayoutId` int(11) DEFAULT NULL,
  `name` varchar(255) COLLATE utf8_unicode_ci NOT NULL,
  `handle` varchar(255) COLLATE utf8_unicode_ci NOT NULL,
  `maxBlocks` int(10) DEFAULT '0',
  `childBlocks` text COLLATE utf8_unicode_ci,
  `topLevel` tinyint(1) unsigned NOT NULL DEFAULT '1',
  `sortOrder` smallint(6) unsigned DEFAULT NULL,
  `dateCreated` datetime NOT NULL,
  `dateUpdated` datetime NOT NULL,
  `uid` char(36) COLLATE utf8_unicode_ci NOT NULL DEFAULT '0',
  PRIMARY KEY (`id`),
  UNIQUE KEY `craft_neoblocktypes_name_fieldId_unq_idx` (`name`,`fieldId`),
  UNIQUE KEY `craft_neoblocktypes_handle_fieldId_unq_idx` (`handle`,`fieldId`),
  KEY `craft_neoblocktypes_fieldId_fk` (`fieldId`),
  KEY `craft_neoblocktypes_fieldLayoutId_fk` (`fieldLayoutId`)
) ENGINE=InnoDB AUTO_INCREMENT=20 DEFAULT CHARSET=utf8 COLLATE=utf8_unicode_ci;

--
-- Data for table `craft_neoblocktypes`
--

INSERT INTO `craft_neoblocktypes` (`id`, `fieldId`, `fieldLayoutId`, `name`, `handle`, `maxBlocks`, `childBlocks`, `topLevel`, `sortOrder`, `dateCreated`, `dateUpdated`, `uid`) VALUES
 ('1', '106', '346', 'Row', 'row', NULL, '[\"divider\",\"text\",\"callout\",\"quote\",\"table\",\"code\",\"image\",\"video\",\"form\"]', '1', '1', '2016-05-18 00:09:48', '2016-05-22 07:26:31', '14ece4c3-7693-48c6-bc2f-f5ed90b2ef19'),
 ('2', '106', '348', 'Text', 'text', NULL, '', '0', '3', '2016-05-18 00:10:58', '2016-05-22 07:26:31', 'acd53a8b-06e1-49bd-82f6-b024029ceafd'),
 ('3', '106', '353', 'Image', 'image', NULL, '', '1', '8', '2016-05-18 00:13:18', '2016-05-22 07:26:31', '4dd8cd68-3517-4505-9e35-8ac02b94c89c'),
 ('4', '106', '349', 'Callout', 'callout', NULL, '', '0', '4', '2016-05-18 00:14:25', '2016-05-22 07:26:31', '1c55a577-efa8-41fd-96ae-a67f30853279'),
 ('5', '106', '350', 'Quote', 'quote', NULL, '', '0', '5', '2016-05-18 00:15:25', '2016-05-22 07:26:31', '878e0899-d4e3-4af5-a8cb-f73ff7eea49d'),
 ('6', '106', '352', 'Code', 'code', NULL, '', '0', '7', '2016-05-18 00:16:25', '2016-05-22 07:26:31', '93afb1e9-60b2-4868-89d2-b6320ae92f31'),
 ('7', '106', '347', 'Divider', 'divider', NULL, '', '1', '2', '2016-05-18 00:17:27', '2016-05-22 07:26:31', '9633584c-123b-40ae-9686-cfbde81ce51e'),
 ('8', '106', '354', 'Video', 'video', NULL, '', '1', '9', '2016-05-18 00:19:08', '2016-05-22 07:26:31', '634a23ad-0b2d-4219-b647-e71b04dc68db'),
 ('9', '106', '351', 'Table', 'table', NULL, '', '0', '6', '2016-05-20 05:19:17', '2016-05-22 07:26:31', '29faa494-4e7d-4778-976d-851b2bc21f01'),
 ('10', '123', '238', 'Form', 'form', NULL, '[\"fieldset\"]', '1', '1', '2016-05-22 03:35:23', '2016-05-22 04:48:47', '80ebf250-8a58-4c74-b837-54175ede80bd'),
 ('11', '123', '239', 'Fieldset', 'fieldset', NULL, '[\"text\",\"checkbox\",\"radio\",\"switch\"]', '1', '2', '2016-05-22 03:38:04', '2016-05-22 04:48:47', '9ebf0f84-6e9d-44e6-87ba-255ae8c86ab1'),
 ('12', '123', '240', 'Text input', 'text', NULL, '', '0', '3', '2016-05-22 03:43:40', '2016-05-22 04:48:47', 'bb5e5570-1091-4cfd-9722-502eefdc2dd3'),
 ('13', '123', '241', 'Checkbox input', 'checkbox', NULL, '', '0', '4', '2016-05-22 03:52:44', '2016-05-22 04:48:47', '487175b0-2aba-4376-89f6-2fbd67685d9a'),
 ('14', '123', '242', 'Radio input', 'radio', NULL, '', '0', '5', '2016-05-22 03:52:44', '2016-05-22 04:48:47', '58a0d2fd-4b0f-4469-9374-038d35bd197f'),
 ('15', '123', '243', 'Switch input', 'switch', NULL, '', '0', '6', '2016-05-22 03:52:44', '2016-05-22 04:48:47', 'becb9416-8512-475d-8d76-d6f7a3df2e48'),
 ('17', '106', '355', 'Text field', 'textField', NULL, '', '0', '10', '2016-05-22 04:58:42', '2016-05-22 07:26:31', '4f24e377-5eed-4151-857f-9150793d54d3'),
 ('18', '106', '356', 'Form', 'form', NULL, '[\"textField\",\"optionField\"]', '0', '11', '2016-05-22 05:26:09', '2016-05-22 07:26:31', '2742bc71-0dfe-44b6-a21d-314f5bb5114e'),
 ('19', '106', '357', 'Option field', 'optionField', NULL, '', '0', '12', '2016-05-22 06:30:03', '2016-05-22 07:26:31', '27a4597d-8bd6-4674-8f19-7ba12140964f');



DROP TABLE IF EXISTS `craft_neogroups`;


--
-- Schema for table `craft_neogroups`
--
CREATE TABLE `craft_neogroups` (
  `id` int(11) NOT NULL AUTO_INCREMENT,
  `fieldId` int(11) NOT NULL,
  `name` varchar(255) COLLATE utf8_unicode_ci DEFAULT NULL,
  `sortOrder` smallint(6) unsigned DEFAULT NULL,
  `dateCreated` datetime NOT NULL,
  `dateUpdated` datetime NOT NULL,
  `uid` char(36) COLLATE utf8_unicode_ci NOT NULL DEFAULT '0',
  PRIMARY KEY (`id`),
  KEY `craft_neogroups_fieldId_fk` (`fieldId`)
) ENGINE=InnoDB AUTO_INCREMENT=7 DEFAULT CHARSET=utf8 COLLATE=utf8_unicode_ci;

DROP TABLE IF EXISTS `craft_plugins`;


--
-- Schema for table `craft_plugins`
--
CREATE TABLE `craft_plugins` (
  `id` int(11) NOT NULL AUTO_INCREMENT,
  `class` varchar(150) COLLATE utf8_unicode_ci NOT NULL,
  `version` varchar(15) COLLATE utf8_unicode_ci NOT NULL,
  `schemaVersion` varchar(15) COLLATE utf8_unicode_ci DEFAULT NULL,
  `licenseKey` char(24) COLLATE utf8_unicode_ci DEFAULT NULL,
  `licenseKeyStatus` enum('valid','invalid','mismatched','unknown') COLLATE utf8_unicode_ci NOT NULL DEFAULT 'unknown',
  `enabled` tinyint(1) unsigned NOT NULL DEFAULT '0',
  `settings` text COLLATE utf8_unicode_ci,
  `installDate` datetime NOT NULL,
  `dateCreated` datetime NOT NULL,
  `dateUpdated` datetime NOT NULL,
  `uid` char(36) COLLATE utf8_unicode_ci NOT NULL DEFAULT '0',
  PRIMARY KEY (`id`)
) ENGINE=InnoDB AUTO_INCREMENT=11 DEFAULT CHARSET=utf8 COLLATE=utf8_unicode_ci;

--
-- Data for table `craft_plugins`
--

INSERT INTO `craft_plugins` (`id`, `class`, `version`, `schemaVersion`, `licenseKey`, `licenseKeyStatus`, `enabled`, `settings`, `installDate`, `dateCreated`, `dateUpdated`, `uid`) VALUES
 ('1', 'Seomatic', '1.1.17', '1.1.15', NULL, 'unknown', '1', '{\"pluginNameOverride\":\"SEO\"}', '2016-05-11 20:24:44', '2016-05-11 20:24:44', '2016-05-22 02:02:29', 'f4709c00-d270-46ec-87fc-09a64b31e562'),
 ('2', 'Cookies', '1.0.2', '1.0.0', NULL, 'unknown', '1', NULL, '2016-05-11 21:00:14', '2016-05-11 21:00:14', '2016-05-22 02:02:29', '2a4b4c67-be25-46b4-a4f5-ff0307062da2'),
 ('3', 'Lettering', '1.0.0', '1.0.0', NULL, 'unknown', '1', NULL, '2016-05-11 21:00:18', '2016-05-11 21:00:18', '2016-05-22 02:02:29', '1b27ae7e-e7cd-4713-a506-ebe26f663141'),
 ('4', 'Minimee', '0.9.3', NULL, NULL, 'unknown', '1', NULL, '2016-05-11 21:00:22', '2016-05-11 21:00:22', '2016-05-22 02:02:29', '400fc21a-1ae9-46ba-93f9-62c22e6047e4'),
 ('5', 'Typogrify', '1.0', NULL, NULL, 'unknown', '1', NULL, '2016-05-11 21:00:26', '2016-05-11 21:00:26', '2016-05-22 02:02:29', '3a4f6365-3be2-4e85-981f-755bda0100ff'),
 ('6', 'Faker', '0.1', NULL, NULL, 'unknown', '1', NULL, '2016-05-16 06:25:16', '2016-05-16 06:25:16', '2016-05-22 02:02:29', '9e7eb774-9223-42fa-bbc4-691fe8478ca8'),
 ('7', 'Inlin', '1.1', NULL, NULL, 'unknown', '1', NULL, '2016-05-17 23:24:56', '2016-05-17 23:24:56', '2016-05-22 02:02:29', 'c9f17321-a0b0-43e6-83d4-6e1cea68a29c'),
 ('8', 'Neo', '1.1.0', '1.1.0', NULL, 'unknown', '1', NULL, '2016-05-17 23:25:01', '2016-05-17 23:25:01', '2016-05-22 02:02:29', '848fd33e-f260-4741-a522-c0494d6f5dc5'),
 ('9', 'Relabel', '0.1.3', '1.0.0', NULL, 'unknown', '1', NULL, '2016-05-17 23:25:04', '2016-05-17 23:25:04', '2016-05-22 02:02:29', 'd5eed2fa-4c22-4c3f-803f-75a66d374b7b'),
 ('10', 'TableMaker', '1.0', NULL, NULL, 'unknown', '1', NULL, '2016-05-20 05:10:23', '2016-05-20 05:10:23', '2016-05-22 02:02:29', '400cd8b8-de46-4ba4-9a68-e891a853f95a');



DROP TABLE IF EXISTS `craft_rackspaceaccess`;


--
-- Schema for table `craft_rackspaceaccess`
--
CREATE TABLE `craft_rackspaceaccess` (
  `id` int(11) NOT NULL AUTO_INCREMENT,
  `connectionKey` varchar(255) COLLATE utf8_unicode_ci NOT NULL,
  `token` varchar(255) COLLATE utf8_unicode_ci NOT NULL,
  `storageUrl` varchar(255) COLLATE utf8_unicode_ci NOT NULL,
  `cdnUrl` varchar(255) COLLATE utf8_unicode_ci NOT NULL,
  `dateCreated` datetime NOT NULL,
  `dateUpdated` datetime NOT NULL,
  `uid` char(36) COLLATE utf8_unicode_ci NOT NULL DEFAULT '0',
  PRIMARY KEY (`id`),
  UNIQUE KEY `craft_rackspaceaccess_connectionKey_unq_idx` (`connectionKey`)
) ENGINE=InnoDB DEFAULT CHARSET=utf8 COLLATE=utf8_unicode_ci;

DROP TABLE IF EXISTS `craft_relabel`;


--
-- Schema for table `craft_relabel`
--
CREATE TABLE `craft_relabel` (
  `id` int(11) NOT NULL AUTO_INCREMENT,
  `fieldId` int(11) DEFAULT NULL,
  `fieldLayoutId` int(11) DEFAULT NULL,
  `name` varchar(255) COLLATE utf8_unicode_ci DEFAULT NULL,
  `instructions` varchar(255) COLLATE utf8_unicode_ci DEFAULT NULL,
  `dateCreated` datetime NOT NULL,
  `dateUpdated` datetime NOT NULL,
  `uid` char(36) COLLATE utf8_unicode_ci NOT NULL DEFAULT '0',
  PRIMARY KEY (`id`),
  KEY `craft_relabel_fieldId_fk` (`fieldId`),
  KEY `craft_relabel_fieldLayoutId_fk` (`fieldLayoutId`)
) ENGINE=InnoDB AUTO_INCREMENT=158 DEFAULT CHARSET=utf8 COLLATE=utf8_unicode_ci;

--
-- Data for table `craft_relabel`
--

INSERT INTO `craft_relabel` (`id`, `fieldId`, `fieldLayoutId`, `name`, `instructions`, `dateCreated`, `dateUpdated`, `uid`) VALUES
 ('30', '98', '133', 'Site logo', NULL, '2016-05-20 06:11:54', '2016-05-20 06:11:54', 'ac5745b7-112f-4372-81db-f08f5856e1b2'),
 ('31', '51', '133', 'Copyright message', NULL, '2016-05-20 06:11:54', '2016-05-20 06:11:54', '884a5526-1bf7-4964-b5d3-2f5741122708'),
 ('104', '97', '238', 'Form ID', NULL, '2016-05-22 04:48:47', '2016-05-22 04:48:47', 'b0cc407f-711a-4cce-a4f6-6d88e36fcb3b'),
 ('105', '118', '238', 'Submit button text', NULL, '2016-05-22 04:48:47', '2016-05-22 04:48:47', '2d7af975-dccf-46f2-89c0-cdb6e975e75c'),
 ('106', '97', '240', 'ID', NULL, '2016-05-22 04:48:47', '2016-05-22 04:48:47', 'db5bd3df-ecdc-4aa9-9186-8a11e99d0347'),
 ('107', '97', '241', 'ID', NULL, '2016-05-22 04:48:47', '2016-05-22 04:48:47', '533f04f5-7fbb-4a19-90db-b618b6176a7c'),
 ('108', '97', '242', 'ID', NULL, '2016-05-22 04:48:47', '2016-05-22 04:48:47', '7b63a4ce-7aba-4ef2-942d-1c165de04b7e'),
 ('109', '97', '243', 'ID', NULL, '2016-05-22 04:48:47', '2016-05-22 04:48:47', 'af521d09-9374-49e4-ba71-2b97c961bcab'),
 ('110', '118', '243', 'Button text', NULL, '2016-05-22 04:48:47', '2016-05-22 04:48:47', '4a5aa146-fb01-474c-af10-c485e7bc3fb1'),
 ('152', '98', '346', 'Background image', NULL, '2016-05-22 07:26:31', '2016-05-22 07:26:31', '0cfb6666-f5ea-4a9a-b7a2-8045550052eb'),
 ('153', '94', '352', 'Snippet', NULL, '2016-05-22 07:26:31', '2016-05-22 07:26:31', '77782a1e-7074-43ed-85af-fb4872932ac2'),
 ('154', '48', '353', 'Link', NULL, '2016-05-22 07:26:31', '2016-05-22 07:26:31', 'bf06f30e-578c-489f-bb95-8c1f1773c2c2'),
 ('155', '97', '355', 'ID', NULL, '2016-05-22 07:26:31', '2016-05-22 07:26:31', '6f7c8f3f-b100-4203-bd3d-97013a16336a'),
 ('156', '97', '356', 'ID', 'The form ID', '2016-05-22 07:26:31', '2016-05-22 07:26:31', '6e2210ce-6a12-4cc1-972e-d2b6a052b878'),
 ('157', '97', '357', 'ID', NULL, '2016-05-22 07:26:31', '2016-05-22 07:26:31', '6fb574f2-0fdf-4e3d-97b1-f3d4312d67bb');



DROP TABLE IF EXISTS `craft_relations`;


--
-- Schema for table `craft_relations`
--
CREATE TABLE `craft_relations` (
  `id` int(11) NOT NULL AUTO_INCREMENT,
  `fieldId` int(11) NOT NULL,
  `sourceId` int(11) NOT NULL,
  `sourceLocale` char(12) COLLATE utf8_unicode_ci DEFAULT NULL,
  `targetId` int(11) NOT NULL,
  `sortOrder` smallint(6) DEFAULT NULL,
  `dateCreated` datetime NOT NULL,
  `dateUpdated` datetime NOT NULL,
  `uid` char(36) COLLATE utf8_unicode_ci NOT NULL DEFAULT '0',
  PRIMARY KEY (`id`),
  UNIQUE KEY `craft_relations_fieldId_sourceId_sourceLocale_targetId_unq_idx` (`fieldId`,`sourceId`,`sourceLocale`,`targetId`),
  KEY `craft_relations_sourceId_fk` (`sourceId`),
  KEY `craft_relations_sourceLocale_fk` (`sourceLocale`),
  KEY `craft_relations_targetId_fk` (`targetId`)
) ENGINE=InnoDB DEFAULT CHARSET=utf8 COLLATE=utf8_unicode_ci;

DROP TABLE IF EXISTS `craft_routes`;


--
-- Schema for table `craft_routes`
--
CREATE TABLE `craft_routes` (
  `id` int(11) NOT NULL AUTO_INCREMENT,
  `locale` char(12) COLLATE utf8_unicode_ci DEFAULT NULL,
  `urlParts` varchar(255) COLLATE utf8_unicode_ci NOT NULL,
  `urlPattern` varchar(255) COLLATE utf8_unicode_ci NOT NULL,
  `template` varchar(255) COLLATE utf8_unicode_ci NOT NULL,
  `sortOrder` smallint(6) unsigned DEFAULT NULL,
  `dateCreated` datetime NOT NULL,
  `dateUpdated` datetime NOT NULL,
  `uid` char(36) COLLATE utf8_unicode_ci NOT NULL DEFAULT '0',
  PRIMARY KEY (`id`),
  UNIQUE KEY `craft_routes_urlPattern_unq_idx` (`urlPattern`),
  KEY `craft_routes_locale_idx` (`locale`)
) ENGINE=InnoDB DEFAULT CHARSET=utf8 COLLATE=utf8_unicode_ci;

DROP TABLE IF EXISTS `craft_searchindex`;


--
-- Schema for table `craft_searchindex`
--
CREATE TABLE `craft_searchindex` (
  `elementId` int(11) NOT NULL,
  `attribute` varchar(25) COLLATE utf8_unicode_ci NOT NULL,
  `fieldId` int(11) NOT NULL,
  `locale` char(12) COLLATE utf8_unicode_ci NOT NULL,
  `keywords` text COLLATE utf8_unicode_ci NOT NULL,
  PRIMARY KEY (`elementId`,`attribute`,`fieldId`,`locale`),
  FULLTEXT KEY `craft_searchindex_keywords_idx` (`keywords`)
) ENGINE=MyISAM DEFAULT CHARSET=utf8 COLLATE=utf8_unicode_ci;

--
-- Data for table `craft_searchindex`
--

INSERT INTO `craft_searchindex` (`elementId`, `attribute`, `fieldId`, `locale`, `keywords`) VALUES
 ('1', 'username', '0', 'en_us', ' admin '),
 ('1', 'firstname', '0', 'en_us', ''),
 ('1', 'lastname', '0', 'en_us', ''),
 ('1', 'fullname', '0', 'en_us', ''),
 ('1', 'email', '0', 'en_us', ' help louderthanten com '),
 ('1', 'slug', '0', 'en_us', ''),
 ('2', 'field', '1', 'en_us', ''),
 ('2', 'slug', '0', 'en_us', ' homepage '),
 ('2', 'title', '0', 'en_us', ' home '),
 ('8', 'slug', '0', 'en_us', ''),
 ('8', 'field', '57', 'en_us', ''),
 ('43', 'slug', '0', 'en_us', ''),
 ('40', 'field', '123', 'en_us', ''),
 ('16', 'field', '92', 'en_us', ' 000000 '),
 ('15', 'slug', '0', 'en_us', ''),
 ('14', 'slug', '0', 'en_us', ''),
 ('14', 'field', '91', 'en_us', ''),
 ('41', 'field', '92', 'en_us', ' 000000 '),
 ('2', 'field', '3', 'en_us', ''),
 ('2', 'field', '106', 'en_us', ' 0 leftbottom transparent 000000 standardrule 0 0 standard invisible full 0 leftbottom transparent standardrule 0 left 1 standard invisible your live wires playground today we stop making trash and instead start building living breathing beauties that will look and act the way they were imagined good stuff you ve downloaded and set up live wires successfully on your machine here s how it works live wires is a platform agnostic design framework made with sass that allows you to create responsive grey box wireframes and prototypes in html scss you can keep all your code without needing to create static mock ups or other deliverables you end up throwing away c3x2 0 leftbottom transparent standardrule 0 left 1 standard invisible recommended workflow step one begin by creating your low fidelity wireframes right here this page will act as the index or home page of your project feel free to delete or overwrite the content on this page with your own step two use the linked style guide guide to style your elements components and modules step three refine your templates and share with your team or clients as fully responsive high fidelity prototypes c3 0 leftbottom reverse 000000 standardrule 0 0 standard invisible full 0 leftbottom transparent standardrule 0 left 1 standard invisible support submit your bug reports pull requests and questions to github https github com louderthanten livewires issues c2 0 leftbottom transparent standardrule 0 left 1 standard invisible about follow us on twitter http twitter com louderthanten and stay tuned for more detailed video how tos about this design workflow live wires is built by louder than ten https louderthanten com c2 '),
 ('2', 'field', '22', 'en_us', ' 000000 reverse center content it s true this site doesn t have a whole lot of content yet but don t worry our web developers have just installed the cms and they re setting things up for the content editors this very moment soon editorial dev will be an oasis of fresh perspectives sharp analyses and astute opinions that will keep you coming back again and again 0 '),
 ('40', 'field', '55', 'en_us', ' testing '),
 ('26', 'field', '91', 'en_us', ''),
 ('26', 'field', '99', 'en_us', ' standard '),
 ('26', 'field', '98', 'en_us', ''),
 ('26', 'field', '92', 'en_us', ' 000000 '),
 ('26', 'field', '95', 'en_us', ' transparent '),
 ('2', 'field', '55', 'en_us', ' louder than ten '),
 ('2', 'field', '56', 'en_us', ' editorial system '),
 ('17', 'field', '94', 'en_us', ' another piece of text '),
 ('16', 'slug', '0', 'en_us', ''),
 ('16', 'field', '97', 'en_us', ''),
 ('13', 'field', '97', 'en_us', ''),
 ('13', 'slug', '0', 'en_us', ''),
 ('14', 'field', '94', 'en_us', ' test text '),
 ('14', 'field', '93', 'en_us', ' 1 '),
 ('14', 'field', '88', 'en_us', ' full '),
 ('14', 'field', '89', 'en_us', ''),
 ('14', 'field', '90', 'en_us', ''),
 ('14', 'field', '102', 'en_us', ' left '),
 ('13', 'field', '91', 'en_us', ''),
 ('13', 'field', '99', 'en_us', ' standard '),
 ('13', 'field', '98', 'en_us', ''),
 ('62', 'field', '97', 'en_us', ''),
 ('62', 'field', '118', 'en_us', ''),
 ('16', 'field', '95', 'en_us', ' reverse '),
 ('13', 'field', '92', 'en_us', ' 000000 '),
 ('13', 'field', '95', 'en_us', ' transparent '),
 ('15', 'field', '104', 'en_us', ' standardrule '),
 ('43', 'field', '4', 'en_us', ' 0 '),
 ('16', 'field', '91', 'en_us', ''),
 ('16', 'field', '99', 'en_us', ' standard '),
 ('16', 'field', '98', 'en_us', ''),
 ('15', 'field', '88', 'en_us', ' full '),
 ('15', 'field', '89', 'en_us', ''),
 ('15', 'field', '90', 'en_us', ''),
 ('15', 'field', '91', 'en_us', ''),
 ('41', 'field', '91', 'en_us', ''),
 ('40', 'slug', '0', 'en_us', ' test '),
 ('40', 'field', '106', 'en_us', ' 0 leftbottom transparent 000000 standardrule 0 0 0 standard invisible full 0 leftbottom transparent 000000 standardrule 0 left 1 0 standard invisible some text full 0 leftbottom transparent standardrule submit 0 left go contact 0 pl4 0 standard invisible contact form text thanks c2 0 leftbottom transparent standardrule please enter your name name name 0 0 1 standard invisible text full 0 leftbottom transparent standardrule enter a valid email address email email 0 0 1 standard invisible email full '),
 ('40', 'field', '3', 'en_us', ' 0 georgia serif 0 6rem 0 100 '),
 ('40', 'field', '56', 'en_us', ' test subhead '),
 ('17', 'field', '93', 'en_us', ' 1 '),
 ('17', 'field', '88', 'en_us', ' c3x2 '),
 ('17', 'field', '89', 'en_us', ' pl3 '),
 ('17', 'field', '90', 'en_us', ''),
 ('17', 'field', '102', 'en_us', ' left '),
 ('17', 'field', '91', 'en_us', ''),
 ('17', 'slug', '0', 'en_us', ''),
 ('18', 'field', '94', 'en_us', ' some text '),
 ('18', 'field', '101', 'en_us', ' externalquote '),
 ('18', 'field', '88', 'en_us', ' c5x3 '),
 ('18', 'field', '89', 'en_us', ''),
 ('18', 'field', '90', 'en_us', ''),
 ('18', 'field', '102', 'en_us', ' left '),
 ('18', 'field', '91', 'en_us', ''),
 ('18', 'slug', '0', 'en_us', ''),
 ('43', 'field', '7', 'en_us', ' 0 '),
 ('43', 'field', '6', 'en_us', ' 100 '),
 ('43', 'field', '9', 'en_us', ' 6rem '),
 ('41', 'field', '99', 'en_us', ' standard '),
 ('41', 'slug', '0', 'en_us', ''),
 ('42', 'field', '98', 'en_us', ''),
 ('42', 'field', '94', 'en_us', ' some text '),
 ('42', 'field', '93', 'en_us', ' 1 '),
 ('42', 'field', '95', 'en_us', ' transparent '),
 ('42', 'field', '92', 'en_us', ' 000000 '),
 ('42', 'field', '88', 'en_us', ' full '),
 ('42', 'field', '89', 'en_us', ''),
 ('42', 'field', '90', 'en_us', ''),
 ('42', 'field', '102', 'en_us', ' left '),
 ('42', 'field', '91', 'en_us', ''),
 ('42', 'slug', '0', 'en_us', ''),
 ('43', 'field', '5', 'en_us', ' georgia serif '),
 ('20', 'field', '95', 'en_us', ' transparent '),
 ('20', 'field', '92', 'en_us', ' 000000 '),
 ('20', 'field', '98', 'en_us', ''),
 ('20', 'field', '99', 'en_us', ' standard '),
 ('20', 'field', '91', 'en_us', ''),
 ('20', 'field', '97', 'en_us', '');
INSERT INTO `craft_searchindex` (`elementId`, `attribute`, `fieldId`, `locale`, `keywords`) VALUES
 ('20', 'slug', '0', 'en_us', ''),
 ('21', 'field', '94', 'en_us', ' here s a subsection in a row asdfasdfa sdflk asdfl kjasd fl kjads lfkjadsl fk jasd lkf jasd lkf jads lk fjasd lk fjads lk fjasd lkf jasd lkfj asd lkjf a sldkjf sd alkj f dlsakj fasd lkfj sdlknf asdlkjnf alkjf a lsdkjf alsdkj fa sldkj fas dlkjf as lkj fdasl k f '),
 ('21', 'field', '93', 'en_us', ' 1 '),
 ('21', 'field', '88', 'en_us', ' c2 '),
 ('21', 'field', '89', 'en_us', ' pl6 '),
 ('21', 'field', '90', 'en_us', ''),
 ('21', 'field', '102', 'en_us', ' left '),
 ('21', 'field', '91', 'en_us', ''),
 ('21', 'slug', '0', 'en_us', ''),
 ('22', 'field', '98', 'en_us', ''),
 ('22', 'field', '94', 'en_us', ' this is a callout adsf asdf asdf asdf asd asdf asdf asdf asdf asdf asdf asdf asd '),
 ('22', 'field', '93', 'en_us', ' 1 '),
 ('22', 'field', '95', 'en_us', ' reverse '),
 ('22', 'field', '92', 'en_us', ' 000000 '),
 ('22', 'field', '88', 'en_us', ' c3 '),
 ('22', 'field', '89', 'en_us', ''),
 ('22', 'field', '90', 'en_us', ''),
 ('22', 'field', '102', 'en_us', ' right '),
 ('22', 'field', '91', 'en_us', ''),
 ('22', 'slug', '0', 'en_us', ''),
 ('23', 'field', '95', 'en_us', ' reverse '),
 ('23', 'field', '92', 'en_us', ' 000000 '),
 ('23', 'field', '98', 'en_us', ''),
 ('23', 'field', '99', 'en_us', ' row tight '),
 ('23', 'field', '91', 'en_us', ''),
 ('23', 'field', '97', 'en_us', ''),
 ('23', 'slug', '0', 'en_us', ''),
 ('25', 'field', '90', 'en_us', ''),
 ('25', 'field', '89', 'en_us', ' pl3 '),
 ('25', 'field', '88', 'en_us', ' c3x2 '),
 ('25', 'field', '93', 'en_us', ' 1 '),
 ('25', 'field', '94', 'en_us', ' more test '),
 ('25', 'field', '102', 'en_us', ' left '),
 ('25', 'field', '91', 'en_us', ''),
 ('25', 'slug', '0', 'en_us', ''),
 ('41', 'field', '97', 'en_us', ''),
 ('41', 'field', '98', 'en_us', ''),
 ('40', 'title', '0', 'en_us', ' test '),
 ('41', 'field', '95', 'en_us', ' transparent '),
 ('8', 'field', '98', 'en_us', ''),
 ('8', 'field', '51', 'en_us', ' louder than ten rapidly built with live wires http www livewires io '),
 ('26', 'field', '97', 'en_us', ''),
 ('26', 'slug', '0', 'en_us', ''),
 ('27', 'field', '94', 'en_us', ' your live wires playground today we stop making trash and instead start building living breathing beauties that will look and act the way they were imagined good stuff you ve downloaded and set up live wires successfully on your machine here s how it works live wires is a platform agnostic design framework made with sass that allows you to create responsive grey box wireframes and prototypes in html scss you can keep all your code without needing to create static mock ups or other deliverables you end up throwing away '),
 ('27', 'field', '93', 'en_us', ' 1 '),
 ('27', 'field', '88', 'en_us', ' c3x2 '),
 ('27', 'field', '89', 'en_us', ''),
 ('27', 'field', '90', 'en_us', ''),
 ('27', 'field', '102', 'en_us', ' left '),
 ('27', 'field', '91', 'en_us', ''),
 ('27', 'slug', '0', 'en_us', ''),
 ('28', 'field', '94', 'en_us', ' recommended workflow step one begin by creating your low fidelity wireframes right here this page will act as the index or home page of your project feel free to delete or overwrite the content on this page with your own step two use the linked style guide guide to style your elements components and modules step three refine your templates and share with your team or clients as fully responsive high fidelity prototypes '),
 ('28', 'field', '93', 'en_us', ' 1 '),
 ('28', 'field', '88', 'en_us', ' c3 '),
 ('28', 'field', '89', 'en_us', ''),
 ('28', 'field', '90', 'en_us', ''),
 ('28', 'field', '102', 'en_us', ' left '),
 ('28', 'field', '91', 'en_us', ''),
 ('28', 'slug', '0', 'en_us', ''),
 ('29', 'field', '95', 'en_us', ' reverse '),
 ('29', 'field', '92', 'en_us', ' 000000 '),
 ('29', 'field', '98', 'en_us', ''),
 ('29', 'field', '99', 'en_us', ' standard '),
 ('29', 'field', '91', 'en_us', ''),
 ('29', 'field', '97', 'en_us', ''),
 ('29', 'slug', '0', 'en_us', ''),
 ('30', 'field', '94', 'en_us', ' support submit your bug reports pull requests and questions to github https github com louderthanten livewires issues '),
 ('30', 'field', '93', 'en_us', ' 1 '),
 ('30', 'field', '88', 'en_us', ' c2 '),
 ('30', 'field', '89', 'en_us', ''),
 ('30', 'field', '90', 'en_us', ''),
 ('30', 'field', '102', 'en_us', ' left '),
 ('30', 'field', '91', 'en_us', ''),
 ('30', 'slug', '0', 'en_us', ''),
 ('31', 'field', '94', 'en_us', ' about follow us on twitter http twitter com louderthanten and stay tuned for more detailed video how tos about this design workflow live wires is built by louder than ten https louderthanten com '),
 ('31', 'field', '93', 'en_us', ' 1 '),
 ('31', 'field', '88', 'en_us', ' c2 '),
 ('31', 'field', '89', 'en_us', ''),
 ('31', 'field', '90', 'en_us', ''),
 ('31', 'field', '102', 'en_us', ' left '),
 ('31', 'field', '91', 'en_us', ''),
 ('31', 'slug', '0', 'en_us', ''),
 ('8', 'field', '109', 'en_us', ' 0 '),
 ('62', 'field', '112', 'en_us', ' body '),
 ('43', 'field', '8', 'en_us', ' 0 '),
 ('62', 'field', '115', 'en_us', ' 0 '),
 ('45', 'field', '55', 'en_us', ' contact '),
 ('45', 'field', '56', 'en_us', ''),
 ('45', 'field', '106', 'en_us', ' 0 default leftbottom transparent 000000 standardrule 0 0 normal 0 standard invisible text full 0 default leftbottom subtle 000000 standardrule send 0 left 0 normal pushl4 0 standard invisible test text c2 0 default leftbottom transparent standardrule name name 0 0 normal 0 standard invisible text full email 0 default leftbottom transparent standardrule email email 0 0 normal 0 standard invisible email c2 0 default leftbottom transparent standardrule password password 0 0 normal 0 standard invisible text c2 0 default leftbottom transparent standardrule body body 0 0 normal 0 standard invisible textarea full 0 default leftbottom transparent standardrule options field default 1 default 1 another option anotheroption another option anotheroption a third third a third third 0 0 checkbox pills 0 standard invisible text full '),
 ('45', 'field', '123', 'en_us', ' 0 leftbottom transparent standardrule 0 left 0 0 standard invisible text full '),
 ('45', 'field', '3', 'en_us', ''),
 ('45', 'slug', '0', 'en_us', ' contact '),
 ('45', 'title', '0', 'en_us', ' contact '),
 ('46', 'field', '95', 'en_us', ' transparent '),
 ('46', 'field', '92', 'en_us', ' 000000 '),
 ('46', 'field', '98', 'en_us', ''),
 ('46', 'field', '99', 'en_us', ' standard '),
 ('46', 'field', '91', 'en_us', ''),
 ('46', 'field', '97', 'en_us', ''),
 ('46', 'slug', '0', 'en_us', '');
INSERT INTO `craft_searchindex` (`elementId`, `attribute`, `fieldId`, `locale`, `keywords`) VALUES
 ('47', 'field', '97', 'en_us', ''),
 ('47', 'field', '120', 'en_us', ''),
 ('47', 'field', '116', 'en_us', ''),
 ('47', 'field', '117', 'en_us', ''),
 ('47', 'field', '118', 'en_us', ''),
 ('47', 'field', '122', 'en_us', ''),
 ('47', 'field', '88', 'en_us', ' full '),
 ('47', 'field', '89', 'en_us', ''),
 ('47', 'field', '90', 'en_us', ''),
 ('47', 'field', '102', 'en_us', ' left '),
 ('47', 'field', '91', 'en_us', ''),
 ('47', 'slug', '0', 'en_us', ''),
 ('62', 'field', '88', 'en_us', ' full '),
 ('62', 'field', '91', 'en_us', ''),
 ('62', 'field', '121', 'en_us', ''),
 ('62', 'field', '124', 'en_us', ' body '),
 ('50', 'field', '124', 'en_us', ' name '),
 ('50', 'field', '112', 'en_us', ' name '),
 ('50', 'field', '97', 'en_us', ''),
 ('50', 'field', '118', 'en_us', ''),
 ('50', 'field', '113', 'en_us', ' text '),
 ('50', 'field', '115', 'en_us', ' 1 '),
 ('50', 'field', '121', 'en_us', ' please enter your name '),
 ('50', 'field', '88', 'en_us', ' full '),
 ('50', 'field', '91', 'en_us', ''),
 ('50', 'slug', '0', 'en_us', ''),
 ('51', 'field', '124', 'en_us', ' email '),
 ('51', 'field', '112', 'en_us', ' email '),
 ('51', 'field', '97', 'en_us', ''),
 ('51', 'field', '118', 'en_us', ''),
 ('51', 'field', '113', 'en_us', ' email '),
 ('51', 'field', '115', 'en_us', ' 1 '),
 ('51', 'field', '121', 'en_us', ' enter a valid email address '),
 ('51', 'field', '88', 'en_us', ' full '),
 ('51', 'field', '91', 'en_us', ''),
 ('51', 'slug', '0', 'en_us', ''),
 ('62', 'field', '113', 'en_us', ' textarea '),
 ('58', 'field', '125', 'en_us', ' default '),
 ('58', 'field', '116', 'en_us', ''),
 ('58', 'field', '117', 'en_us', ''),
 ('58', 'field', '122', 'en_us', ''),
 ('58', 'field', '94', 'en_us', ' test '),
 ('58', 'field', '118', 'en_us', ' send '),
 ('58', 'field', '95', 'en_us', ' subtle '),
 ('58', 'field', '91', 'en_us', ''),
 ('58', 'field', '92', 'en_us', ' 000000 '),
 ('58', 'field', '97', 'en_us', ''),
 ('58', 'field', '88', 'en_us', ' c2 '),
 ('58', 'field', '89', 'en_us', ' pushl4 '),
 ('58', 'field', '90', 'en_us', ''),
 ('58', 'field', '102', 'en_us', ' left '),
 ('58', 'slug', '0', 'en_us', ''),
 ('59', 'field', '124', 'en_us', ' name '),
 ('59', 'field', '112', 'en_us', ' name '),
 ('59', 'field', '97', 'en_us', ''),
 ('59', 'field', '118', 'en_us', ''),
 ('59', 'field', '113', 'en_us', ' text '),
 ('59', 'field', '115', 'en_us', ' 0 '),
 ('59', 'field', '121', 'en_us', ''),
 ('59', 'field', '88', 'en_us', ' full '),
 ('59', 'field', '91', 'en_us', ''),
 ('59', 'slug', '0', 'en_us', ''),
 ('60', 'field', '124', 'en_us', ' email '),
 ('60', 'field', '112', 'en_us', ' email '),
 ('60', 'field', '97', 'en_us', ' email '),
 ('60', 'field', '118', 'en_us', ''),
 ('60', 'field', '113', 'en_us', ' email '),
 ('60', 'field', '115', 'en_us', ' 0 '),
 ('60', 'field', '121', 'en_us', ''),
 ('60', 'field', '88', 'en_us', ' c2 '),
 ('60', 'field', '91', 'en_us', ''),
 ('60', 'slug', '0', 'en_us', ''),
 ('61', 'field', '124', 'en_us', ' password '),
 ('61', 'field', '112', 'en_us', ' password '),
 ('61', 'field', '97', 'en_us', ''),
 ('61', 'field', '118', 'en_us', ''),
 ('61', 'field', '113', 'en_us', ' text '),
 ('61', 'field', '115', 'en_us', ' 0 '),
 ('61', 'field', '121', 'en_us', ''),
 ('61', 'field', '88', 'en_us', ' c2 '),
 ('61', 'field', '91', 'en_us', ''),
 ('61', 'slug', '0', 'en_us', ''),
 ('62', 'slug', '0', 'en_us', ''),
 ('63', 'field', '124', 'en_us', ' options '),
 ('63', 'field', '97', 'en_us', ''),
 ('63', 'field', '112', 'en_us', ' field '),
 ('63', 'field', '114', 'en_us', ' default 1 default 1 another option anotheroption another option anotheroption a third third a third third '),
 ('63', 'field', '119', 'en_us', ' checkbox '),
 ('63', 'field', '115', 'en_us', ' 0 '),
 ('63', 'field', '88', 'en_us', ' full '),
 ('63', 'field', '91', 'en_us', ''),
 ('63', 'slug', '0', 'en_us', ''),
 ('63', 'field', '126', 'en_us', ' pills ');



DROP TABLE IF EXISTS `craft_sections`;


--
-- Schema for table `craft_sections`
--
CREATE TABLE `craft_sections` (
  `id` int(11) NOT NULL AUTO_INCREMENT,
  `structureId` int(11) DEFAULT NULL,
  `name` varchar(255) COLLATE utf8_unicode_ci NOT NULL,
  `handle` varchar(255) COLLATE utf8_unicode_ci NOT NULL,
  `type` enum('single','channel','structure') COLLATE utf8_unicode_ci NOT NULL DEFAULT 'channel',
  `hasUrls` tinyint(1) unsigned NOT NULL DEFAULT '1',
  `template` varchar(500) COLLATE utf8_unicode_ci DEFAULT NULL,
  `enableVersioning` tinyint(1) unsigned NOT NULL DEFAULT '0',
  `dateCreated` datetime NOT NULL,
  `dateUpdated` datetime NOT NULL,
  `uid` char(36) COLLATE utf8_unicode_ci NOT NULL DEFAULT '0',
  PRIMARY KEY (`id`),
  UNIQUE KEY `craft_sections_name_unq_idx` (`name`),
  UNIQUE KEY `craft_sections_handle_unq_idx` (`handle`),
  KEY `craft_sections_structureId_fk` (`structureId`)
) ENGINE=InnoDB AUTO_INCREMENT=4 DEFAULT CHARSET=utf8 COLLATE=utf8_unicode_ci;

--
-- Data for table `craft_sections`
--

INSERT INTO `craft_sections` (`id`, `structureId`, `name`, `handle`, `type`, `hasUrls`, `template`, `enableVersioning`, `dateCreated`, `dateUpdated`, `uid`) VALUES
 ('1', NULL, 'Homepage', 'homepage', 'single', '1', 'index', '1', '2015-05-15 20:59:41', '2016-05-22 02:33:47', '34691f4d-1260-41aa-b24e-e4436701a537'),
 ('3', '1', 'Pages', 'pages', 'structure', '1', '_page', '1', '2016-05-11 02:44:22', '2016-05-11 02:44:22', '89ec7d70-546c-48cf-b723-9030fc3d8d04');



DROP TABLE IF EXISTS `craft_sections_i18n`;


--
-- Schema for table `craft_sections_i18n`
--
CREATE TABLE `craft_sections_i18n` (
  `id` int(11) NOT NULL AUTO_INCREMENT,
  `sectionId` int(11) NOT NULL,
  `locale` char(12) COLLATE utf8_unicode_ci NOT NULL,
  `enabledByDefault` tinyint(1) unsigned NOT NULL DEFAULT '1',
  `urlFormat` text COLLATE utf8_unicode_ci,
  `nestedUrlFormat` text COLLATE utf8_unicode_ci,
  `dateCreated` datetime NOT NULL,
  `dateUpdated` datetime NOT NULL,
  `uid` char(36) COLLATE utf8_unicode_ci NOT NULL DEFAULT '0',
  PRIMARY KEY (`id`),
  UNIQUE KEY `craft_sections_i18n_sectionId_locale_unq_idx` (`sectionId`,`locale`),
  KEY `craft_sections_i18n_locale_fk` (`locale`)
) ENGINE=InnoDB AUTO_INCREMENT=4 DEFAULT CHARSET=utf8 COLLATE=utf8_unicode_ci;

--
-- Data for table `craft_sections_i18n`
--

INSERT INTO `craft_sections_i18n` (`id`, `sectionId`, `locale`, `enabledByDefault`, `urlFormat`, `nestedUrlFormat`, `dateCreated`, `dateUpdated`, `uid`) VALUES
 ('1', '1', 'en_us', '1', '__home__', NULL, '2015-05-15 20:59:41', '2016-05-11 02:30:07', '284cbd62-6b2a-4fc0-aac6-725623892bf2'),
 ('3', '3', 'en_us', '1', '{slug}', '{parent.uri}/{slug}', '2016-05-11 02:44:22', '2016-05-11 02:44:22', 'dca2cfcd-4f21-4a43-b0d3-ec8272956711');



DROP TABLE IF EXISTS `craft_seomatic_meta`;


--
-- Schema for table `craft_seomatic_meta`
--
CREATE TABLE `craft_seomatic_meta` (
  `id` int(11) NOT NULL,
  `seoImageId` int(11) DEFAULT NULL,
  `locale` varchar(255) COLLATE utf8_unicode_ci DEFAULT 'en_us',
  `elementId` int(10) DEFAULT '0',
  `metaType` enum('default','template') COLLATE utf8_unicode_ci DEFAULT 'template',
  `metaPath` varchar(255) COLLATE utf8_unicode_ci DEFAULT '',
  `seoTitle` varchar(255) COLLATE utf8_unicode_ci DEFAULT '',
  `seoDescription` varchar(255) COLLATE utf8_unicode_ci DEFAULT '',
  `seoKeywords` varchar(255) COLLATE utf8_unicode_ci DEFAULT '',
  `twitterCardType` varchar(255) COLLATE utf8_unicode_ci DEFAULT 'summary',
  `openGraphType` varchar(255) COLLATE utf8_unicode_ci DEFAULT 'website',
  `robots` varchar(255) COLLATE utf8_unicode_ci DEFAULT '',
  `dateCreated` datetime NOT NULL,
  `dateUpdated` datetime NOT NULL,
  `uid` char(36) COLLATE utf8_unicode_ci NOT NULL DEFAULT '0',
  PRIMARY KEY (`id`),
  KEY `craft_seomatic_meta_seoImageId_fk` (`seoImageId`)
) ENGINE=InnoDB DEFAULT CHARSET=utf8 COLLATE=utf8_unicode_ci;

DROP TABLE IF EXISTS `craft_seomatic_settings`;


--
-- Schema for table `craft_seomatic_settings`
--
CREATE TABLE `craft_seomatic_settings` (
  `id` int(11) NOT NULL AUTO_INCREMENT,
  `siteSeoImageId` int(11) DEFAULT NULL,
  `genericOwnerImageId` int(11) DEFAULT NULL,
  `genericCreatorImageId` int(11) DEFAULT NULL,
  `locale` varchar(255) COLLATE utf8_unicode_ci DEFAULT '',
  `siteSeoName` varchar(255) COLLATE utf8_unicode_ci DEFAULT '',
  `siteSeoTitle` varchar(255) COLLATE utf8_unicode_ci DEFAULT '',
  `siteSeoTitleSeparator` varchar(255) COLLATE utf8_unicode_ci DEFAULT '|',
  `siteSeoTitlePlacement` enum('before','after','none') COLLATE utf8_unicode_ci DEFAULT 'after',
  `siteSeoDescription` varchar(255) COLLATE utf8_unicode_ci DEFAULT '',
  `siteSeoKeywords` varchar(255) COLLATE utf8_unicode_ci DEFAULT '',
  `siteTwitterCardType` varchar(255) COLLATE utf8_unicode_ci DEFAULT '',
  `siteOpenGraphType` varchar(255) COLLATE utf8_unicode_ci DEFAULT '',
  `siteRobots` varchar(255) COLLATE utf8_unicode_ci DEFAULT '',
  `siteRobotsTxt` text COLLATE utf8_unicode_ci,
  `siteLinksSearchTargets` text COLLATE utf8_unicode_ci,
  `siteLinksQueryInput` varchar(255) COLLATE utf8_unicode_ci DEFAULT '',
  `googleSiteVerification` varchar(255) COLLATE utf8_unicode_ci DEFAULT '',
  `bingSiteVerification` varchar(255) COLLATE utf8_unicode_ci DEFAULT '',
  `googleAnalyticsUID` varchar(255) COLLATE utf8_unicode_ci DEFAULT '',
  `googleAnalyticsSendPageview` tinyint(1) unsigned NOT NULL DEFAULT '1',
  `googleAnalyticsAdvertising` tinyint(1) unsigned NOT NULL DEFAULT '0',
  `googleAnalyticsEcommerce` tinyint(1) unsigned NOT NULL DEFAULT '0',
  `googleAnalyticsEEcommerce` tinyint(1) unsigned NOT NULL DEFAULT '0',
  `googleAnalyticsLinkAttribution` tinyint(1) unsigned NOT NULL DEFAULT '0',
  `googleAnalyticsLinker` tinyint(1) unsigned NOT NULL DEFAULT '0',
  `siteOwnerType` varchar(255) COLLATE utf8_unicode_ci DEFAULT '',
  `siteOwnerSubType` varchar(255) COLLATE utf8_unicode_ci DEFAULT '',
  `siteOwnerSpecificType` varchar(255) COLLATE utf8_unicode_ci DEFAULT '',
  `genericOwnerName` varchar(255) COLLATE utf8_unicode_ci DEFAULT '',
  `genericOwnerAlternateName` varchar(255) COLLATE utf8_unicode_ci DEFAULT '',
  `genericOwnerDescription` varchar(1024) COLLATE utf8_unicode_ci DEFAULT '',
  `genericOwnerUrl` varchar(255) COLLATE utf8_unicode_ci DEFAULT '',
  `genericOwnerTelephone` varchar(255) COLLATE utf8_unicode_ci DEFAULT '',
  `genericOwnerEmail` varchar(255) COLLATE utf8_unicode_ci DEFAULT '',
  `genericOwnerStreetAddress` varchar(255) COLLATE utf8_unicode_ci DEFAULT '',
  `genericOwnerAddressLocality` varchar(255) COLLATE utf8_unicode_ci DEFAULT '',
  `genericOwnerAddressRegion` varchar(255) COLLATE utf8_unicode_ci DEFAULT '',
  `genericOwnerPostalCode` varchar(255) COLLATE utf8_unicode_ci DEFAULT '',
  `genericOwnerAddressCountry` varchar(255) COLLATE utf8_unicode_ci DEFAULT '',
  `genericOwnerGeoLatitude` varchar(255) COLLATE utf8_unicode_ci DEFAULT '',
  `genericOwnerGeoLongitude` varchar(255) COLLATE utf8_unicode_ci DEFAULT '',
  `organizationOwnerDuns` varchar(255) COLLATE utf8_unicode_ci DEFAULT '',
  `organizationOwnerFounder` varchar(255) COLLATE utf8_unicode_ci DEFAULT '',
  `organizationOwnerFoundingDate` varchar(255) COLLATE utf8_unicode_ci DEFAULT '',
  `organizationOwnerFoundingLocation` varchar(255) COLLATE utf8_unicode_ci DEFAULT '',
  `organizationOwnerContactPoints` text COLLATE utf8_unicode_ci,
  `localBusinessOwnerOpeningHours` text COLLATE utf8_unicode_ci,
  `corporationOwnerTickerSymbol` varchar(255) COLLATE utf8_unicode_ci DEFAULT '',
  `restaurantOwnerServesCuisine` varchar(255) COLLATE utf8_unicode_ci DEFAULT '',
  `restaurantOwnerMenuUrl` varchar(255) COLLATE utf8_unicode_ci DEFAULT '',
  `restaurantOwnerReservationsUrl` varchar(255) COLLATE utf8_unicode_ci DEFAULT '',
  `personOwnerGender` varchar(255) COLLATE utf8_unicode_ci DEFAULT '',
  `personOwnerBirthPlace` varchar(255) COLLATE utf8_unicode_ci DEFAULT '',
  `twitterHandle` varchar(255) COLLATE utf8_unicode_ci DEFAULT '',
  `facebookHandle` varchar(255) COLLATE utf8_unicode_ci DEFAULT '',
  `facebookProfileId` varchar(255) COLLATE utf8_unicode_ci DEFAULT '',
  `facebookAppId` varchar(255) COLLATE utf8_unicode_ci DEFAULT '',
  `linkedInHandle` varchar(255) COLLATE utf8_unicode_ci DEFAULT '',
  `googlePlusHandle` varchar(255) COLLATE utf8_unicode_ci DEFAULT '',
  `youtubeHandle` varchar(255) COLLATE utf8_unicode_ci DEFAULT '',
  `youtubeChannelHandle` varchar(255) COLLATE utf8_unicode_ci DEFAULT '',
  `instagramHandle` varchar(255) COLLATE utf8_unicode_ci DEFAULT '',
  `pinterestHandle` varchar(255) COLLATE utf8_unicode_ci DEFAULT '',
  `githubHandle` varchar(255) COLLATE utf8_unicode_ci DEFAULT '',
  `siteCreatorType` varchar(255) COLLATE utf8_unicode_ci DEFAULT '',
  `siteCreatorSubType` varchar(255) COLLATE utf8_unicode_ci DEFAULT '',
  `siteCreatorSpecificType` varchar(255) COLLATE utf8_unicode_ci DEFAULT '',
  `genericCreatorName` varchar(255) COLLATE utf8_unicode_ci DEFAULT '',
  `genericCreatorAlternateName` varchar(255) COLLATE utf8_unicode_ci DEFAULT '',
  `genericCreatorDescription` varchar(1024) COLLATE utf8_unicode_ci DEFAULT '',
  `genericCreatorUrl` varchar(255) COLLATE utf8_unicode_ci DEFAULT '',
  `genericCreatorTelephone` varchar(255) COLLATE utf8_unicode_ci DEFAULT '',
  `genericCreatorEmail` varchar(255) COLLATE utf8_unicode_ci DEFAULT '',
  `genericCreatorStreetAddress` varchar(255) COLLATE utf8_unicode_ci DEFAULT '',
  `genericCreatorAddressLocality` varchar(255) COLLATE utf8_unicode_ci DEFAULT '',
  `genericCreatorAddressRegion` varchar(255) COLLATE utf8_unicode_ci DEFAULT '',
  `genericCreatorPostalCode` varchar(255) COLLATE utf8_unicode_ci DEFAULT '',
  `genericCreatorAddressCountry` varchar(255) COLLATE utf8_unicode_ci DEFAULT '',
  `genericCreatorGeoLatitude` varchar(255) COLLATE utf8_unicode_ci DEFAULT '',
  `genericCreatorGeoLongitude` varchar(255) COLLATE utf8_unicode_ci DEFAULT '',
  `organizationCreatorDuns` varchar(255) COLLATE utf8_unicode_ci DEFAULT '',
  `organizationCreatorFounder` varchar(255) COLLATE utf8_unicode_ci DEFAULT '',
  `organizationCreatorFoundingDate` varchar(255) COLLATE utf8_unicode_ci DEFAULT '',
  `organizationCreatorFoundingLocation` varchar(255) COLLATE utf8_unicode_ci DEFAULT '',
  `organizationCreatorContactPoints` text COLLATE utf8_unicode_ci,
  `localBusinessCreatorOpeningHours` text COLLATE utf8_unicode_ci,
  `corporationCreatorTickerSymbol` varchar(255) COLLATE utf8_unicode_ci DEFAULT '',
  `restaurantCreatorServesCuisine` varchar(255) COLLATE utf8_unicode_ci DEFAULT '',
  `restaurantCreatorMenuUrl` varchar(255) COLLATE utf8_unicode_ci DEFAULT '',
  `restaurantCreatorReservationsUrl` varchar(255) COLLATE utf8_unicode_ci DEFAULT '',
  `personCreatorGender` varchar(255) COLLATE utf8_unicode_ci DEFAULT '',
  `personCreatorBirthPlace` varchar(255) COLLATE utf8_unicode_ci DEFAULT '',
  `genericCreatorHumansTxt` text COLLATE utf8_unicode_ci,
  `dateCreated` datetime NOT NULL,
  `dateUpdated` datetime NOT NULL,
  `uid` char(36) COLLATE utf8_unicode_ci NOT NULL DEFAULT '0',
  PRIMARY KEY (`id`),
  KEY `craft_seomatic_settings_siteSeoImageId_fk` (`siteSeoImageId`),
  KEY `craft_seomatic_settings_genericOwnerImageId_fk` (`genericOwnerImageId`),
  KEY `craft_seomatic_settings_genericCreatorImageId_fk` (`genericCreatorImageId`)
) ENGINE=InnoDB AUTO_INCREMENT=2 DEFAULT CHARSET=utf8 COLLATE=utf8_unicode_ci;

--
-- Data for table `craft_seomatic_settings`
--

INSERT INTO `craft_seomatic_settings` (`id`, `siteSeoImageId`, `genericOwnerImageId`, `genericCreatorImageId`, `locale`, `siteSeoName`, `siteSeoTitle`, `siteSeoTitleSeparator`, `siteSeoTitlePlacement`, `siteSeoDescription`, `siteSeoKeywords`, `siteTwitterCardType`, `siteOpenGraphType`, `siteRobots`, `siteRobotsTxt`, `siteLinksSearchTargets`, `siteLinksQueryInput`, `googleSiteVerification`, `bingSiteVerification`, `googleAnalyticsUID`, `googleAnalyticsSendPageview`, `googleAnalyticsAdvertising`, `googleAnalyticsEcommerce`, `googleAnalyticsEEcommerce`, `googleAnalyticsLinkAttribution`, `googleAnalyticsLinker`, `siteOwnerType`, `siteOwnerSubType`, `siteOwnerSpecificType`, `genericOwnerName`, `genericOwnerAlternateName`, `genericOwnerDescription`, `genericOwnerUrl`, `genericOwnerTelephone`, `genericOwnerEmail`, `genericOwnerStreetAddress`, `genericOwnerAddressLocality`, `genericOwnerAddressRegion`, `genericOwnerPostalCode`, `genericOwnerAddressCountry`, `genericOwnerGeoLatitude`, `genericOwnerGeoLongitude`, `organizationOwnerDuns`, `organizationOwnerFounder`, `organizationOwnerFoundingDate`, `organizationOwnerFoundingLocation`, `organizationOwnerContactPoints`, `localBusinessOwnerOpeningHours`, `corporationOwnerTickerSymbol`, `restaurantOwnerServesCuisine`, `restaurantOwnerMenuUrl`, `restaurantOwnerReservationsUrl`, `personOwnerGender`, `personOwnerBirthPlace`, `twitterHandle`, `facebookHandle`, `facebookProfileId`, `facebookAppId`, `linkedInHandle`, `googlePlusHandle`, `youtubeHandle`, `youtubeChannelHandle`, `instagramHandle`, `pinterestHandle`, `githubHandle`, `siteCreatorType`, `siteCreatorSubType`, `siteCreatorSpecificType`, `genericCreatorName`, `genericCreatorAlternateName`, `genericCreatorDescription`, `genericCreatorUrl`, `genericCreatorTelephone`, `genericCreatorEmail`, `genericCreatorStreetAddress`, `genericCreatorAddressLocality`, `genericCreatorAddressRegion`, `genericCreatorPostalCode`, `genericCreatorAddressCountry`, `genericCreatorGeoLatitude`, `genericCreatorGeoLongitude`, `organizationCreatorDuns`, `organizationCreatorFounder`, `organizationCreatorFoundingDate`, `organizationCreatorFoundingLocation`, `organizationCreatorContactPoints`, `localBusinessCreatorOpeningHours`, `corporationCreatorTickerSymbol`, `restaurantCreatorServesCuisine`, `restaurantCreatorMenuUrl`, `restaurantCreatorReservationsUrl`, `personCreatorGender`, `personCreatorBirthPlace`, `genericCreatorHumansTxt`, `dateCreated`, `dateUpdated`, `uid`) VALUES
 ('1', NULL, NULL, NULL, 'en_us', 'LT10 Editorial System', 'This is the default global title of the site pages.', '|', 'after', 'This is the default global natural language description of the content on the site pages.', 'default,global,comma-separated,keywords', 'summary', 'website', '', '# robots.txt for {{ siteUrl }}\n\nSitemap: {{ siteUrl }}/sitemap.xml\n\n# Don\'t allow web crawlers to index Craft\n\nUser-agent: *\nDisallow: /craft/\n', '', '', '', '', '', '1', '0', '0', '0', '0', '0', 'Organization', 'Corporation', '', 'LT10 Editorial System', '', '', 'http://editorial.dev/', '', '', '', '', '', '', '', '', '', '', '', '', '', '', '', '', '', '', '', '', '', '', '', '', '', '', '', '', '', '', '', '', 'Organization', 'Corporation', '', '', '', '', '', '', '', '', '', '', '', '', '', '', '', '', '', '', '', '', '', '', '', '', '', '', '/* TEAM */\n\n{% if seomaticCreator.name is defined and seomaticCreator.name %}\nCreator: {{ seomaticCreator.name }}\n{% endif %}\n{% if seomaticCreator.url is defined and seomaticCreator.url %}\nURL: {{ seomaticCreator.url }}\n{% endif %}\n{% if seomaticCreator.description is defined and seomaticCreator.description %}\nDescription: {{ seomaticCreator.description }}\n{% endif %}\n\n/* THANKS */\n\nPixel & Tonic - https://pixelandtonic.com\n\n/* SITE */\n\nStandards: HTML5, CSS3\nComponents: Craft CMS, Yii, PHP, Javascript, SEOmatic', '2016-05-11 20:24:55', '2016-05-11 20:24:55', 'a0007ade-4f46-444f-9004-4578c7e1ca84');



DROP TABLE IF EXISTS `craft_sessions`;


--
-- Schema for table `craft_sessions`
--
CREATE TABLE `craft_sessions` (
  `id` int(11) NOT NULL AUTO_INCREMENT,
  `userId` int(11) NOT NULL,
  `token` char(100) COLLATE utf8_unicode_ci NOT NULL,
  `dateCreated` datetime NOT NULL,
  `dateUpdated` datetime NOT NULL,
  `uid` char(36) COLLATE utf8_unicode_ci NOT NULL DEFAULT '0',
  PRIMARY KEY (`id`),
  KEY `craft_sessions_uid_idx` (`uid`),
  KEY `craft_sessions_token_idx` (`token`),
  KEY `craft_sessions_dateUpdated_idx` (`dateUpdated`),
  KEY `craft_sessions_userId_fk` (`userId`)
) ENGINE=InnoDB AUTO_INCREMENT=13 DEFAULT CHARSET=utf8 COLLATE=utf8_unicode_ci;

DROP TABLE IF EXISTS `craft_shunnedmessages`;


--
-- Schema for table `craft_shunnedmessages`
--
CREATE TABLE `craft_shunnedmessages` (
  `id` int(11) NOT NULL AUTO_INCREMENT,
  `userId` int(11) NOT NULL,
  `message` varchar(255) COLLATE utf8_unicode_ci NOT NULL,
  `expiryDate` datetime DEFAULT NULL,
  `dateCreated` datetime NOT NULL,
  `dateUpdated` datetime NOT NULL,
  `uid` char(36) COLLATE utf8_unicode_ci NOT NULL DEFAULT '0',
  PRIMARY KEY (`id`),
  UNIQUE KEY `craft_shunnedmessages_userId_message_unq_idx` (`userId`,`message`)
) ENGINE=InnoDB DEFAULT CHARSET=utf8 COLLATE=utf8_unicode_ci;

DROP TABLE IF EXISTS `craft_structureelements`;


--
-- Schema for table `craft_structureelements`
--
CREATE TABLE `craft_structureelements` (
  `id` int(11) NOT NULL AUTO_INCREMENT,
  `structureId` int(11) NOT NULL,
  `elementId` int(11) DEFAULT NULL,
  `root` int(11) unsigned DEFAULT NULL,
  `lft` int(11) unsigned NOT NULL,
  `rgt` int(11) unsigned NOT NULL,
  `level` smallint(6) unsigned NOT NULL,
  `dateCreated` datetime NOT NULL,
  `dateUpdated` datetime NOT NULL,
  `uid` char(36) COLLATE utf8_unicode_ci NOT NULL DEFAULT '0',
  PRIMARY KEY (`id`),
  UNIQUE KEY `craft_structureelements_structureId_elementId_unq_idx` (`structureId`,`elementId`),
  KEY `craft_structureelements_root_idx` (`root`),
  KEY `craft_structureelements_lft_idx` (`lft`),
  KEY `craft_structureelements_rgt_idx` (`rgt`),
  KEY `craft_structureelements_level_idx` (`level`),
  KEY `craft_structureelements_elementId_fk` (`elementId`)
) ENGINE=InnoDB AUTO_INCREMENT=373 DEFAULT CHARSET=utf8 COLLATE=utf8_unicode_ci;

--
-- Data for table `craft_structureelements`
--

INSERT INTO `craft_structureelements` (`id`, `structureId`, `elementId`, `root`, `lft`, `rgt`, `level`, `dateCreated`, `dateUpdated`, `uid`) VALUES
 ('1', '1', NULL, '1', '1', '6', '0', '2016-05-11 20:14:26', '2016-05-11 20:14:26', '0728cf98-93a1-48df-9b3b-622d698be126'),
 ('47', '10', NULL, '47', '1', '12', '0', '2016-05-20 05:23:49', '2016-05-20 05:23:49', '3731902e-5321-41a9-897d-9091c520e4db'),
 ('48', '10', '20', '47', '2', '7', '1', '2016-05-20 05:23:49', '2016-05-20 05:23:49', 'e67f7074-8539-45b1-bd7a-f3adfc4e853d'),
 ('49', '10', '21', '47', '3', '4', '2', '2016-05-20 05:23:49', '2016-05-20 05:23:49', 'fcf8315a-228b-4fae-8c04-7e07a771a750'),
 ('50', '10', '22', '47', '5', '6', '2', '2016-05-20 05:23:49', '2016-05-20 05:23:49', '57436bcf-dd77-4386-b9e8-01b5b9e87bf7'),
 ('51', '10', '23', '47', '8', '11', '1', '2016-05-20 05:23:49', '2016-05-20 05:23:49', 'b0e37fcf-16d7-4a3a-ac45-cae359e4a11f'),
 ('52', '10', '25', '47', '9', '10', '2', '2016-05-20 05:23:49', '2016-05-20 05:23:49', '4e6a4572-818f-462b-8d66-f6c7c1ec1119'),
 ('60', '12', NULL, '60', '1', '14', '0', '2016-05-20 05:27:37', '2016-05-20 05:27:37', '57ce6a95-14e4-402a-9bb5-e672eb872109'),
 ('61', '12', '13', '60', '2', '5', '1', '2016-05-20 05:27:37', '2016-05-20 05:27:37', '65de344a-8638-4518-8f84-e3b7199e87a2'),
 ('62', '12', '14', '60', '3', '4', '2', '2016-05-20 05:27:37', '2016-05-20 05:27:37', 'cd60aba2-2f32-4f2e-a37a-213cfb4fdd65'),
 ('63', '12', '15', '60', '6', '7', '1', '2016-05-20 05:27:37', '2016-05-20 05:27:37', 'efca5849-2cf7-493f-8588-3d2538c06b42'),
 ('64', '12', '16', '60', '8', '13', '1', '2016-05-20 05:27:37', '2016-05-20 05:27:37', 'ce08693f-d963-4b42-99e1-8a0523de882a'),
 ('65', '12', '17', '60', '9', '10', '2', '2016-05-20 05:27:37', '2016-05-20 05:27:37', '9b8ef781-497a-4277-8628-9d7da7bcb529'),
 ('66', '12', '18', '60', '11', '12', '2', '2016-05-20 05:27:37', '2016-05-20 05:27:37', '7c1e98a1-ec85-4b1e-baa1-f318107fbc62'),
 ('201', '30', NULL, '201', '1', '14', '0', '2016-05-22 02:03:46', '2016-05-22 02:03:46', '7f276516-f4e1-41ac-ac5e-1b0a87c8b502'),
 ('202', '30', '26', '201', '2', '7', '1', '2016-05-22 02:03:46', '2016-05-22 02:03:46', '8976132e-9e09-428d-8555-d803f112f7e8'),
 ('203', '30', '27', '201', '3', '4', '2', '2016-05-22 02:03:46', '2016-05-22 02:03:46', '7e42ca27-1d0a-446a-96f6-00149ab0d3a5'),
 ('204', '30', '28', '201', '5', '6', '2', '2016-05-22 02:03:46', '2016-05-22 02:03:46', '4fbd2bdf-5c88-4785-b97e-dd772d57fabc'),
 ('205', '30', '29', '201', '8', '13', '1', '2016-05-22 02:03:46', '2016-05-22 02:03:46', '5fa08fb1-7adf-4870-b978-3a66400fa586'),
 ('206', '30', '30', '201', '9', '10', '2', '2016-05-22 02:03:46', '2016-05-22 02:03:46', 'f81c5652-de06-4f34-b0ed-0a47b3d8be4a'),
 ('207', '30', '31', '201', '11', '12', '2', '2016-05-22 02:03:46', '2016-05-22 02:03:46', '6a374562-167c-4573-b19f-ec71552546fc'),
 ('211', '1', '40', '1', '2', '3', '1', '2016-05-22 02:29:07', '2016-05-22 02:29:07', '164637ce-7bd9-4f22-a9c2-962b84bfbe74'),
 ('219', '35', NULL, '219', '1', '4', '0', '2016-05-22 04:32:55', '2016-05-22 04:32:55', '11363d3b-d783-4ce7-bf05-e1528207dba2'),
 ('220', '35', '47', '219', '2', '3', '1', '2016-05-22 04:32:55', '2016-05-22 04:32:55', 'b7498408-51f2-4245-8b06-d4a46a72705f'),
 ('221', '1', '45', '1', '4', '5', '1', '2016-05-22 04:32:55', '2016-05-22 04:32:55', '4b6f3247-005e-4ba8-a7e3-847369ccc5ed'),
 ('238', '44', NULL, '238', '1', '10', '0', '2016-05-22 05:01:12', '2016-05-22 05:01:12', '37002170-f81a-45ab-8b2f-b4294c7762ad'),
 ('239', '44', '41', '238', '2', '9', '1', '2016-05-22 05:01:12', '2016-05-22 05:01:12', 'c5ab7d95-4869-4e89-a415-0cbc88bc9dc5'),
 ('240', '44', '42', '238', '3', '4', '2', '2016-05-22 05:01:12', '2016-05-22 05:01:12', 'a04be86a-d4dc-4077-9a28-72636928aa5d'),
 ('242', '44', '50', '238', '5', '6', '2', '2016-05-22 05:01:12', '2016-05-22 05:01:12', 'e70cbff6-3fd5-401b-9400-a270c65244c0'),
 ('243', '44', '51', '238', '7', '8', '2', '2016-05-22 05:01:12', '2016-05-22 05:01:12', '324dcdaf-a3bd-4de3-a7a0-fb278f90e2e3'),
 ('365', '69', NULL, '365', '1', '16', '0', '2016-05-22 07:42:33', '2016-05-22 07:42:33', '7df40583-0618-429f-9d84-af51fdffa436'),
 ('366', '69', '46', '365', '2', '3', '1', '2016-05-22 07:42:33', '2016-05-22 07:42:33', '3adb7797-a5cd-4896-bab4-ddb142a0faa7'),
 ('367', '69', '58', '365', '4', '15', '1', '2016-05-22 07:42:33', '2016-05-22 07:42:33', '9d96caed-022f-4be3-8d6c-637704f8b66c'),
 ('368', '69', '59', '365', '5', '6', '2', '2016-05-22 07:42:33', '2016-05-22 07:42:33', '37a9c6ef-56c6-4039-8af7-0752f799e451'),
 ('369', '69', '60', '365', '7', '8', '2', '2016-05-22 07:42:33', '2016-05-22 07:42:33', '6ef4e745-51b8-46de-8ae8-b0a46ae60875'),
 ('370', '69', '61', '365', '9', '10', '2', '2016-05-22 07:42:33', '2016-05-22 07:42:33', 'ae413310-672e-462d-ada1-d841f163b49f'),
 ('371', '69', '62', '365', '11', '12', '2', '2016-05-22 07:42:33', '2016-05-22 07:42:33', '51e7c440-9193-4abc-a33f-54391b371d4c'),
 ('372', '69', '63', '365', '13', '14', '2', '2016-05-22 07:42:33', '2016-05-22 07:42:33', 'f202ec7b-6b25-430e-bdf1-7e068cd80d64');



DROP TABLE IF EXISTS `craft_structures`;


--
-- Schema for table `craft_structures`
--
CREATE TABLE `craft_structures` (
  `id` int(11) NOT NULL AUTO_INCREMENT,
  `maxLevels` smallint(6) unsigned DEFAULT NULL,
  `dateCreated` datetime NOT NULL,
  `dateUpdated` datetime NOT NULL,
  `uid` char(36) COLLATE utf8_unicode_ci NOT NULL DEFAULT '0',
  PRIMARY KEY (`id`)
) ENGINE=InnoDB AUTO_INCREMENT=70 DEFAULT CHARSET=utf8 COLLATE=utf8_unicode_ci;

--
-- Data for table `craft_structures`
--

INSERT INTO `craft_structures` (`id`, `maxLevels`, `dateCreated`, `dateUpdated`, `uid`) VALUES
 ('1', NULL, '2016-05-11 02:44:22', '2016-05-11 02:44:22', 'a0518718-4a73-4258-8fc7-5d17a8d00d12'),
 ('10', NULL, '2016-05-20 05:23:49', '2016-05-20 05:23:49', 'a21b1be8-d6ec-42bd-938d-3bdc5476bf38'),
 ('12', NULL, '2016-05-20 05:27:37', '2016-05-20 05:27:37', '49ae22d1-2f17-46d1-9058-39b599e85f25'),
 ('30', NULL, '2016-05-22 02:03:46', '2016-05-22 02:03:46', 'a7fbaa27-3279-4579-b76f-1e54db337695'),
 ('35', NULL, '2016-05-22 04:32:55', '2016-05-22 04:32:55', '5accc225-e734-4311-85d7-ee7ad49c4985'),
 ('44', NULL, '2016-05-22 05:01:12', '2016-05-22 05:01:12', 'c743edf0-3708-4d20-8999-acabdb3c2f1f'),
 ('45', NULL, '2016-05-22 05:01:12', '2016-05-22 05:01:12', '00f89609-4083-4427-a601-15a3272093c4'),
 ('69', NULL, '2016-05-22 07:42:33', '2016-05-22 07:42:33', '17d0153e-b40f-4ef4-acc3-d0215fed37f7');



DROP TABLE IF EXISTS `craft_systemsettings`;


--
-- Schema for table `craft_systemsettings`
--
CREATE TABLE `craft_systemsettings` (
  `id` int(11) NOT NULL AUTO_INCREMENT,
  `category` varchar(15) COLLATE utf8_unicode_ci NOT NULL,
  `settings` text COLLATE utf8_unicode_ci,
  `dateCreated` datetime NOT NULL,
  `dateUpdated` datetime NOT NULL,
  `uid` char(36) COLLATE utf8_unicode_ci NOT NULL DEFAULT '0',
  PRIMARY KEY (`id`),
  UNIQUE KEY `craft_systemsettings_category_unq_idx` (`category`)
) ENGINE=InnoDB AUTO_INCREMENT=2 DEFAULT CHARSET=utf8 COLLATE=utf8_unicode_ci;

--
-- Data for table `craft_systemsettings`
--

INSERT INTO `craft_systemsettings` (`id`, `category`, `settings`, `dateCreated`, `dateUpdated`, `uid`) VALUES
 ('1', 'email', '{\"protocol\":\"php\",\"emailAddress\":\"help@louderthanten.com\",\"senderName\":\"LT10 Editorial System\"}', '2015-05-15 20:59:41', '2015-05-15 20:59:41', '4013e2c5-4dbc-4a14-8db7-36045b1294a4');



DROP TABLE IF EXISTS `craft_taggroups`;


--
-- Schema for table `craft_taggroups`
--
CREATE TABLE `craft_taggroups` (
  `id` int(11) NOT NULL AUTO_INCREMENT,
  `name` varchar(255) COLLATE utf8_unicode_ci NOT NULL,
  `handle` varchar(255) COLLATE utf8_unicode_ci NOT NULL,
  `fieldLayoutId` int(10) DEFAULT NULL,
  `dateCreated` datetime NOT NULL,
  `dateUpdated` datetime NOT NULL,
  `uid` char(36) COLLATE utf8_unicode_ci NOT NULL DEFAULT '0',
  PRIMARY KEY (`id`),
  UNIQUE KEY `craft_taggroups_name_unq_idx` (`name`),
  UNIQUE KEY `craft_taggroups_handle_unq_idx` (`handle`),
  KEY `craft_taggroups_fieldLayoutId_fk` (`fieldLayoutId`)
) ENGINE=InnoDB AUTO_INCREMENT=2 DEFAULT CHARSET=utf8 COLLATE=utf8_unicode_ci;

--
-- Data for table `craft_taggroups`
--

INSERT INTO `craft_taggroups` (`id`, `name`, `handle`, `fieldLayoutId`, `dateCreated`, `dateUpdated`, `uid`) VALUES
 ('1', 'Default', 'default', '1', '2015-05-15 20:59:41', '2015-05-15 20:59:41', '577277c8-1686-4dc3-8408-5039bc078d80');



DROP TABLE IF EXISTS `craft_tags`;


--
-- Schema for table `craft_tags`
--
CREATE TABLE `craft_tags` (
  `id` int(11) NOT NULL,
  `groupId` int(11) NOT NULL,
  `dateCreated` datetime NOT NULL,
  `dateUpdated` datetime NOT NULL,
  `uid` char(36) COLLATE utf8_unicode_ci NOT NULL DEFAULT '0',
  PRIMARY KEY (`id`),
  KEY `craft_tags_groupId_fk` (`groupId`)
) ENGINE=InnoDB DEFAULT CHARSET=utf8 COLLATE=utf8_unicode_ci;

DROP TABLE IF EXISTS `craft_tasks`;


--
-- Schema for table `craft_tasks`
--
CREATE TABLE `craft_tasks` (
  `id` int(11) NOT NULL AUTO_INCREMENT,
  `root` int(11) unsigned DEFAULT NULL,
  `lft` int(11) unsigned NOT NULL,
  `rgt` int(11) unsigned NOT NULL,
  `level` smallint(6) unsigned NOT NULL,
  `currentStep` int(11) unsigned DEFAULT NULL,
  `totalSteps` int(11) unsigned DEFAULT NULL,
  `status` enum('pending','error','running') COLLATE utf8_unicode_ci DEFAULT NULL,
  `type` varchar(150) COLLATE utf8_unicode_ci NOT NULL,
  `description` varchar(255) COLLATE utf8_unicode_ci DEFAULT NULL,
  `settings` mediumtext COLLATE utf8_unicode_ci,
  `dateCreated` datetime NOT NULL,
  `dateUpdated` datetime NOT NULL,
  `uid` char(36) COLLATE utf8_unicode_ci NOT NULL DEFAULT '0',
  PRIMARY KEY (`id`),
  KEY `craft_tasks_root_idx` (`root`),
  KEY `craft_tasks_lft_idx` (`lft`),
  KEY `craft_tasks_rgt_idx` (`rgt`),
  KEY `craft_tasks_level_idx` (`level`)
) ENGINE=InnoDB AUTO_INCREMENT=77 DEFAULT CHARSET=utf8 COLLATE=utf8_unicode_ci;

DROP TABLE IF EXISTS `craft_templatecachecriteria`;


--
-- Schema for table `craft_templatecachecriteria`
--
CREATE TABLE `craft_templatecachecriteria` (
  `id` int(11) NOT NULL AUTO_INCREMENT,
  `cacheId` int(11) NOT NULL,
  `type` varchar(150) COLLATE utf8_unicode_ci NOT NULL,
  `criteria` text COLLATE utf8_unicode_ci NOT NULL,
  PRIMARY KEY (`id`),
  KEY `craft_templatecachecriteria_cacheId_fk` (`cacheId`),
  KEY `craft_templatecachecriteria_type_idx` (`type`)
) ENGINE=InnoDB AUTO_INCREMENT=230 DEFAULT CHARSET=utf8 COLLATE=utf8_unicode_ci;

DROP TABLE IF EXISTS `craft_templatecacheelements`;


--
-- Schema for table `craft_templatecacheelements`
--
CREATE TABLE `craft_templatecacheelements` (
  `cacheId` int(11) NOT NULL,
  `elementId` int(11) NOT NULL,
  KEY `craft_templatecacheelements_cacheId_fk` (`cacheId`),
  KEY `craft_templatecacheelements_elementId_fk` (`elementId`)
) ENGINE=InnoDB DEFAULT CHARSET=utf8 COLLATE=utf8_unicode_ci;

DROP TABLE IF EXISTS `craft_templatecaches`;


--
-- Schema for table `craft_templatecaches`
--
CREATE TABLE `craft_templatecaches` (
  `id` int(11) NOT NULL AUTO_INCREMENT,
  `cacheKey` varchar(255) COLLATE utf8_unicode_ci NOT NULL,
  `locale` char(12) COLLATE utf8_unicode_ci NOT NULL,
  `path` varchar(255) COLLATE utf8_unicode_ci DEFAULT NULL,
  `expiryDate` datetime NOT NULL,
  `body` mediumtext COLLATE utf8_unicode_ci NOT NULL,
  PRIMARY KEY (`id`),
  KEY `craft_templatecaches_expiryDate_cacheKey_locale_path_idx` (`expiryDate`,`cacheKey`,`locale`,`path`),
  KEY `craft_templatecaches_locale_fk` (`locale`)
) ENGINE=InnoDB AUTO_INCREMENT=102 DEFAULT CHARSET=utf8 COLLATE=utf8_unicode_ci;

DROP TABLE IF EXISTS `craft_tokens`;


--
-- Schema for table `craft_tokens`
--
CREATE TABLE `craft_tokens` (
  `id` int(11) NOT NULL AUTO_INCREMENT,
  `token` char(32) COLLATE utf8_unicode_ci NOT NULL,
  `route` text COLLATE utf8_unicode_ci,
  `usageLimit` tinyint(3) unsigned DEFAULT NULL,
  `usageCount` tinyint(3) unsigned DEFAULT NULL,
  `expiryDate` datetime NOT NULL,
  `dateCreated` datetime NOT NULL,
  `dateUpdated` datetime NOT NULL,
  `uid` char(36) COLLATE utf8_unicode_ci NOT NULL DEFAULT '0',
  PRIMARY KEY (`id`),
  UNIQUE KEY `craft_tokens_token_unq_idx` (`token`),
  KEY `craft_tokens_expiryDate_idx` (`expiryDate`)
) ENGINE=InnoDB DEFAULT CHARSET=utf8 COLLATE=utf8_unicode_ci;

DROP TABLE IF EXISTS `craft_usergroups`;


--
-- Schema for table `craft_usergroups`
--
CREATE TABLE `craft_usergroups` (
  `id` int(11) NOT NULL AUTO_INCREMENT,
  `name` varchar(255) COLLATE utf8_unicode_ci NOT NULL,
  `handle` varchar(255) COLLATE utf8_unicode_ci NOT NULL,
  `dateCreated` datetime NOT NULL,
  `dateUpdated` datetime NOT NULL,
  `uid` char(36) COLLATE utf8_unicode_ci NOT NULL DEFAULT '0',
  PRIMARY KEY (`id`)
) ENGINE=InnoDB DEFAULT CHARSET=utf8 COLLATE=utf8_unicode_ci;

DROP TABLE IF EXISTS `craft_usergroups_users`;


--
-- Schema for table `craft_usergroups_users`
--
CREATE TABLE `craft_usergroups_users` (
  `id` int(11) NOT NULL AUTO_INCREMENT,
  `groupId` int(11) NOT NULL,
  `userId` int(11) NOT NULL,
  `dateCreated` datetime NOT NULL,
  `dateUpdated` datetime NOT NULL,
  `uid` char(36) COLLATE utf8_unicode_ci NOT NULL DEFAULT '0',
  PRIMARY KEY (`id`),
  UNIQUE KEY `craft_usergroups_users_groupId_userId_unq_idx` (`groupId`,`userId`),
  KEY `craft_usergroups_users_userId_fk` (`userId`)
) ENGINE=InnoDB DEFAULT CHARSET=utf8 COLLATE=utf8_unicode_ci;

DROP TABLE IF EXISTS `craft_userpermissions`;


--
-- Schema for table `craft_userpermissions`
--
CREATE TABLE `craft_userpermissions` (
  `id` int(11) NOT NULL AUTO_INCREMENT,
  `name` varchar(255) COLLATE utf8_unicode_ci NOT NULL,
  `dateCreated` datetime NOT NULL,
  `dateUpdated` datetime NOT NULL,
  `uid` char(36) COLLATE utf8_unicode_ci NOT NULL DEFAULT '0',
  PRIMARY KEY (`id`),
  UNIQUE KEY `craft_userpermissions_name_unq_idx` (`name`)
) ENGINE=InnoDB DEFAULT CHARSET=utf8 COLLATE=utf8_unicode_ci;

DROP TABLE IF EXISTS `craft_userpermissions_usergroups`;


--
-- Schema for table `craft_userpermissions_usergroups`
--
CREATE TABLE `craft_userpermissions_usergroups` (
  `id` int(11) NOT NULL AUTO_INCREMENT,
  `permissionId` int(11) NOT NULL,
  `groupId` int(11) NOT NULL,
  `dateCreated` datetime NOT NULL,
  `dateUpdated` datetime NOT NULL,
  `uid` char(36) COLLATE utf8_unicode_ci NOT NULL DEFAULT '0',
  PRIMARY KEY (`id`),
  UNIQUE KEY `craft_userpermissions_usergroups_permissionId_groupId_unq_idx` (`permissionId`,`groupId`),
  KEY `craft_userpermissions_usergroups_groupId_fk` (`groupId`)
) ENGINE=InnoDB DEFAULT CHARSET=utf8 COLLATE=utf8_unicode_ci;

DROP TABLE IF EXISTS `craft_userpermissions_users`;


--
-- Schema for table `craft_userpermissions_users`
--
CREATE TABLE `craft_userpermissions_users` (
  `id` int(11) NOT NULL AUTO_INCREMENT,
  `permissionId` int(11) NOT NULL,
  `userId` int(11) NOT NULL,
  `dateCreated` datetime NOT NULL,
  `dateUpdated` datetime NOT NULL,
  `uid` char(36) COLLATE utf8_unicode_ci NOT NULL DEFAULT '0',
  PRIMARY KEY (`id`),
  UNIQUE KEY `craft_userpermissions_users_permissionId_userId_unq_idx` (`permissionId`,`userId`),
  KEY `craft_userpermissions_users_userId_fk` (`userId`)
) ENGINE=InnoDB DEFAULT CHARSET=utf8 COLLATE=utf8_unicode_ci;

DROP TABLE IF EXISTS `craft_users`;


--
-- Schema for table `craft_users`
--
CREATE TABLE `craft_users` (
  `id` int(11) NOT NULL,
  `username` varchar(100) COLLATE utf8_unicode_ci NOT NULL,
  `photo` varchar(100) COLLATE utf8_unicode_ci DEFAULT NULL,
  `firstName` varchar(100) COLLATE utf8_unicode_ci DEFAULT NULL,
  `lastName` varchar(100) COLLATE utf8_unicode_ci DEFAULT NULL,
  `email` varchar(255) COLLATE utf8_unicode_ci NOT NULL,
  `password` char(255) COLLATE utf8_unicode_ci DEFAULT NULL,
  `preferredLocale` char(12) COLLATE utf8_unicode_ci DEFAULT NULL,
  `weekStartDay` tinyint(1) unsigned NOT NULL DEFAULT '0',
  `admin` tinyint(1) unsigned NOT NULL DEFAULT '0',
  `client` tinyint(1) unsigned NOT NULL DEFAULT '0',
  `locked` tinyint(1) unsigned NOT NULL DEFAULT '0',
  `suspended` tinyint(1) unsigned NOT NULL DEFAULT '0',
  `pending` tinyint(1) unsigned NOT NULL DEFAULT '0',
  `archived` tinyint(1) unsigned NOT NULL DEFAULT '0',
  `lastLoginDate` datetime DEFAULT NULL,
  `lastLoginAttemptIPAddress` varchar(45) COLLATE utf8_unicode_ci DEFAULT NULL,
  `invalidLoginWindowStart` datetime DEFAULT NULL,
  `invalidLoginCount` tinyint(4) unsigned DEFAULT NULL,
  `lastInvalidLoginDate` datetime DEFAULT NULL,
  `lockoutDate` datetime DEFAULT NULL,
  `verificationCode` char(100) COLLATE utf8_unicode_ci DEFAULT NULL,
  `verificationCodeIssuedDate` datetime DEFAULT NULL,
  `unverifiedEmail` varchar(255) COLLATE utf8_unicode_ci DEFAULT NULL,
  `passwordResetRequired` tinyint(1) unsigned NOT NULL DEFAULT '0',
  `lastPasswordChangeDate` datetime DEFAULT NULL,
  `dateCreated` datetime NOT NULL,
  `dateUpdated` datetime NOT NULL,
  `uid` char(36) COLLATE utf8_unicode_ci NOT NULL DEFAULT '0',
  PRIMARY KEY (`id`),
  UNIQUE KEY `craft_users_username_unq_idx` (`username`),
  UNIQUE KEY `craft_users_email_unq_idx` (`email`),
  KEY `craft_users_verificationCode_idx` (`verificationCode`),
  KEY `craft_users_uid_idx` (`uid`),
  KEY `craft_users_preferredLocale_fk` (`preferredLocale`)
) ENGINE=InnoDB DEFAULT CHARSET=utf8 COLLATE=utf8_unicode_ci;

--
-- Data for table `craft_users`
--

INSERT INTO `craft_users` (`id`, `username`, `photo`, `firstName`, `lastName`, `email`, `password`, `preferredLocale`, `weekStartDay`, `admin`, `client`, `locked`, `suspended`, `pending`, `archived`, `lastLoginDate`, `lastLoginAttemptIPAddress`, `invalidLoginWindowStart`, `invalidLoginCount`, `lastInvalidLoginDate`, `lockoutDate`, `verificationCode`, `verificationCodeIssuedDate`, `unverifiedEmail`, `passwordResetRequired`, `lastPasswordChangeDate`, `dateCreated`, `dateUpdated`, `uid`) VALUES
 ('1', 'admin', NULL, NULL, NULL, 'help@louderthanten.com', '$2a$13$w3FJc.FqHbtJgQUT983ocO3srqhQj1a2uQQl0xnZop3CYqlka5u8W', NULL, '0', '1', '0', '0', '0', '0', '0', '2016-05-20 03:53:06', '::1', NULL, NULL, NULL, NULL, NULL, NULL, NULL, '0', '2015-05-15 20:59:38', '2015-05-15 20:59:38', '2016-05-20 03:53:06', '7c194cca-3fdd-48cf-9ebd-7229b1addb2d');



DROP TABLE IF EXISTS `craft_widgets`;


--
-- Schema for table `craft_widgets`
--
CREATE TABLE `craft_widgets` (
  `id` int(11) NOT NULL AUTO_INCREMENT,
  `userId` int(11) NOT NULL,
  `type` varchar(150) COLLATE utf8_unicode_ci NOT NULL,
  `sortOrder` smallint(6) unsigned DEFAULT NULL,
  `colspan` tinyint(4) unsigned DEFAULT NULL,
  `settings` text COLLATE utf8_unicode_ci,
  `enabled` tinyint(1) unsigned NOT NULL DEFAULT '1',
  `dateCreated` datetime NOT NULL,
  `dateUpdated` datetime NOT NULL,
  `uid` char(36) COLLATE utf8_unicode_ci NOT NULL DEFAULT '0',
  PRIMARY KEY (`id`),
  KEY `craft_widgets_userId_fk` (`userId`)
) ENGINE=InnoDB AUTO_INCREMENT=5 DEFAULT CHARSET=utf8 COLLATE=utf8_unicode_ci;

--
-- Data for table `craft_widgets`
--

INSERT INTO `craft_widgets` (`id`, `userId`, `type`, `sortOrder`, `colspan`, `settings`, `enabled`, `dateCreated`, `dateUpdated`, `uid`) VALUES
 ('1', '1', 'RecentEntries', '1', NULL, NULL, '1', '2015-05-15 21:00:47', '2015-05-15 21:00:47', 'b272650d-fe4c-47ee-b2e7-818392f1b8a4'),
 ('2', '1', 'GetHelp', '2', NULL, NULL, '1', '2015-05-15 21:00:47', '2015-05-15 21:00:47', '791b24f8-a5ae-4712-b4df-d3b5620fb194'),
 ('3', '1', 'Updates', '3', NULL, NULL, '1', '2015-05-15 21:00:47', '2015-05-15 21:00:47', '989819ae-efac-43c0-b2ab-ba54ec41336b'),
 ('4', '1', 'Feed', '4', NULL, '{\"url\":\"https:\\/\\/craftcms.com\\/news.rss\",\"title\":\"Craft News\"}', '1', '2015-05-15 21:00:47', '2015-12-11 04:30:43', '6a1cb7d6-c7e4-4230-8667-f7597fbf2e2a');


--
-- Constraints for tables
--


--
-- Constraints for table `craft_assetfiles`
--
ALTER TABLE `craft_assetfiles`
	ADD CONSTRAINT `craft_assetfiles_folderId_fk` FOREIGN KEY (`folderId`) REFERENCES `craft_assetfolders` (`id`) ON DELETE CASCADE,
	ADD CONSTRAINT `craft_assetfiles_id_fk` FOREIGN KEY (`id`) REFERENCES `craft_elements` (`id`) ON DELETE CASCADE,
	ADD CONSTRAINT `craft_assetfiles_sourceId_fk` FOREIGN KEY (`sourceId`) REFERENCES `craft_assetsources` (`id`) ON DELETE CASCADE;

--
-- Constraints for table `craft_assetfolders`
--
ALTER TABLE `craft_assetfolders`
	ADD CONSTRAINT `craft_assetfolders_parentId_fk` FOREIGN KEY (`parentId`) REFERENCES `craft_assetfolders` (`id`) ON DELETE CASCADE,
	ADD CONSTRAINT `craft_assetfolders_sourceId_fk` FOREIGN KEY (`sourceId`) REFERENCES `craft_assetsources` (`id`) ON DELETE CASCADE;

--
-- Constraints for table `craft_assetindexdata`
--
ALTER TABLE `craft_assetindexdata`
	ADD CONSTRAINT `craft_assetindexdata_sourceId_fk` FOREIGN KEY (`sourceId`) REFERENCES `craft_assetsources` (`id`) ON DELETE CASCADE;

--
-- Constraints for table `craft_assetsources`
--
ALTER TABLE `craft_assetsources`
	ADD CONSTRAINT `craft_assetsources_fieldLayoutId_fk` FOREIGN KEY (`fieldLayoutId`) REFERENCES `craft_fieldlayouts` (`id`) ON DELETE SET NULL;

--
-- Constraints for table `craft_categories`
--
ALTER TABLE `craft_categories`
	ADD CONSTRAINT `craft_categories_groupId_fk` FOREIGN KEY (`groupId`) REFERENCES `craft_categorygroups` (`id`) ON DELETE CASCADE,
	ADD CONSTRAINT `craft_categories_id_fk` FOREIGN KEY (`id`) REFERENCES `craft_elements` (`id`) ON DELETE CASCADE;

--
-- Constraints for table `craft_categorygroups`
--
ALTER TABLE `craft_categorygroups`
	ADD CONSTRAINT `craft_categorygroups_fieldLayoutId_fk` FOREIGN KEY (`fieldLayoutId`) REFERENCES `craft_fieldlayouts` (`id`) ON DELETE SET NULL,
	ADD CONSTRAINT `craft_categorygroups_structureId_fk` FOREIGN KEY (`structureId`) REFERENCES `craft_structures` (`id`) ON DELETE CASCADE;

--
-- Constraints for table `craft_categorygroups_i18n`
--
ALTER TABLE `craft_categorygroups_i18n`
	ADD CONSTRAINT `craft_categorygroups_i18n_groupId_fk` FOREIGN KEY (`groupId`) REFERENCES `craft_categorygroups` (`id`) ON DELETE CASCADE,
	ADD CONSTRAINT `craft_categorygroups_i18n_locale_fk` FOREIGN KEY (`locale`) REFERENCES `craft_locales` (`locale`) ON DELETE CASCADE ON UPDATE CASCADE;

--
-- Constraints for table `craft_content`
--
ALTER TABLE `craft_content`
	ADD CONSTRAINT `craft_content_elementId_fk` FOREIGN KEY (`elementId`) REFERENCES `craft_elements` (`id`) ON DELETE CASCADE,
	ADD CONSTRAINT `craft_content_locale_fk` FOREIGN KEY (`locale`) REFERENCES `craft_locales` (`locale`) ON DELETE CASCADE ON UPDATE CASCADE;

--
-- Constraints for table `craft_elements_i18n`
--
ALTER TABLE `craft_elements_i18n`
	ADD CONSTRAINT `craft_elements_i18n_elementId_fk` FOREIGN KEY (`elementId`) REFERENCES `craft_elements` (`id`) ON DELETE CASCADE,
	ADD CONSTRAINT `craft_elements_i18n_locale_fk` FOREIGN KEY (`locale`) REFERENCES `craft_locales` (`locale`) ON DELETE CASCADE ON UPDATE CASCADE;

--
-- Constraints for table `craft_emailmessages`
--
ALTER TABLE `craft_emailmessages`
	ADD CONSTRAINT `craft_emailmessages_locale_fk` FOREIGN KEY (`locale`) REFERENCES `craft_locales` (`locale`) ON DELETE CASCADE ON UPDATE CASCADE;

--
-- Constraints for table `craft_entries`
--
ALTER TABLE `craft_entries`
	ADD CONSTRAINT `craft_entries_authorId_fk` FOREIGN KEY (`authorId`) REFERENCES `craft_users` (`id`) ON DELETE CASCADE,
	ADD CONSTRAINT `craft_entries_id_fk` FOREIGN KEY (`id`) REFERENCES `craft_elements` (`id`) ON DELETE CASCADE,
	ADD CONSTRAINT `craft_entries_sectionId_fk` FOREIGN KEY (`sectionId`) REFERENCES `craft_sections` (`id`) ON DELETE CASCADE,
	ADD CONSTRAINT `craft_entries_typeId_fk` FOREIGN KEY (`typeId`) REFERENCES `craft_entrytypes` (`id`) ON DELETE CASCADE;

--
-- Constraints for table `craft_entrydrafts`
--
ALTER TABLE `craft_entrydrafts`
	ADD CONSTRAINT `craft_entrydrafts_creatorId_fk` FOREIGN KEY (`creatorId`) REFERENCES `craft_users` (`id`) ON DELETE CASCADE,
	ADD CONSTRAINT `craft_entrydrafts_entryId_fk` FOREIGN KEY (`entryId`) REFERENCES `craft_entries` (`id`) ON DELETE CASCADE,
	ADD CONSTRAINT `craft_entrydrafts_locale_fk` FOREIGN KEY (`locale`) REFERENCES `craft_locales` (`locale`) ON DELETE CASCADE ON UPDATE CASCADE,
	ADD CONSTRAINT `craft_entrydrafts_sectionId_fk` FOREIGN KEY (`sectionId`) REFERENCES `craft_sections` (`id`) ON DELETE CASCADE;

--
-- Constraints for table `craft_entrytypes`
--
ALTER TABLE `craft_entrytypes`
	ADD CONSTRAINT `craft_entrytypes_fieldLayoutId_fk` FOREIGN KEY (`fieldLayoutId`) REFERENCES `craft_fieldlayouts` (`id`) ON DELETE SET NULL,
	ADD CONSTRAINT `craft_entrytypes_sectionId_fk` FOREIGN KEY (`sectionId`) REFERENCES `craft_sections` (`id`) ON DELETE CASCADE;

--
-- Constraints for table `craft_entryversions`
--
ALTER TABLE `craft_entryversions`
	ADD CONSTRAINT `craft_entryversions_creatorId_fk` FOREIGN KEY (`creatorId`) REFERENCES `craft_users` (`id`) ON DELETE SET NULL,
	ADD CONSTRAINT `craft_entryversions_entryId_fk` FOREIGN KEY (`entryId`) REFERENCES `craft_entries` (`id`) ON DELETE CASCADE,
	ADD CONSTRAINT `craft_entryversions_locale_fk` FOREIGN KEY (`locale`) REFERENCES `craft_locales` (`locale`) ON DELETE CASCADE ON UPDATE CASCADE,
	ADD CONSTRAINT `craft_entryversions_sectionId_fk` FOREIGN KEY (`sectionId`) REFERENCES `craft_sections` (`id`) ON DELETE CASCADE;

--
-- Constraints for table `craft_fieldlayoutfields`
--
ALTER TABLE `craft_fieldlayoutfields`
	ADD CONSTRAINT `craft_fieldlayoutfields_fieldId_fk` FOREIGN KEY (`fieldId`) REFERENCES `craft_fields` (`id`) ON DELETE CASCADE,
	ADD CONSTRAINT `craft_fieldlayoutfields_layoutId_fk` FOREIGN KEY (`layoutId`) REFERENCES `craft_fieldlayouts` (`id`) ON DELETE CASCADE,
	ADD CONSTRAINT `craft_fieldlayoutfields_tabId_fk` FOREIGN KEY (`tabId`) REFERENCES `craft_fieldlayouttabs` (`id`) ON DELETE CASCADE;

--
-- Constraints for table `craft_fieldlayouttabs`
--
ALTER TABLE `craft_fieldlayouttabs`
	ADD CONSTRAINT `craft_fieldlayouttabs_layoutId_fk` FOREIGN KEY (`layoutId`) REFERENCES `craft_fieldlayouts` (`id`) ON DELETE CASCADE;

--
-- Constraints for table `craft_fields`
--
ALTER TABLE `craft_fields`
	ADD CONSTRAINT `craft_fields_groupId_fk` FOREIGN KEY (`groupId`) REFERENCES `craft_fieldgroups` (`id`) ON DELETE CASCADE;

--
-- Constraints for table `craft_globalsets`
--
ALTER TABLE `craft_globalsets`
	ADD CONSTRAINT `craft_globalsets_fieldLayoutId_fk` FOREIGN KEY (`fieldLayoutId`) REFERENCES `craft_fieldlayouts` (`id`) ON DELETE SET NULL,
	ADD CONSTRAINT `craft_globalsets_id_fk` FOREIGN KEY (`id`) REFERENCES `craft_elements` (`id`) ON DELETE CASCADE;

--
-- Constraints for table `craft_matrixblocks`
--
ALTER TABLE `craft_matrixblocks`
	ADD CONSTRAINT `craft_matrixblocks_fieldId_fk` FOREIGN KEY (`fieldId`) REFERENCES `craft_fields` (`id`) ON DELETE CASCADE,
	ADD CONSTRAINT `craft_matrixblocks_id_fk` FOREIGN KEY (`id`) REFERENCES `craft_elements` (`id`) ON DELETE CASCADE,
	ADD CONSTRAINT `craft_matrixblocks_ownerId_fk` FOREIGN KEY (`ownerId`) REFERENCES `craft_elements` (`id`) ON DELETE CASCADE,
	ADD CONSTRAINT `craft_matrixblocks_ownerLocale_fk` FOREIGN KEY (`ownerLocale`) REFERENCES `craft_locales` (`locale`) ON DELETE CASCADE ON UPDATE CASCADE,
	ADD CONSTRAINT `craft_matrixblocks_typeId_fk` FOREIGN KEY (`typeId`) REFERENCES `craft_matrixblocktypes` (`id`) ON DELETE CASCADE;

--
-- Constraints for table `craft_matrixblocktypes`
--
ALTER TABLE `craft_matrixblocktypes`
	ADD CONSTRAINT `craft_matrixblocktypes_fieldId_fk` FOREIGN KEY (`fieldId`) REFERENCES `craft_fields` (`id`) ON DELETE CASCADE,
	ADD CONSTRAINT `craft_matrixblocktypes_fieldLayoutId_fk` FOREIGN KEY (`fieldLayoutId`) REFERENCES `craft_fieldlayouts` (`id`) ON DELETE SET NULL;

--
-- Constraints for table `craft_matrixcontent_artdirection`
--
ALTER TABLE `craft_matrixcontent_artdirection`
	ADD CONSTRAINT `craft_matrixcontent_artdirection_elementId_fk` FOREIGN KEY (`elementId`) REFERENCES `craft_elements` (`id`) ON DELETE CASCADE,
	ADD CONSTRAINT `craft_matrixcontent_artdirection_locale_fk` FOREIGN KEY (`locale`) REFERENCES `craft_locales` (`locale`) ON DELETE CASCADE ON UPDATE CASCADE;

--
-- Constraints for table `craft_migrations`
--
ALTER TABLE `craft_migrations`
	ADD CONSTRAINT `craft_migrations_pluginId_fk` FOREIGN KEY (`pluginId`) REFERENCES `craft_plugins` (`id`) ON DELETE CASCADE;

--
-- Constraints for table `craft_neoblocks`
--
ALTER TABLE `craft_neoblocks`
	ADD CONSTRAINT `craft_neoblocks_fieldId_fk` FOREIGN KEY (`fieldId`) REFERENCES `craft_fields` (`id`) ON DELETE CASCADE,
	ADD CONSTRAINT `craft_neoblocks_id_fk` FOREIGN KEY (`id`) REFERENCES `craft_elements` (`id`) ON DELETE CASCADE,
	ADD CONSTRAINT `craft_neoblocks_ownerId_fk` FOREIGN KEY (`ownerId`) REFERENCES `craft_elements` (`id`) ON DELETE CASCADE,
	ADD CONSTRAINT `craft_neoblocks_ownerLocale_fk` FOREIGN KEY (`ownerLocale`) REFERENCES `craft_locales` (`locale`) ON DELETE CASCADE ON UPDATE CASCADE,
	ADD CONSTRAINT `craft_neoblocks_typeId_fk` FOREIGN KEY (`typeId`) REFERENCES `craft_neoblocktypes` (`id`) ON DELETE CASCADE;

--
-- Constraints for table `craft_neoblockstructures`
--
ALTER TABLE `craft_neoblockstructures`
	ADD CONSTRAINT `craft_neoblockstructures_fieldId_fk` FOREIGN KEY (`fieldId`) REFERENCES `craft_fields` (`id`) ON DELETE CASCADE,
	ADD CONSTRAINT `craft_neoblockstructures_ownerId_fk` FOREIGN KEY (`ownerId`) REFERENCES `craft_elements` (`id`) ON DELETE CASCADE,
	ADD CONSTRAINT `craft_neoblockstructures_structureId_fk` FOREIGN KEY (`structureId`) REFERENCES `craft_structures` (`id`) ON DELETE CASCADE;

--
-- Constraints for table `craft_neoblocktypes`
--
ALTER TABLE `craft_neoblocktypes`
	ADD CONSTRAINT `craft_neoblocktypes_fieldId_fk` FOREIGN KEY (`fieldId`) REFERENCES `craft_fields` (`id`) ON DELETE CASCADE,
	ADD CONSTRAINT `craft_neoblocktypes_fieldLayoutId_fk` FOREIGN KEY (`fieldLayoutId`) REFERENCES `craft_fieldlayouts` (`id`) ON DELETE SET NULL;

--
-- Constraints for table `craft_neogroups`
--
ALTER TABLE `craft_neogroups`
	ADD CONSTRAINT `craft_neogroups_fieldId_fk` FOREIGN KEY (`fieldId`) REFERENCES `craft_fields` (`id`) ON DELETE CASCADE;

--
-- Constraints for table `craft_relabel`
--
ALTER TABLE `craft_relabel`
	ADD CONSTRAINT `craft_relabel_fieldId_fk` FOREIGN KEY (`fieldId`) REFERENCES `craft_fields` (`id`) ON DELETE CASCADE,
	ADD CONSTRAINT `craft_relabel_fieldLayoutId_fk` FOREIGN KEY (`fieldLayoutId`) REFERENCES `craft_fieldlayouts` (`id`) ON DELETE CASCADE;

--
-- Constraints for table `craft_relations`
--
ALTER TABLE `craft_relations`
	ADD CONSTRAINT `craft_relations_fieldId_fk` FOREIGN KEY (`fieldId`) REFERENCES `craft_fields` (`id`) ON DELETE CASCADE,
	ADD CONSTRAINT `craft_relations_sourceId_fk` FOREIGN KEY (`sourceId`) REFERENCES `craft_elements` (`id`) ON DELETE CASCADE,
	ADD CONSTRAINT `craft_relations_sourceLocale_fk` FOREIGN KEY (`sourceLocale`) REFERENCES `craft_locales` (`locale`) ON DELETE CASCADE ON UPDATE CASCADE,
	ADD CONSTRAINT `craft_relations_targetId_fk` FOREIGN KEY (`targetId`) REFERENCES `craft_elements` (`id`) ON DELETE CASCADE;

--
-- Constraints for table `craft_routes`
--
ALTER TABLE `craft_routes`
	ADD CONSTRAINT `craft_routes_locale_fk` FOREIGN KEY (`locale`) REFERENCES `craft_locales` (`locale`) ON DELETE CASCADE ON UPDATE CASCADE;

--
-- Constraints for table `craft_sections`
--
ALTER TABLE `craft_sections`
	ADD CONSTRAINT `craft_sections_structureId_fk` FOREIGN KEY (`structureId`) REFERENCES `craft_structures` (`id`) ON DELETE SET NULL;

--
-- Constraints for table `craft_sections_i18n`
--
ALTER TABLE `craft_sections_i18n`
	ADD CONSTRAINT `craft_sections_i18n_locale_fk` FOREIGN KEY (`locale`) REFERENCES `craft_locales` (`locale`) ON DELETE CASCADE ON UPDATE CASCADE,
	ADD CONSTRAINT `craft_sections_i18n_sectionId_fk` FOREIGN KEY (`sectionId`) REFERENCES `craft_sections` (`id`) ON DELETE CASCADE;

--
-- Constraints for table `craft_seomatic_meta`
--
ALTER TABLE `craft_seomatic_meta`
	ADD CONSTRAINT `craft_seomatic_meta_id_fk` FOREIGN KEY (`id`) REFERENCES `craft_elements` (`id`) ON DELETE CASCADE,
	ADD CONSTRAINT `craft_seomatic_meta_seoImageId_fk` FOREIGN KEY (`seoImageId`) REFERENCES `craft_assetfiles` (`id`) ON DELETE SET NULL;

--
-- Constraints for table `craft_seomatic_settings`
--
ALTER TABLE `craft_seomatic_settings`
	ADD CONSTRAINT `craft_seomatic_settings_genericCreatorImageId_fk` FOREIGN KEY (`genericCreatorImageId`) REFERENCES `craft_assetfiles` (`id`) ON DELETE SET NULL,
	ADD CONSTRAINT `craft_seomatic_settings_genericOwnerImageId_fk` FOREIGN KEY (`genericOwnerImageId`) REFERENCES `craft_assetfiles` (`id`) ON DELETE SET NULL,
	ADD CONSTRAINT `craft_seomatic_settings_siteSeoImageId_fk` FOREIGN KEY (`siteSeoImageId`) REFERENCES `craft_assetfiles` (`id`) ON DELETE SET NULL;

--
-- Constraints for table `craft_sessions`
--
ALTER TABLE `craft_sessions`
	ADD CONSTRAINT `craft_sessions_userId_fk` FOREIGN KEY (`userId`) REFERENCES `craft_users` (`id`) ON DELETE CASCADE;

--
-- Constraints for table `craft_shunnedmessages`
--
ALTER TABLE `craft_shunnedmessages`
	ADD CONSTRAINT `craft_shunnedmessages_userId_fk` FOREIGN KEY (`userId`) REFERENCES `craft_users` (`id`) ON DELETE CASCADE;

--
-- Constraints for table `craft_structureelements`
--
ALTER TABLE `craft_structureelements`
	ADD CONSTRAINT `craft_structureelements_elementId_fk` FOREIGN KEY (`elementId`) REFERENCES `craft_elements` (`id`) ON DELETE CASCADE,
	ADD CONSTRAINT `craft_structureelements_structureId_fk` FOREIGN KEY (`structureId`) REFERENCES `craft_structures` (`id`) ON DELETE CASCADE;

--
-- Constraints for table `craft_taggroups`
--
ALTER TABLE `craft_taggroups`
	ADD CONSTRAINT `craft_taggroups_fieldLayoutId_fk` FOREIGN KEY (`fieldLayoutId`) REFERENCES `craft_fieldlayouts` (`id`) ON DELETE SET NULL;

--
-- Constraints for table `craft_tags`
--
ALTER TABLE `craft_tags`
	ADD CONSTRAINT `craft_tags_groupId_fk` FOREIGN KEY (`groupId`) REFERENCES `craft_taggroups` (`id`) ON DELETE CASCADE,
	ADD CONSTRAINT `craft_tags_id_fk` FOREIGN KEY (`id`) REFERENCES `craft_elements` (`id`) ON DELETE CASCADE;

--
-- Constraints for table `craft_templatecachecriteria`
--
ALTER TABLE `craft_templatecachecriteria`
	ADD CONSTRAINT `craft_templatecachecriteria_cacheId_fk` FOREIGN KEY (`cacheId`) REFERENCES `craft_templatecaches` (`id`) ON DELETE CASCADE;

--
-- Constraints for table `craft_templatecacheelements`
--
ALTER TABLE `craft_templatecacheelements`
	ADD CONSTRAINT `craft_templatecacheelements_cacheId_fk` FOREIGN KEY (`cacheId`) REFERENCES `craft_templatecaches` (`id`) ON DELETE CASCADE,
	ADD CONSTRAINT `craft_templatecacheelements_elementId_fk` FOREIGN KEY (`elementId`) REFERENCES `craft_elements` (`id`) ON DELETE CASCADE;

--
-- Constraints for table `craft_templatecaches`
--
ALTER TABLE `craft_templatecaches`
	ADD CONSTRAINT `craft_templatecaches_locale_fk` FOREIGN KEY (`locale`) REFERENCES `craft_locales` (`locale`) ON DELETE CASCADE ON UPDATE CASCADE;

--
-- Constraints for table `craft_usergroups_users`
--
ALTER TABLE `craft_usergroups_users`
	ADD CONSTRAINT `craft_usergroups_users_groupId_fk` FOREIGN KEY (`groupId`) REFERENCES `craft_usergroups` (`id`) ON DELETE CASCADE,
	ADD CONSTRAINT `craft_usergroups_users_userId_fk` FOREIGN KEY (`userId`) REFERENCES `craft_users` (`id`) ON DELETE CASCADE;

--
-- Constraints for table `craft_userpermissions_usergroups`
--
ALTER TABLE `craft_userpermissions_usergroups`
	ADD CONSTRAINT `craft_userpermissions_usergroups_groupId_fk` FOREIGN KEY (`groupId`) REFERENCES `craft_usergroups` (`id`) ON DELETE CASCADE,
	ADD CONSTRAINT `craft_userpermissions_usergroups_permissionId_fk` FOREIGN KEY (`permissionId`) REFERENCES `craft_userpermissions` (`id`) ON DELETE CASCADE;

--
-- Constraints for table `craft_userpermissions_users`
--
ALTER TABLE `craft_userpermissions_users`
	ADD CONSTRAINT `craft_userpermissions_users_permissionId_fk` FOREIGN KEY (`permissionId`) REFERENCES `craft_userpermissions` (`id`) ON DELETE CASCADE,
	ADD CONSTRAINT `craft_userpermissions_users_userId_fk` FOREIGN KEY (`userId`) REFERENCES `craft_users` (`id`) ON DELETE CASCADE;

--
-- Constraints for table `craft_users`
--
ALTER TABLE `craft_users`
	ADD CONSTRAINT `craft_users_id_fk` FOREIGN KEY (`id`) REFERENCES `craft_elements` (`id`) ON DELETE CASCADE,
	ADD CONSTRAINT `craft_users_preferredLocale_fk` FOREIGN KEY (`preferredLocale`) REFERENCES `craft_locales` (`locale`) ON DELETE SET NULL ON UPDATE CASCADE;

--
-- Constraints for table `craft_widgets`
--
ALTER TABLE `craft_widgets`
	ADD CONSTRAINT `craft_widgets_userId_fk` FOREIGN KEY (`userId`) REFERENCES `craft_users` (`id`) ON DELETE CASCADE;

SET FOREIGN_KEY_CHECKS = 1;
